product_id,product_name,category,sub_category,total_units_sold,total_revenue,orders_count
10002,INFLATABLE POLITICAL GLOBE,Home & Living,General,8836,7097.9,362
10002R,ROBOT PENCIL SHARPNER,Home & Living,General,4,20.57,3
10080,GROOVY CACTUS INFLATABLE,Home & Living,General,315,129.29,27
10109,BENDY COLOUR PENCILS,Home & Living,General,4,1.68,1
10120,DOGGY RUBBER,Home & Living,General,680,146.1,73
10123C,HEARTS WRAPPING TAPE,Gifts,Wrap,654,257.01,63
10123G,ARMY CAMO WRAPPING TAPE,Gifts,Wrap,2251,165.56,16
10124A,SPOTS ON RED BOOKCOVER TAPE,Home & Living,General,62,26.04,18
10124G,ARMY CAMO BOOKCOVER TAPE,Home & Living,General,38,16.38,10
10125,MINI FUNKY DESIGN TAPES,Home & Living,General,2151,1758.2,167
10133,COLOURING PENCILS BROWN TUBE,Home & Living,General,3882,2407.59,289
10134,COLOURING PENCILS BROWN TUBE,Home & Living,General,627,723.63,52
10135,COLOURING PENCILS BROWN TUBE,Home & Living,General,4273,4642.6,324
10138,ASSORTED COLOUR JUMBO PEN,Home & Living,General,261,111.22,21
11001,ASSTD DESIGN RACING CAR PEN,Home & Living,General,4885,7509.97,251
15030,FAN BLACK FRAME,Home & Living,Frame,254,73.66,26
15034,PAPER POCKET TRAVELING FAN,Accessories,Travel,10266,1434.21,255
15036,ASSORTED COLOURS SILK FAN,Home & Living,General,44365,33041.55,991
15039,SANDALWOOD FAN,Home & Living,General,5119,4361.73,306
15044A,PINK PAPER PARASOL,Home & Living,General,4970,13228.55,250
15044B,BLUE PAPER PARASOL,Home & Living,General,1673,4655.94,189
15044C,PURPLE PAPER PARASOL,Home & Living,General,973,3050.88,231
15044D,RED PAPER PARASOL,Home & Living,General,1598,4568.51,227
15056BL,EDWARDIAN PARASOL BLACK,Home & Living,General,9646,48101.89,857
15056N,EDWARDIAN PARASOL NATURAL,Home & Living,General,11370,58427.59,1033
15056P,EDWARDIAN PARASOL PINK,Home & Living,General,2529,12497.32,344
15056bl,EDWARDIAN PARASOL BLACK,Home & Living,General,126,1583.52,87
15056n,EDWARDIAN PARASOL NATURAL,Home & Living,General,180,2259.44,116
15056p,EDWARDIAN PARASOL PINK,Home & Living,General,50,628.72,38
15058A,BLUE WHITE SPOTS GARDEN PARASOL,Home & Living,Garden,476,3153.73,148
15058B,PINK WHITE SPOTS GARDEN PARASOL,Home & Living,Garden,438,3327.67,156
15058C,ICE CREAM DESIGN GARDEN PARASOL,Home & Living,Garden,470,2753.72,122
15059A,ENGLISH ROSE EDWARDIAN PARASOL,Home & Living,General,509,1567.0,4
15060B,FAIRY CAKE DESIGN UMBRELLA,Accessories,Umbrella,1438,6558.58,449
15060b,FAIRY CAKE DESIGN UMBRELLA,Accessories,Umbrella,5,41.81,5
16008,SMALL FOLDING SCISSOR(POINTED EDGE),Home & Living,General,3143,423.46,85
16010,FOLDING CAMPING SCISSOR W/KNIF & S,Home & Living,General,44,5.28,4
16011,ANIMAL STICKERS,Home & Living,General,3906,819.06,112
16012,FOOD/DRINK SPUNGE STICKERS,Home & Living,General,2973,623.13,83
16014,SMALL CHINESE STYLE SCISSOR,Home & Living,General,30370,9839.4,93
16015,MEDIUM CHINESE STYLE SCISSOR,Home & Living,General,1573,711.88,65
16016,LARGE CHINESE STYLE SCISSOR,Home & Living,General,2338,1891.1,106
16020C,CLEAR STATIONERY BOX SET,Gifts,Box,160,134.5,39
16033,MINI HIGHLIGHTER PENS,Home & Living,General,15121,1544.52,50
16043,POP ART PUSH DOWN RUBBER,Home & Living,General,2145,180.3,13
16044,POP-ART FLUORESCENT PENS,Home & Living,General,6193,389.22,3
16045,POPART WOODEN PENCILS ASST,Home & Living,General,9312,429.44,74
16046,TEATIME PEN CASE & PENS,Accessories,Case,10061,1227.75,59
16047,POP ART PEN CASE & PENS,Accessories,Case,10614,1056.4,31
16048,TEATIME ROUND PENCIL SHARPENER,Home & Living,General,3462,537.18,105
16049,TEATIME GEL PENS ASST,Home & Living,General,3169,560.48,32
16050,TEATIME PENCIL WITH RUBBER,Home & Living,General,151,46.45,8
16051,TEATIME PENCIL W STAMP ASST,Home & Living,General,941,84.69,4
16052,TEATIME PUSH DOWN RUBBER,Home & Living,General,850,283.0,35
16053,POPART COL BALLPOINT PEN ASST,Home & Living,General,4313,185.73,10
16054,POPART RECT PENCIL SHARPENER ASST,Home & Living,General,1210,159.0,39
16119,FUNKY GIRL ADDRESS BOOK,Home & Living,General,273,130.71,8
16151A,FLOWER DES BLUE HANDBAG/ORANG HANDL,Home & Living,General,52,72.5,5
16156L,"WRAP, CAROUSEL",Gifts,Wrap,950,399.0,36
16156N,"WRAP, FRIENDSHIP ON GREEN",Gifts,Wrap,1475,619.5,56
16156S,WRAP PINK FAIRY CAKES,Gifts,Wrap,16761,6600.62,419
16161C,WRAP SPEED DEMONS,Gifts,Wrap,450,45.0,2
16161E,WRAP BOUDOIR,Gifts,Wrap,750,75.0,9
16161G,WRAP BAD HAIR DAY,Gifts,Wrap,975,97.5,33
16161M,WRAP  PINK FLOCK,Gifts,Wrap,1075,449.5,39
16161P,WRAP ENGLISH ROSE,Gifts,Wrap,13298,5477.4,440
16161U,"WRAP,SUKI AND FRIENDS",Gifts,Wrap,10076,4105.92,318
16162L,THE KING GIFT BAG,Gifts,Gift,8101,570.43,30
16162M,THE KING GIFT BAG 25x24x12cm,Gifts,Gift,88,36.96,13
16168M,FUNKY MONKEY GIFT BAG MEDIUM,Gifts,Gift,1713,525.01,101
16168S,FUNKY MONKEY GIFT BAG SMALL,Gifts,Gift,1283,126.83,11
16169A,WRAP CHRISTMAS DECOUPAGE,Gifts,Wrap,25,10.5,1
16169C,WRAP BLUE REINDEER,Gifts,Wrap,1350,567.0,43
16169D,WRAP WINTER FOREST,Gifts,Wrap,250,105.0,9
16169E,WRAP 50'S  CHRISTMAS,Gifts,Wrap,4563,1892.46,149
16169F,WRAP BLIZZARD,Gifts,Wrap,975,409.5,34
16169G,WRAP ROMANTIC DECOUPAGE,Gifts,Wrap,25,10.5,1
16169K,WRAP FOLK ART,Gifts,Wrap,2100,669.25,60
16169M,WRAP DAISY CARPET,Gifts,Wrap,2060,640.95,59
16169N,WRAP BLUE RUSSIAN FOLKART,Gifts,Wrap,2050,636.75,56
16169P,WRAP GREEN RUSSIAN FOLKART,Gifts,Wrap,1750,533.75,48
16192,PINK BALLET OPENING CUBE BOX,Gifts,Box,3,12.9,1
16201A,PASTEL PINK PHOTO ALBUM,Home & Living,General,101,213.37,9
16201B,PASTEL BLUE PHOTO ALBUM,Home & Living,General,34,81.1,5
16202A,PASTEL PINK PHOTO ALBUM,Home & Living,General,663,296.0,21
16202B,PASTEL BLUE PHOTO ALBUM,Home & Living,General,1039,528.56,22
16202C,BEIGE PHOTO ALBUM,Home & Living,General,97,230.59,12
16202E,BLACK PHOTO ALBUM,Home & Living,General,82,162.73,14
16206B,RED PURSE WITH PINK HEART,Gifts,Heart,96,116.4,16
16207A,PINK STRAWBERRY HANDBAG,Home & Living,General,143,423.53,76
16207B,PINK HEART RED HANDBAG,Gifts,Heart,265,457.65,46
16212,FUNKY GIRLZ ASST MAGNETIC MEMO PAD,Home & Living,General,375,292.86,37
16215,FUNKY GIRLZ MAGNETIC TO DO LIST,Home & Living,General,8,5.2,3
16216,LETTER SHAPE PENCIL SHARPENER,Home & Living,General,4158,371.64,88
16218,CARTOON  PENCIL SHARPENERS,Home & Living,General,4632,454.52,98
16219,HOUSE SHAPE PENCIL SHARPENER,Home & Living,General,3358,501.25,128
16225,RATTLE SNAKE EGGS,Home & Living,General,1530,1298.93,165
16235,RECYCLED PENCIL WITH RABBIT ERASER,Home & Living,General,5943,1362.27,310
16236,KITTY PENCIL ERASERS,Home & Living,General,2666,599.31,260
16237,SLEEPING CAT ERASERS,Home & Living,General,10938,2337.66,580
16238,PARTY TIME PENCIL ERASERS,Home & Living,General,2525,580.1,236
16239,BALLERINA HEART DECORATION.,Gifts,Heart,347,492.17,21
16243B,BROWN COZY SQUARE PHOTO ALBUM,Home & Living,General,212,441.77,8
16244A,MAXWELL 2 TONE PINK 60 PAGE PHOTO A,Home & Living,General,186,479.41,28
16244B,MAXWELL 2 TONE BLUE 60 PAGE PHOTO A,Home & Living,General,345,765.02,28
16245A,PINK MINI STATIONERY SET W CASE,Accessories,Case,11,13.75,7
16248B,BLUE HOLE PUNCH,Home & Living,General,82,102.5,12
16254,TRANSPARENT ACRYLIC TAPE DISPENSER,Home & Living,General,941,305.66,40
16256B,FLOWER PENCIL/RUBBER+5 MINI PENCILS,Home & Living,General,524,232.35,35
16256C,HEARTS PENCIL/RUBBER+5 MINI PENCILS,Gifts,Heart,169,70.98,10
16258A,SWIRLY CIRCULAR RUBBERS IN BAG,Accessories,Bag,1080,384.33,101
16258B,DAISY ERASERS IN BAG,Accessories,Bag,1017,221.48,15
16259,PIECE OF CAMO STATIONERY SET,Home & Living,General,5473,766.09,55
17001,HEAVENS SCENT FRAGRANCE OILS ASSTD,Home & Living,General,1211,299.35,23
17003,BROCADE RING PURSE,Accessories,Purse,71430,14959.19,456
17007B,S/3 POT POURI CUSHIONS BLUE COLOURS,Home & Living,Cushion,46,96.6,6
17011A,ORIGAMI VANILLA INCENSE+FLOWER,Home & Living,General,261,179.56,12
17011B,ORIGAMI JASMINE INCENSE+FLOWER,Home & Living,General,19,11.1,2
17011C,ORIGAMI LAVENDER INCENSE+FLOWER,Home & Living,General,335,221.4,2
17011D,ORIGAMI ROSE INCENSE+FLOWER,Home & Living,General,209,135.7,4
17011E,ORIGAMI OPIUM SCENT INCENSE+FLOWER,Home & Living,General,124,80.6,1
17011F,ORIGAMI SANDLEWOOD INCENSE+FLOWER,Home & Living,General,386,340.41,20
17012A,ORIGAMI VANILLA INCENSE/CANDLE SET,Home & Living,Candle,731,818.71,95
17012B,ORIGAMI JASMINE INCENSE/CANDLE SET,Home & Living,Candle,728,885.02,126
17012C,ORIGAMI LAVENDER INCENSE/CANDL SET,Home & Living,General,862,965.5,113
17012D,ORIGAMI ROSE INCENSE/CANDLE SET,Home & Living,Candle,524,667.14,116
17012E,ORIGAMI OPIUM INCENSE/CANDLE SET,Home & Living,Candle,294,326.36,29
17012F,ORIGAMI SANDLEWOOD INCENSE/CAND SET,Home & Living,General,591,693.2,107
17013B,ORIGAMI JASMINE INCENSE IN TUBE,Home & Living,General,256,221.03,3
17013C,ORIGAMI LAVENDER INCENSE IN TUBE,Home & Living,General,213,89.46,2
17013D,ORIGAMI ROSE INCENSE IN TUBE,Home & Living,General,1069,575.76,31
17013F,ORIGAMI SANDLEWOOD INCENSE IN TUBE,Home & Living,General,62,26.7,5
17014A,ORIGAMI VANILLA INCENSE CONES,Home & Living,General,277,173.49,16
17014C,ORIGAMI LAVENDER INCENSE CONES,Home & Living,General,97,43.75,2
17014D,ORIGAMI ROSE INCENSE CONES,Home & Living,General,479,204.36,8
17014E,ORIGAMI OPIUM INCENSE CONES,Home & Living,General,95,36.6,6
17014F,ORIGAMI SANDLEWOOD INCENSE CONES,Home & Living,General,61,23.7,4
17021,NAMASTE SWAGAT INCENSE,Home & Living,General,4436,1163.04,76
17027A,INCENSE BAZAAR CANNABIS,Home & Living,General,228,84.84,2
17028J,INCENSE BAZAAR PEACH,Home & Living,General,6,2.52,1
17033,"BROCADE PURSE,SMALL ARCH BUTTON",Accessories,Purse,3280,867.84,69
17038,PORCELAIN BUDAH INCENSE HOLDER,Home & Living,Holder,2659,261.51,55
17039,INLAID WOOD INCENSE HOLDER,Home & Living,Holder,3707,837.88,43
17061,ASSORTED SHAPED STENCIL FOR HENNA,Home & Living,General,52,2.08,1
17084A,TRANQUILITY MASALA INCENSE,Home & Living,General,442,92.82,18
17084G,MOON INCENSE,Home & Living,General,50,10.5,2
17084J,LOVE POTION MASALA INCENSE,Home & Living,Pot,481,101.01,20
17084N,FAIRY DREAMS INCENSE,Home & Living,General,2798,647.66,187
17084P,DRAGONS BLOOD INCENSE,Home & Living,General,1041,233.68,70
17084R,ASSORTED INCENSE PACK,Home & Living,General,12137,2213.97,66
17090A,LAVENDER INCENSE 40 CONES IN TIN,Home & Living,Tin,215,220.75,26
17090D,VANILLA INCENSE 40 CONES IN TIN,Home & Living,Tin,95,113.95,28
17091A,LAVENDER INCENSE IN TIN,Home & Living,Tin,2096,1298.77,117
17091B,JASMINE TEA INCENSE IN TIN,Home & Living,Tin,282,324.48,51
17091F,SANDALWOOD INCENSE IN TIN,Home & Living,Tin,19,27.71,8
17091J,VANILLA INCENSE IN TIN,Home & Living,Tin,4086,2297.99,178
17096,ASSORTED LAQUERED INCENSE HOLDERS,Home & Living,Holder,6243,1117.94,76
17107D,"FLOWER FAIRY,5 SUMMER B'DRAW LINERS",Home & Living,General,336,856.8,86
17108D,FLOWER FAIRY SUMMER BOUQUET SACHET,Home & Living,General,355,149.1,23
17109A,FLOWER FAIRY INCENSE LILY,Home & Living,General,709,333.61,13
17109B,FLOWER FAIRY INCENSE LAVENDER,Home & Living,General,4542,896.34,17
17109C,FLOWER FAIRY INCENSE ROSE,Home & Living,General,3124,661.23,15
17109D,FLOWER FAIRY INCENSE BOUQUET,Home & Living,General,1260,603.38,38
17129C,SKY BLUE COLOUR GLASS GEMS IN BAG,Accessories,Bag,87,58.83,11
17129D,CLEAR COLOUR GLASS GEMS IN BAG,Accessories,Bag,1125,1351.18,39
17129F,DEEP BLUE GLASS GEMS IN BAG,Accessories,Bag,1584,1691.22,145
17136A,BLUE STONES ON WIRE FOR CANDLE,Home & Living,Candle,795,65.94,34
17164B,ASS COL SMALL SAND GECKO P'WEIGHT,Home & Living,General,1632,651.6,81
17164D,ASS COL SMALL SAND FROG P'WEIGHT,Home & Living,General,1159,450.78,28
17165B,ASS COL LARGE SAND GECKO P'WEIGHT,Home & Living,General,813,754.83,57
17165D,ASS COL LARGE SAND FROG P'WEIGHT,Home & Living,General,723,689.67,89
17174,ASSTD RASTA KEY-CHAINS,Home & Living,General,36,15.12,7
17178,FLAT PALM T-LIGHT HOLDER,Electronics,Light,133,156.65,24
17181,CIRCLE OF FRIENDS CANDLE HOLDER,Home & Living,Candle,354,645.21,65
17191A,ROSE FLOWER CANDLE+INCENSE 16X16CM,Home & Living,Candle,33,123.75,12
18007,ESSENTIAL BALM 3.5g TIN IN ENVELOPE,Home & Living,Tin,11424,1048.76,72
18010,ASSORTED FRAGRANCE BATH CONFETTI,Home & Living,General,64,30.16,9
18094C,WHITE/BLUE RECT CERAMIC OIL BURNER,Home & Living,General,446,616.91,98
18096C,WHITE ROUND PORCELAIN TLIGHT HOLDER,Home & Living,Holder,123,314.0,20
18096c,WHITE ROUND PORCELAIN TLIGHT HOLDER,Home & Living,Holder,8,41.14,6
18097A,PINK TALL PORCELAIN T-LIGHT HOLDER,Electronics,Light,19,48.45,12
18097B,BLUE TALL PORCELAIN T-LIGHT HOLDER,Electronics,Light,7,17.85,3
18097C,WHITE TALL PORCELAIN T-LIGHT HOLDER,Electronics,Light,1818,4067.68,211
18098A,PINK PORCELAIN B'FLY OIL BURNER,Home & Living,General,2,5.9,2
18098B,BLUE PORCELAIN B'FLY OIL BURNER,Home & Living,General,3,8.85,3
18098C,PORCELAIN BUTTERFLY OIL BURNER,Home & Living,General,1264,3375.76,236
18098c,PORCELAIN BUTTERFLY OIL BURNER,Home & Living,General,332,1682.01,135
20615,BLUE SPOTTY PASSPORT COVER,Home & Living,General,647,1111.47,195
20616,CHERRY BLOSSOM PASSPORT COVER,Home & Living,General,287,461.88,121
20617,FIRST CLASS PASSPORT COVER,Home & Living,General,499,997.2,105
20618,QUEEN OF THE SKIES PASSPORT COVER,Home & Living,General,299,652.74,137
20619,TROPICAL PASSPORT COVER,Home & Living,General,580,1020.73,194
20620,RED SPOTTY PASSPORT COVER,Home & Living,General,15,61.76,14
20621,ECONOMY PASSPORT COVER,Home & Living,General,208,453.77,33
20622,VIPPASSPORT COVER,Home & Living,General,590,1152.83,128
20652,BLUE SPOTTY LUGGAGE TAG,Home & Living,General,1525,1041.06,172
20653,CHERRY BLOSSOM LUGGAGE TAG,Home & Living,General,2006,533.79,81
20654,FIRST CLASS LUGGAGE TAG,Home & Living,General,400,507.91,120
20655,QUEEN OF SKIES LUGGAGE TAG,Home & Living,General,421,619.75,189
20657,TROPICAL LUGGAGE TAG,Home & Living,General,1879,728.97,118
20658,RED SPOTTY LUGGAGE TAG,Home & Living,General,1623,2308.93,353
20659,ECONOMY LUGGAGE TAG,Home & Living,General,374,539.76,138
20660,VIP LUGGAGE TAG,Home & Living,General,73,91.25,26
20661,BLUE SPOTTY PURSE,Accessories,Purse,900,985.96,123
20662,FIRST CLASS HOLIDAY PURSE,Accessories,Purse,730,476.35,49
20663,QUEEN OF THE SKIES HOLIDAY PURSE,Accessories,Purse,1076,374.43,44
20664,TROPICAL HOLIDAY PURSE,Accessories,Purse,57,155.41,31
20665,RED SPOTTY PURSE,Accessories,Purse,1368,4377.37,348
20666,ECONOMY HOLIDAY PURSE,Accessories,Purse,911,412.45,46
20667,CHERRY BLOSSOM PURSE,Accessories,Purse,40,108.69,24
20668,DISCO BALL CHRISTMAS DECORATION,Gifts,Christmas,21916,2570.81,367
20669,RED HEART LUGGAGE TAG,Gifts,Heart,824,1153.2,214
20670,VIP HOLIDAY PURSE,Accessories,Purse,694,378.85,48
20671,BLUE TEATIME PRINT BOWL,Gifts,Bow,797,1052.47,143
20672,PINK TEATIME PRINT BOWL,Gifts,Bow,138,201.0,36
20673,STRAWBERRIES PRINT BOWL,Gifts,Bow,5,6.25,2
20674,GREEN SPOTTY BOWL,Gifts,Bow,3462,4414.8,463
20675,BLUE SPOTTY BOWL,Gifts,Bow,6573,8190.41,693
20676,RED SPOTTY BOWL,Gifts,Bow,10674,13346.66,966
20677,PINK SPOTTY BOWL,Gifts,Bow,7907,9959.89,760
20678,LARGE BLACK DIAMANTE HAIRSLIDE,Home & Living,General,4,6.6,1
20679,EDWARDIAN PARASOL RED,Home & Living,General,6259,30667.32,715
20680,PINK FLOWERS CHILDS UMBRELLA,Accessories,Umbrella,6,19.5,4
20681,PINK SPOTTY CHILDS UMBRELLA,Accessories,Umbrella,1436,4882.54,341
20682,RED SPOTTY CHILDS UMBRELLA,Accessories,Umbrella,3131,10414.78,589
20683,RAIN GIRL CHILDS UMBRELLA,Accessories,Umbrella,1,3.25,1
20684,STRAWBERRY DREAM CHILDS UMBRELLA,Accessories,Umbrella,585,1936.87,176
20685,RED SPOTTY COIR DOORMAT,Home & Living,General,9974,67859.56,1725
20686,DOLLY MIXTURE CHILDREN'S UMBRELLA,Accessories,Umbrella,605,2069.19,186
20688,BEAUTY SPEED EXPRESSO CUPS,Home & Living,Cup,464,332.9,11
20689,RETRO SISTERS EXPRESSO CUPS,Home & Living,Cup,430,620.05,41
20692,FLORAL ELEPHANT SOFT TOY,Gifts,Toy,912,3699.76,139
20693,FLORAL DINOSAUR GREEN,Home & Living,General,33,161.89,18
20694,FLORAL PINK MONSTER,Home & Living,General,167,626.08,54
20695,FLORAL BLUE MONSTER,Home & Living,General,143,608.83,61
20696,FLORAL SOFT CAR TOY,Gifts,Toy,153,633.18,60
20697,LITTLE GREEN MONSTER SOFT TOY,Gifts,Toy,44,106.8,21
20698,LITTLE PINK MONSTER SOFT TOY,Gifts,Toy,47,114.45,21
20699,MOUSEY LONG LEGS SOFT TOY,Gifts,Toy,301,828.36,88
20700,GREEN CAT FLORAL CUSHION COVER,Home & Living,Cushion,421,1135.22,103
20701,PINK CAT FLORAL CUSHION COVER,Home & Living,Cushion,353,721.49,50
20702,PINK PADDED MOBILE,Home & Living,General,803,3385.95,245
20703,BLUE PADDED SOFT MOBILE,Home & Living,General,475,2010.47,169
20704,MR ROBOT SOFT TOY,Gifts,Toy,361,1371.42,80
20705,MRS ROBOT SOFT TOY,Gifts,Toy,273,996.19,53
20707,CRAZY DAISY HEART DECORATION,Gifts,Heart,1616,1248.69,199
20711,JUMBO BAG TOYS,Gifts,Toy,12838,26186.9,1052
20712,JUMBO BAG WOODLAND ANIMALS,Accessories,Bag,17957,38029.89,1415
20713,JUMBO BAG OWLS,Accessories,Bag,21199,41390.09,1314
20714,POSY SHOPPER BAG,Accessories,Bag,1580,649.82,28
20715,LITTLE FLOWER SHOPPER BAG,Accessories,Bag,400,424.0,1
20716,PARTY FOOD SHOPPER BAG,Accessories,Bag,1539,1935.06,246
20717,STRAWBERRY SHOPPER BAG,Accessories,Bag,6342,7840.98,757
20718,RED SPOTTY SHOPPER BAG,Accessories,Bag,13489,17740.0,1213
20719,WOODLAND CHARLOTTE BAG,Accessories,Bag,24945,28287.32,1573
20721,OWLS CHARLOTTE BAG,Accessories,Bag,1,0.85,1
20723,STRAWBERRY CHARLOTTE BAG,Accessories,Bag,18485,20677.62,1379
20724,RED SPOTTY CHARLOTTE BAG,Accessories,Bag,32487,35595.63,2035
20725,LUNCH BAG RED SPOTTY,Accessories,Bag,40942,72292.85,3056
20726,LUNCH BAG WOODLAND,Accessories,Bag,22341,38949.73,1926
20727,LUNCH BAG  BLACK SKULL.,Accessories,Bag,27126,46422.49,2351
20728,LUNCH BAG CARS BLUE,Accessories,Bag,24892,42784.74,2067
20729,RED SPOTTY CANDY BAG,Accessories,Bag,5262,1778.12,121
20730,STRAWBERRY CANDY BAG,Accessories,Bag,2218,1011.7,102
20731,POSY CANDY BAG,Accessories,Bag,4143,1254.17,73
20733,GOLD MINI TAPE MEASURE,Home & Living,General,1961,1481.1,294
20734,SILVER MINI TAPE MEASURE,Home & Living,General,1598,1485.68,117
20735,BLACK MINI TAPE MEASURE,Home & Living,General,1545,1589.03,202
20736,PINK MINI TAPE MEASURE,Home & Living,General,291,234.35,19
20737,RED MINI TAPE MEASURE,Home & Living,General,1,1.7,1
20738,GREEN MINI TAPE MEASURE,Home & Living,General,1610,1301.72,74
20739,*USB Office Glitter Lamp,Electronics,Lamp,1,8.65,1
20747,PICCADILLY TEA SET,Home & Living,General,684,9239.87,108
20748,KENSINGTON COFFEE SET,Home & Living,General,1604,14317.98,183
20749,ASSORTED COLOUR MINI CASES,Accessories,Case,3156,22806.51,766
20750,RED/WHITE DOT MINI CASES,Accessories,Case,3777,27562.87,909
20751,FUNKY WASHING UP GLOVES ASSORTED,Accessories,Glove,2941,6241.68,471
20752,RETRO BLUE SPOTTY WASHING UP GLOVES,Accessories,Glove,1536,2960.68,358
20753,RETRO PINK SPOT WASHING UP GLOVES,Accessories,Glove,218,509.0,56
20754,RETRO RED SPOTTY WASHING UP GLOVES,Accessories,Glove,5159,10608.75,852
20755,BLUE PAISLEY POCKET BOOK,Home & Living,General,5162,1105.8,122
20756,GREEN FERN POCKET BOOK,Home & Living,General,5734,856.66,64
20757,RED DAISY POCKET BOOK,Home & Living,General,5375,914.5,78
20758,ABSTRACT CIRCLES POCKET BOOK,Home & Living,General,5441,967.02,95
20759,CHRYSANTHEMUM POCKET BOOK,Home & Living,General,5782,895.38,63
20760,GARDEN PATH POCKET BOOK,Home & Living,Garden,5555,1317.91,81
20761,BLUE PAISLEY SKETCHBOOK,Home & Living,General,470,1475.2,146
20762,GREEN FERN SKETCHBOOK,Home & Living,General,466,1381.53,136
20763,DAISY SKETCHBOOK,Home & Living,General,269,714.23,74
20764,ABSTRACT CIRCLES SKETCHBOOK,Home & Living,General,692,2161.01,193
20765,CHRYSANTHEMUM SKETCHBOOK,Home & Living,General,452,1302.56,146
20766,GARDEN PATH SKETCHBOOK,Home & Living,Garden,525,1578.59,155
20767,BLUE PAISLEY JOURNAL,Home & Living,General,819,1759.46,179
20768,GREEN FERN JOURNAL,Home & Living,General,771,1544.39,149
20769,DAISY JOURNAL,Home & Living,General,442,819.01,79
20770,ABSTRACT CIRCLE JOURNAL,Home & Living,General,1056,2218.36,201
20771,CHRYSANTHEMUM  JOURNAL,Home & Living,General,629,1229.73,140
20772,GARDEN PATH JOURNAL,Home & Living,Garden,975,1866.5,161
20773,BLUE PAISLEY NOTEBOOK,Home & Living,General,3357,993.68,117
20774,GREEN FERN NOTEBOOK,Home & Living,General,3493,977.33,119
20775,DAISY NOTEBOOK,Home & Living,General,3611,939.8,112
20776,ABSTRACT CIRCLES NOTEBOOK,Home & Living,General,3259,834.31,84
20777,CHRYSANTHEMUM NOTEBOOK,Home & Living,General,3669,1280.97,169
20778,GARDEN PATH NOTEBOOK,Home & Living,Garden,3616,952.61,90
20780,BLACK EAR MUFF HEADPHONES,Home & Living,General,249,1428.23,98
20781,GOLD EAR MUFF HEADPHONES,Home & Living,General,110,611.28,61
20782,CAMOUFLAGE EAR MUFF HEADPHONES,Home & Living,General,171,1105.44,87
20783,HEART EAR MUFF HEADPHONES,Gifts,Heart,166,1056.89,55
20784,RED RETRO BAR STOOL,Home & Living,General,101,3570.87,37
20785,FUSCHIA RETRO BAR STOOL,Home & Living,General,102,3672.35,36
20786,BLACK RETRO BAR STOOL,Home & Living,General,99,3533.9,31
20787,BLUE RETRO BAR STOOL,Home & Living,General,69,2535.1,30
20791,BLUE TILED SET OF 3 DRAWERS,Home & Living,Drawer,5,63.75,1
20793,BLUE TILED TRAY,Home & Living,General,281,518.5,22
20794,BLUE  TILE HOOK,Home & Living,General,213,596.08,48
20795,LARGE BLUE PROVENCAL CERAMIC BALL,Home & Living,General,135,308.7,29
20796,SMALL BLUE PROVENCAL CERAMIC BALL,Home & Living,General,99,182.16,22
20798,CLEAR MILKSHAKE GLASS,Home & Living,Glass,569,1345.95,83
20799,PINK MILKSHAKE GLASS,Home & Living,Glass,200,355.33,26
20800,LARGE GLASS SUNDAE DISH CLEAR,Home & Living,Glass,1005,303.96,5
20801,LARGE PINK GLASS SUNDAE DISH,Home & Living,Glass,1096,1437.22,111
20802,SMALL GLASS SUNDAE DISH CLEAR,Home & Living,Glass,1067,1630.05,116
20803,SMALL PINK GLASS SUNDAE DISH,Home & Living,Glass,1166,903.5,84
20804,GLASS CHICKEN BUTTER DISH,Home & Living,Glass,333,592.51,61
20812,EMBOSSED FLOWER TRELLIS PHOTO FRAME,Home & Living,Frame,5,12.75,3
20814,SILVER FINCH DECORATION,Gifts,Decoration,189,208.89,13
20816,GOLD FLOWER CUSHION COVER,Home & Living,Cushion,24,123.6,7
20818,GOLD TEDDY BEAR,Gifts,Teddy,87,268.5,30
20819,SILVER TEDDY BEAR,Gifts,Teddy,229,635.24,65
20820,SILVER LOOKING MIRROR,Accessories,Mirror,14,69.3,8
20821,GOLDIE LOOKING MIRROR,Accessories,Mirror,42,286.42,25
20822,SILVER WINE GOBLET,Home & Living,General,2,9.3,1
20823,GOLD WINE GOBLET,Home & Living,General,261,555.47,19
20825,GOLD WINE GLASS,Home & Living,Glass,361,1255.08,7
20826,SILVER APERITIF GLASS,Home & Living,Glass,355,290.72,14
20827,GOLD APERITIF GLASS,Home & Living,Glass,173,209.36,8
20828,GLITTER BUTTERFLY CLIPS,Home & Living,General,4481,11095.91,607
20829,GLITTER HANGING BUTTERFLY STRING,Home & Living,General,4850,9892.24,481
20830,SILVER PHOTO FRAME,Home & Living,Frame,413,977.21,82
20831,GOLD PHOTO FRAME,Home & Living,Frame,480,940.56,79
20832,RED FLOCK LOVE HEART PHOTO FRAME,Gifts,Heart,1714,1143.71,158
20833,SHAKER THROW  QUILTED,Home & Living,General,52,811.8,5
20835,FRENCH LATTICE CUSHION COVER,Home & Living,Cushion,81,98.04,10
20836,FRENCH PAISLEY CUSHION COVER,Home & Living,Cushion,224,250.0,22
20837,FRENCH FLORAL CUSHION COVER,Home & Living,Cushion,165,188.07,18
20838,FRENCH LATTICE CUSHION COVER,Home & Living,Cushion,446,565.8,63
20839,FRENCH PAISLEY CUSHION COVER,Home & Living,Cushion,642,1063.77,118
20840,FRENCH FLORAL CUSHION COVER,Home & Living,Cushion,886,1428.41,93
20845,ZINC HEART LATTICE 2 WALL PLANTER,Gifts,Heart,76,502.27,24
20846,ZINC HEART LATTICE T-LIGHT HOLDER,Electronics,Light,1471,2000.73,169
20847,ZINC HEART LATTICE CHARGER LARGE,Gifts,Heart,81,341.97,27
20848,ZINC HEART LATTICE CHARGER SMALL,Gifts,Heart,39,115.05,12
20849,ZINC HEART LATTICE DOUBLE PLANTER,Gifts,Heart,674,593.03,24
20850,ZINC HEART LATTICE PLANTER BOWL,Gifts,Heart,820,713.8,23
20851,ZINC HEART LATTICE TRAY OVAL,Gifts,Heart,335,429.57,28
20854,BLUE PATCH PURSE PINK HEART,Gifts,Heart,462,747.73,107
20855,PINK PATCH PURSE BLUE HEART,Gifts,Heart,145,239.25,47
20856,DENIM PATCH PURSE PINK BUTTERFLY,Accessories,Purse,417,688.94,122
20857,BLUE ROSE PATCH PURSE PINK BUTTERFL,Accessories,Purse,258,425.7,73
20858,SILVER PURSE GOLD PINK BUTTERFLY,Accessories,Purse,4,6.6,1
20860,GOLD COSMETICS BAG WITH BUTTERFLY,Accessories,Bag,20,42.0,11
20861,GOLD COSMETIC BAG PINK STAR,Gifts,Star,48,100.8,16
20862,PINK PATCH PENCIL CASE BLUE HEART,Gifts,Heart,325,691.14,37
20863,BLUE PATCH PENCIL CASE PINK HEART,Gifts,Heart,295,605.73,50
20864,DENIM PATCH PENCIL CASE BUTTERFLY,Accessories,Case,252,498.14,29
20865,PATCHWORK PENCIL CASE BUTTERFLY,Accessories,Case,251,500.49,33
20866,BLUE ROSE FABRIC MIRROR,Accessories,Mirror,1287,1381.44,191
20867,PINK ROSE FABRIC MIRROR,Accessories,Mirror,1141,1154.45,153
20868,SILVER FABRIC MIRROR,Accessories,Mirror,882,518.07,71
20869,GOLD FABRIC MIRROR,Accessories,Mirror,530,296.37,53
20870,OPULENT VELVET CANDLE IN BOX,Gifts,Box,30,54.3,7
20871,OPULENT VELVET SET/3 CANDLES,Home & Living,Candle,1276,1984.35,127
20877,MODERN CHRISTMAS BAUBLE CANDLE,Gifts,Christmas,12,5.04,5
20878,SET/9 CHRISTMAS T-LIGHTS SCENTED,Electronics,Light,764,986.26,85
20879,TREE OF NOAH FESTIVE SCENTED CANDLE,Home & Living,Candle,69,75.6,11
20881,MODERN CHRISTMAS TREE CANDLE,Gifts,Christmas,3,2.55,2
20882,MODERN CHRISTMAS TREE CANDLE,Gifts,Christmas,3,8.85,2
20884,MODERN CHRISTMAS TREE CANDLE,Gifts,Christmas,3,6.3,3
20885,BOX OF 3 PEBBLE CANDLES,Gifts,Box,1,2.95,1
20886,BOX OF 9 PEBBLE CANDLES,Gifts,Box,1793,3589.5,308
20887,BOX OF 6 PEBBLE CANDLES,Gifts,Box,18,118.39,8
20888,SET 3 JARDIN DE FEMME SCENT CANDLES,Home & Living,Candle,367,547.74,19
20889,JARDIN DE FEMME SCENTED CANDLE,Home & Living,Candle,657,398.04,13
20890,SMALL GLASS ROSE SCENTED CANDLE,Home & Living,Candle,605,202.62,4
20891,LARGE GLASS ROSE SCENTED CANDLE,Home & Living,Candle,684,236.33,3
20892,SET/3 TALL GLASS CANDLE HOLDER PINK,Home & Living,Candle,106,1171.83,38
20893,HANGING BAUBLE T-LIGHT HOLDER SMALL,Electronics,Light,675,1555.79,76
20894,HANGING BAUBLE T-LIGHT HOLDER LARGE,Electronics,Light,282,871.55,79
20895,VINTAGE NOTEBOOK FRENCH LETTER,Home & Living,General,16,47.2,4
20896,VINTAGE NOTEBOOK PINK FLOWER,Home & Living,General,40,118.0,14
20897,VINTAGE NOTEBOOK PARIS DAYS,Home & Living,General,358,872.31,75
20898,VINTAGE NOTEBOOK TRAVELOGUE,Accessories,Travel,327,693.92,53
20899,VINTAGE NOTEBOOK RED ROSE,Home & Living,General,44,129.8,12
20901,VINTAGE KEEPSAKE BOX PINK FLOWER,Gifts,Box,92,812.93,67
20902,VINTAGE KEEPSAKE BOX PARIS DAYS,Gifts,Box,212,1588.8,116
20903,VINTAGE KEEPSAKE BOX TRAVELOGUE,Gifts,Box,189,932.5,86
20905,VINTAGE KEEPSAKE BOX BEAUTY GIRL,Gifts,Box,10,63.5,4
20906,VINTAGE NOTEBOOK BEAUTY GIRL,Home & Living,General,103,374.14,47
20910,VINTAGE PHOTO ALBUM PARIS DAYS,Home & Living,General,110,794.52,47
20913,SET/5 BLUE SPOTTY LID GLASS BOWLS,Gifts,Bow,314,898.72,43
20914,SET/5 RED SPOTTY LID GLASS BOWLS,Gifts,Bow,18979,53415.31,2030
20931,BLUE POT PLANT CANDLE,Home & Living,Candle,676,2260.93,157
20932,PINK POT PLANT CANDLE,Home & Living,Candle,334,1147.72,81
20933,YELLOW POT PLANT CANDLE,Home & Living,Candle,505,1329.49,52
20934,SET/3 POT PLANT CANDLES,Home & Living,Candle,199,1195.97,74
20935,ROUND CACTUS CANDLE,Home & Living,Candle,302,580.38,46
20936,FORKED CACTUS CANDLE,Home & Living,Candle,342,872.9,76
20939,ORANGE CANDLE,Home & Living,Candle,12,10.2,1
20940,SET/6 GARDEN GNOME T-LIGHT CANDLES,Electronics,Light,118,342.75,22
20941,FROG CANDLE,Home & Living,Candle,999,898.79,124
20942,SET/6 GINGERBREAD TREE T-LIGHTS,Electronics,Light,6,7.5,4
20943,SET/6 GINGERBREAD STAR T-LIGHTS,Electronics,Light,384,543.96,71
20950,SET/6  ANGEL T-LIGHTS WHITE/GOLD,Electronics,Light,687,353.39,83
20952,PORCELAIN CHERUB BELL SMALL,Home & Living,General,330,151.14,24
20953,PORCELAIN CHERUB BELL LARGE,Home & Living,General,33,54.45,9
20954,*USB Office Mirror Ball,Electronics,Usb,3,25.59,3
20956,PORCELAIN T-LIGHT HOLDERS ASSORTED,Electronics,Light,2396,3179.0,236
20957,PORCELAIN HANGING BELL SMALL,Home & Living,General,126,184.61,15
20958,PORCELAIN HANGING BELL LARGE,Home & Living,General,38,70.5,10
20960,WATERMELON BATH SPONGE,Home & Living,General,1908,2570.92,215
20961,STRAWBERRY BATH SPONGE,Home & Living,General,3684,4901.57,514
20963,APPLE BATH SPONGE,Home & Living,General,3646,4937.62,509
20964,POLYESTER FILLER PAD 60x40cm,Home & Living,General,20,51.0,6
20966,SANDWICH BATH SPONGE,Home & Living,General,3165,4518.18,420
20967,GREY FLORAL FELTCRAFT SHOULDER BAG,Accessories,Bag,1144,4338.83,296
20968,GREEN FLORAL FELTCRAFT SHOULDER BAG,Accessories,Bag,43,185.11,19
20969,RED FLORAL FELTCRAFT SHOULDER BAG,Accessories,Bag,3294,12315.1,613
20970,PINK FLORAL FELTCRAFT SHOULDER BAG,Accessories,Bag,2547,9632.0,574
20971,PINK BLUE FELT CRAFT TRINKET BOX,Gifts,Box,22629,29027.46,1148
20972,PINK CREAM FELT CRAFT TRINKET BOX,Gifts,Box,20761,25151.84,1397
20973,12 PENCIL SMALL TUBE WOODLAND,Home & Living,General,10066,6930.47,658
20974,12 PENCILS SMALL TUBE SKULL,Home & Living,General,13511,8895.24,822
20975,12 PENCILS SMALL TUBE RED SPOTTY,Home & Living,General,18685,12266.78,902
20976,12 PENCILS SMALL TUBE POSY,Home & Living,General,550,376.99,76
20977,36 PENCILS TUBE WOODLAND,Home & Living,General,3856,5149.99,485
20978,36 PENCILS TUBE SKULLS,Home & Living,General,4163,5497.33,557
20979,36 PENCILS TUBE RED SPOTTY,Home & Living,General,8219,10350.56,709
20980,36 PENCILS TUBE POSY,Home & Living,General,234,283.56,58
20981,12 PENCILS TALL TUBE WOODLAND,Home & Living,General,4782,4125.99,513
20982,12 PENCILS TALL TUBE SKULLS,Home & Living,General,4928,4309.25,576
20983,12 PENCILS TALL TUBE RED SPOTTY,Home & Living,General,6342,5521.78,641
20984,12 PENCILS TALL TUBE POSY,Home & Living,General,5907,1959.84,245
20985,HEART CALCULATOR,Electronics,Calculator,2395,3081.76,291
20986,BLUE CALCULATOR RULER,Electronics,Calculator,1251,1591.09,204
20987,GEISHA GIRL CHOPSTICKS SET/5,Home & Living,General,131,288.35,22
20988,TRELLIS FLOWER CHOPSTICKS SET/5,Home & Living,General,24,46.8,9
20989,URBAN CHIC CHOPSTICKS SET/5,Home & Living,General,407,782.18,57
20990,SPRING FLOWER CHOPSTICKS SET/5,Home & Living,General,895,1706.14,103
20991,JAZZ HEARTS MAGNETIC MEMO PAD,Gifts,Heart,7084,884.56,32
20992,JAZZ HEARTS PURSE NOTEBOOK,Gifts,Heart,6224,3285.58,433
20993,JAZZ HEARTS MEMO PAD,Gifts,Heart,10967,1334.11,32
20994,JAZZ HEARTS SPIRAL NOTEPAD,Gifts,Heart,47,39.95,12
20996,JAZZ HEARTS ADDRESS BOOK,Gifts,Heart,6343,1707.11,335
20997,ROSE DU SUD CUSHION COVER,Home & Living,Cushion,170,796.74,83
20998,ROSE DU SUD OVEN GLOVE,Accessories,Glove,332,969.23,127
21000,ROSE DU SUD COSMETICS BAG,Accessories,Bag,696,1766.92,94
21001,ROSE DU SUD WASHBAG,Home & Living,General,149,754.96,90
21002,ROSE DU SUD DRAWSTRING BAG,Accessories,Bag,429,1547.54,184
21003,ROSE DU SUD CUSHION COVER,Home & Living,Cushion,109,647.75,64
21004,ROSE DU SUD CHILDS APRON,Home & Living,General,137,625.07,70
21007,ETCHED GLASS DROPLET DECORATION,Gifts,Decoration,1927,914.67,48
21008,ETCHED GLASS HEART TREE DECORATION,Gifts,Heart,1,2.51,1
21009,ETCHED GLASS STAR TREE DECORATION,Gifts,Star,1059,1509.99,102
21010,ETCHED GLASS BIRD TREE DECORATION,Gifts,Decoration,856,1122.26,83
21011,GLITTER SNOW PEAR TREE DECORATION,Gifts,Decoration,1869,1415.85,118
21012,ANTIQUE ALL GLASS CANDLESTICK,Home & Living,Candle,2365,4457.0,299
21014,SWISS CHALET TREE DECORATION,Gifts,Decoration,1975,1040.36,189
21015,DARK BIRD HOUSE TREE DECORATION,Gifts,Decoration,1722,797.91,186
21016,LIGHT BIRD HOUSE TREE DECORATION,Electronics,Light,836,584.55,82
21017,RED BIRD HOUSE TREE DECORATION,Gifts,Decoration,662,538.44,87
21018,BIRD BOX CHRISTMAS TREE DECORATION,Gifts,Box,236,203.92,42
21025,SPACE FROG,Home & Living,General,314,416.14,81
21026,SPACE OWL,Home & Living,General,558,730.5,124
21027,NINJA RABBIT PINK,Home & Living,General,363,444.87,77
21028,NINJA RABBIT BLACK,Home & Living,General,324,426.41,92
21030,SPACE CADET RED,Home & Living,General,250,304.65,51
21031,SPACE CADET BLACK,Home & Living,General,147,181.71,39
21032,SPACE CADET WHITE,Home & Living,General,216,268.41,50
21033,JUMBO BAG CHARLIE AND LOLA TOYS,Gifts,Toy,4632,10265.72,573
21034,REX CASH+CARRY JUMBO SHOPPER,Home & Living,General,4240,4028.0,1902
21035,SET/2 RED SPOTTY TEA TOWELS,Home & Living,Towel,6091,18988.37,929
21036,SET/2 TEA TOWELS MODERN VINTAGE,Home & Living,Towel,1,2.55,1
21038,SET/4 MODERN VINTAGE COTTON NAPKINS,Home & Living,General,170,367.28,52
21039,RED SPOTTY SHOPPING BAG,Accessories,Bag,1319,3445.67,228
21040,MODERN VINTAGE COTTON SHOPPING BAG,Accessories,Bag,895,1128.4,68
21041,RED SPOTTY OVEN GLOVE DOUBLE,Accessories,Glove,2732,9303.19,525
21042,RED SPOTTY APRON,Home & Living,General,1505,8914.48,399
21043,APRON MODERN VINTAGE COTTON,Home & Living,General,679,1924.93,141
21051,RIBBONS PURSE,Gifts,Ribbon,760,1502.98,127
21054,NURSE'S BAG SOFT TOY,Gifts,Toy,394,3645.4,182
21055,TOOL BOX SOFT TOY,Gifts,Box,407,4059.16,222
21056,DOCTOR'S BAG SOFT TOY,Gifts,Toy,559,5086.63,195
21058,PARTY INVITES WOODLAND,Home & Living,General,2422,2078.5,275
21059,PARTY INVITES DINOSAURS,Home & Living,General,1621,1369.81,221
21060,PARTY INVITES BALLOON GIRL,Home & Living,General,1288,962.75,151
21061,PARTY INVITES FOOTBALL,Home & Living,General,1433,1078.01,163
21062,PARTY INVITES SPACEMAN,Home & Living,General,1078,897.12,136
21063,PARTY INVITES JAZZ HEARTS,Gifts,Heart,1492,1286.87,238
21064,BOOM BOX SPEAKER BOYS,Gifts,Box,909,4578.19,171
21065,BOOM BOX SPEAKER GIRLS,Gifts,Box,613,1491.03,118
21066,VINTAGE RED MUG,Home & Living,Mug,2293,1508.44,131
21067,VINTAGE RED TEATIME MUG,Home & Living,Mug,4800,3883.22,266
21068,VINTAGE BILLBOARD LOVE/HATE MUG,Accessories,Hat,4398,4587.91,373
21069,VINTAGE BILLBOARD TEA MUG,Home & Living,Mug,5157,5485.68,279
21070,VINTAGE BILLBOARD MUG,Home & Living,Mug,2063,2124.75,229
21071,VINTAGE BILLBOARD DRINK ME MUG,Home & Living,Mug,4475,5252.7,472
21076,SET/20 COLLAGE PAPER NAPKIN,Home & Living,General,844,715.4,92
21077,SET/20 WOODLAND PAPER NAPKINS,Home & Living,General,2793,2060.65,192
21078,SET/20 STRAWBERRY PAPER NAPKINS,Home & Living,General,7242,6213.39,741
21080,SET/20 RED SPOTTY PAPER NAPKINS,Home & Living,General,31823,26031.97,2123
21081,SET/20 POSIES PAPER NAPKINS,Home & Living,General,4,3.4,4
21082,SET/20 FRUIT SALAD PAPER NAPKINS,Home & Living,General,7187,1963.85,163
21084,SET/6 COLLAGE PAPER CUPS,Home & Living,Cup,2929,1008.81,223
21085,SET/6 WOODLAND PAPER CUPS,Home & Living,Cup,13732,1873.33,66
21086,SET/6 RED SPOTTY PAPER CUPS,Home & Living,Cup,16903,10950.15,843
21087,SET/6 POSIES PAPER CUPS,Home & Living,Cup,260,168.08,32
21088,SET/6 FRUIT SALAD PAPER CUPS,Home & Living,Cup,16615,1816.73,136
21089,SET/6 GREEN SPRING PAPER CUPS,Home & Living,Cup,325,113.84,40
21090,SET/6 COLLAGE PAPER PLATES,Home & Living,Plate,3119,1736.53,278
21091,SET/6 WOODLAND PAPER PLATES,Home & Living,Plate,13700,1868.7,47
21092,SET/6 STRAWBERRY PAPER PLATES,Home & Living,Plate,12846,1571.5,28
21094,SET/6 RED SPOTTY PAPER PLATES,Home & Living,Plate,20161,15723.97,984
21095,SET/6 POSIES PAPER PLATES,Home & Living,Plate,303,281.37,40
21096,SET/6 FRUIT SALAD  PAPER PLATES,Home & Living,Plate,15924,2715.96,143
21097,SET/6 GREEN SPRING  PAPER PLATE,Home & Living,Plate,33,28.05,7
21098,CHRISTMAS TOILET ROLL,Gifts,Christmas,9038,14212.96,596
21099,SET/6 STRAWBERRY PAPER CUPS,Home & Living,Cup,13388,1580.34,33
21100,CHARLIE AND LOLA CHARLOTTE BAG,Accessories,Bag,2553,3824.13,269
21102,"CANDLE IN JAR COLLAGE , VANILLA",Home & Living,Candle,82,221.08,20
21106,CREAM SLICE FLANNEL CHOCOLATE SPOT,Home & Living,General,801,2455.09,169
21107,CREAM SLICE FLANNEL PINK SPOT,Home & Living,General,2463,7075.4,313
21108,FAIRY CAKE FLANNEL ASSORTED COLOUR,Home & Living,General,13105,25887.35,613
21109,"LARGE CAKE TOWEL, CHOCOLATE SPOTS",Home & Living,Towel,1185,4573.15,223
21110,LARGE CAKE TOWEL PINK SPOTS,Home & Living,Towel,1652,7830.83,329
21111,"SWISS ROLL TOWEL, CHOCOLATE  SPOTS",Home & Living,Towel,1409,3300.6,214
21112,"SWISS ROLL TOWEL, PINK  SPOTS",Home & Living,Towel,2234,5531.5,189
21114,LAVENDER SCENTED FABRIC HEART,Gifts,Heart,5783,7462.16,494
21115,ROSE CARAVAN DOORSTOP,Home & Living,General,1262,8065.73,431
21116,OWL DOORSTOP,Home & Living,General,1386,8099.22,534
21117,BLOND DOLL DOORSTOP,Home & Living,General,334,509.58,26
21118,SHOPPING BAG DOORSTOP,Accessories,Bag,69,104.25,7
21119,Glow In The Dark Shot Glasses,Home & Living,Glass,3,41.01,3
21120,*Boombox Ipod Classic,Home & Living,General,2,33.96,1
21121,SET/10 RED SPOTTY PARTY CANDLES,Home & Living,Candle,15678,18979.33,873
21122,SET/10 PINK SPOTTY PARTY CANDLES,Home & Living,Candle,12741,15455.06,807
21123,SET/10 IVORY SPOTTY PARTY CANDLES,Home & Living,Candle,2785,3435.56,252
21124,SET/10 BLUE SPOTTY PARTY CANDLES,Home & Living,Candle,10093,12254.05,629
21125,SET 6 FOOTBALL CELEBRATION CANDLES,Home & Living,Candle,2169,2270.14,246
21126,SET OF 6 GIRLS CELEBRATION CANDLES,Home & Living,Candle,2343,2372.98,285
21127,COLOURFUL FISHING GNOME,Home & Living,General,298,1003.98,48
21128,GOLD FISHING GNOME,Home & Living,General,129,868.25,57
21129,SILVER FISHING GNOME,Home & Living,General,127,970.29,60
21130,COLOURFUL STANDING GNOME,Home & Living,General,722,1204.38,49
21131,GOLD STANDING GNOME,Home & Living,General,276,1098.86,49
21132,SILVER STANDING GNOME,Home & Living,General,98,497.86,47
21133,PAINTED BIRD ASSORTED CHRISTMAS,Gifts,Christmas,424,736.57,42
21134,VICTORIAN METAL POSTCARD CHRISTMAS,Gifts,Christmas,379,649.74,46
21135,VICTORIAN  METAL POSTCARD SPRING,Home & Living,General,6080,8727.79,405
21136,PAINTED METAL PEARS ASSORTED,Home & Living,General,10652,17738.89,739
21137,BLACK RECORD COVER FRAME,Home & Living,Frame,19954,69329.47,634
21143,ANTIQUE GLASS HEART DECORATION,Gifts,Heart,2255,4526.78,182
21144,PINK POODLE HANGING DECORATION,Gifts,Decoration,545,294.19,60
21145,ANTIQUE GLASS PLACE SETTING,Home & Living,Glass,869,1256.21,49
21146,ANTIQUE GLASS RIDGED HANGING BALL,Home & Living,Glass,801,1537.07,58
21147,JINGLE BELLS TREE DECORATION,Gifts,Decoration,494,909.46,118
21153,RED SPOTTY TABLECLOTH,Home & Living,General,393,4294.69,139
21154,RED SPOTTY OVEN GLOVE,Accessories,Glove,8402,12107.72,903
21155,RED SPOTTY PEG BAG,Accessories,Bag,6734,16493.11,969
21156,RED SPOTTY CHILDS APRON,Home & Living,General,9399,17502.96,930
21157,RED SPOTTY WASHBAG,Home & Living,General,714,1690.55,176
21158,MOODY GIRL DOOR HANGER,Home & Living,Hanger,2613,1832.7,310
21159,MOODY BOY  DOOR HANGER,Home & Living,Hanger,2118,1463.16,250
21160,KEEP OUT GIRLS DOOR HANGER,Home & Living,Hanger,795,558.94,58
21161,KEEP OUT BOYS DOOR HANGER,Home & Living,Hanger,2385,1846.12,206
21162,TOXIC AREA  DOOR HANGER,Home & Living,Hanger,2407,1661.86,285
21163,DO NOT TOUCH MY STUFF DOOR HANGER,Home & Living,Hanger,2829,1802.52,253
21164,HOME SWEET HOME METAL SIGN,Home & Living,General,6058,16865.4,721
21165,BEWARE OF THE CAT METAL SIGN,Home & Living,General,9450,15359.8,966
21166,COOK WITH WINE METAL SIGN,Home & Living,General,20128,38560.16,1425
21167,WHITE SAGE INCENSE,Home & Living,General,2495,600.17,114
21169,YOU'RE CONFUSING ME METAL SIGN,Home & Living,General,8941,14426.42,772
21171,BATHROOM METAL SIGN,Home & Living,General,1860,2601.93,260
21172,PARTY METAL SIGN,Home & Living,General,7759,11492.22,971
21173,LOO ROLL  METAL SIGN,Home & Living,General,342,611.26,77
21174,POTTERING IN THE SHED METAL SIGN,Home & Living,Pot,9813,19864.32,1135
21175,GIN + TONIC DIET METAL SIGN,Home & Living,General,20905,44391.43,1659
21179,NO JUNK MAIL METAL SIGN,Home & Living,General,4322,3570.87,505
21181,PLEASE ONE PERSON  METAL SIGN,Home & Living,General,25117,51005.82,1810
21185,HOME SWEET HOME  BLACKBOARD,Home & Living,General,132,876.29,44
21186,WHITE DOVE HONEYCOMB PAPER GARLAND,Home & Living,General,5277,8540.42,369
21187,WHITE BELL HONEYCOMB PAPER GARLAND,Home & Living,General,1446,2409.32,144
21188,3D HEARTS  HONEYCOMB PAPER GARLAND,Gifts,Heart,918,2806.8,128
21189,WHITE HONEYCOMB PAPER GARLAND,Home & Living,General,814,1754.29,123
21190,PINK HEARTS PAPER GARLAND,Gifts,Heart,918,1500.39,111
21191,LARGE WHITE HONEYCOMB PAPER BELL,Home & Living,General,1544,3610.52,201
21192,WHITE BELL HONEYCOMB PAPER,Home & Living,General,2237,4043.89,216
21193,WHITE HONEYCOMB PAPER FAN,Home & Living,General,111,274.37,22
21194,PINK  HONEYCOMB PAPER FAN,Home & Living,General,581,757.8,95
21195,PINK  HONEYCOMB PAPER BALL,Home & Living,General,1017,2194.2,150
21196,ROUND WHITE CONFETTI IN TUBE,Home & Living,General,179,308.54,22
21197,MULTICOLOUR  CONFETTI IN TUBE,Home & Living,General,466,683.26,45
21198,WHITE HEART CONFETTI IN TUBE,Gifts,Heart,1283,1473.95,118
21199,PINK  HEART CONFETTI IN TUBE,Gifts,Heart,1305,1495.7,149
21200,MULTICOLOUR HONEYCOMB PAPER GARLAND,Home & Living,General,1425,2071.76,126
21201,TROPICAL  HONEYCOMB PAPER GARLAND,Home & Living,General,2757,6560.47,235
21202,DOLLY HONEYCOMB GARLAND,Home & Living,General,857,1108.43,66
21203,BUTTERFLIES  HONEYCOMB GARLAND,Home & Living,General,1541,2530.3,145
21204,DAISIES  HONEYCOMB GARLAND,Home & Living,General,1609,2686.35,205
21205,MULTICOLOUR 3D BALLS GARLAND,Home & Living,General,683,1787.69,144
21206,STRAWBERRY HONEYCOMB  GARLAND,Home & Living,General,2170,3092.65,238
21207,SKULL AND CROSSBONES  GARLAND,Home & Living,General,3618,5628.89,282
21208,PASTEL COLOUR HONEYCOMB FAN,Home & Living,General,1079,980.27,120
21209,MULTICOLOUR HONEYCOMB FAN,Home & Living,General,1477,1369.69,137
21210,SET OF 72 RETRO SPOT PAPER  DOILIES,Home & Living,General,15249,21957.26,1161
21211,SET OF 72 SKULL PAPER  DOILIES,Home & Living,General,2422,3390.29,237
21212,PACK OF 72 RETRO SPOT CAKE CASES,Accessories,Case,96560,52997.2,3118
21213,PACK OF 72 SKULL CAKE CASES,Accessories,Case,40733,21734.85,1481
21214,SET OF 72 IVORY PAPER DOILIES,Home & Living,General,2007,2922.27,199
21215,IVORY PAPER CUP CAKE CASES,Accessories,Case,4504,2607.3,291
21216,"SET 3 RED SPOT TIN TEA,COFFEE,SUGAR",Home & Living,Tin,3949,20528.58,802
21217,RED SPOTTY ROUND CAKE TINS,Home & Living,Tin,2961,30483.03,928
21218,RED SPOTTY BISCUIT TIN,Home & Living,Tin,5305,21102.06,897
21219,SET/4 BADGES BALLOON GIRL,Home & Living,General,1038,1340.82,176
21220,SET/4 BADGES DOGS,Home & Living,General,684,924.97,159
21221,SET/4 BADGES CUTE CREATURES,Home & Living,General,557,740.94,107
21222,SET/4 BADGES BEETLES,Home & Living,General,629,817.17,133
21223,SET/4 BADGES WOODLAND ANIMAL,Home & Living,General,496,592.08,43
21224,SET/4 SKULL BADGES,Home & Living,General,2219,2756.95,312
21225,POCKET MIRROR BUTTERFLY,Accessories,Mirror,2,2.5,2
21226,POCKET MIRROR WOODLAND,Accessories,Mirror,216,234.3,37
21228,"POCKET MIRROR ""GLAMOROUS""",Accessories,Mirror,97,122.57,31
21231,SWEETHEART CERAMIC TRINKET BOX,Gifts,Box,19767,24618.13,1482
21232,STRAWBERRY CERAMIC TRINKET BOX,Gifts,Box,38981,50760.48,2435
21238,RED SPOTTY CUP,Home & Living,Cup,9589,8266.53,903
21239,PINK  SPOTTY CUP,Home & Living,Cup,7457,6520.64,751
21240,BLUE  SPOTTY CUP,Home & Living,Cup,7643,6600.87,769
21241,GREEN SPOTTY CUP,Home & Living,Cup,2216,1871.62,260
21242,RED SPOTTY PLATE,Home & Living,Plate,7123,11984.47,657
21243,PINK  SPOTTY PLATE,Home & Living,Plate,5660,9328.26,503
21244,BLUE  SPOTTY PLATE,Home & Living,Plate,5161,8452.07,445
21245,GREEN  SPOTTY PLATE,Home & Living,Plate,2589,4305.54,304
21246,RED SPOTTY BIG BOWL,Gifts,Bow,751,3695.53,209
21247,SET OF RED SALAD SERVERS,Home & Living,General,423,666.22,81
21248,DOOR HANGER  MUM + DADS ROOM,Home & Living,Hanger,1050,1309.7,158
21249,WOODLAND  HEIGHT CHART STICKERS,Home & Living,General,1686,4862.04,259
21250,SET OF SKULL WALL STICKERS,Home & Living,General,404,1003.45,60
21251,DINOSAUR HEIGHT CHART STICKER SET,Home & Living,General,599,1704.61,132
21252,SET OF MEADOW  FLOWER STICKERS,Home & Living,General,168,408.66,22
21253,SET OF PICTURE FRAME  STICKERS,Home & Living,Frame,343,1266.5,122
21255,"FRENCH BOTTLE , LAVENDER",Home & Living,Bottle,476,860.08,96
21256,"FRENCH BOTTLE, BRASSERIE DES ARTIST",Home & Living,Bottle,326,588.64,65
21257,VICTORIAN SEWING BOX MEDIUM,Gifts,Box,1596,14505.73,532
21258,VICTORIAN SEWING BOX LARGE,Gifts,Box,1692,24153.59,526
21259,VICTORIAN SEWING BOX SMALL,Gifts,Box,2413,14564.08,655
21260,FIRST AID TIN,Home & Living,Tin,3591,11821.18,534
21261,GREEN GOOSE FEATHER CHRISTMAS TREE,Gifts,Christmas,292,1214.7,77
21262,WHITE GOOSE FEATHER CHRISTMAS TREE,Gifts,Christmas,640,2583.07,132
21263,GREEN GOOSE FEATHER TREE 60CM,Home & Living,General,306,683.82,56
21264,WHITE GOOSE FEATHER TREE 60CM,Home & Living,General,394,927.66,68
21265,PINK GOOSE FEATHER TREE 60CM,Home & Living,General,323,717.41,34
21266,VINTAGE SILVER TINSEL REEL,Home & Living,Tin,23,98.9,9
21267,VINTAGE PINK TINSEL REEL,Home & Living,Tin,24,74.6,10
21268,VINTAGE BLUE TINSEL REEL,Home & Living,Tin,399,262.5,49
21269,ANTIQUE CREAM CUTLERY SHELF,Home & Living,Shelf,117,1070.82,65
21270,ANTIQUE CREAM CUTLERY CUPBOARD,Home & Living,Cup,78,899.93,51
21272,SALLE DE BAIN HOOK,Home & Living,General,2384,3163.65,339
21274,EMBOSSED HEART 3 DRAWER SHELF,Gifts,Heart,177,2446.19,105
21275,ZINC TOP  2 DOOR WOODEN SHELF,Home & Living,Shelf,251,1748.38,55
21276,TWO EMBOSSED HEART MINI DRAWERS,Gifts,Heart,677,1558.94,29
21277,FRENCH STYLE EMBOSSED HEART CABINET,Gifts,Heart,58,1397.19,48
21278,VINTAGE KITCHEN PRINT PUDDINGS,Home & Living,Kitchen,2770,1685.05,118
21279,VINTAGE KITCHEN PRINT FRUITS,Home & Living,Kitchen,3530,1637.01,101
21280,VINTAGE KITCHEN PRINT VEGETABLES,Home & Living,Kitchen,3333,1800.44,70
21281,VINTAGE KITCHEN PRINT SEAFOOD,Home & Living,Kitchen,3689,1747.28,67
21282,NATURAL BARK CANDLE LARGE,Home & Living,Candle,369,1577.53,69
21283,NATURAL BARK CANDLE SMALL,Home & Living,Candle,537,1710.45,81
21284,RETRO SPOT CANDLE  SMALL,Home & Living,Candle,1561,1694.05,140
21285,RETRO SPOT CANDLE  MEDIUM,Home & Living,Candle,1012,1383.67,99
21286,RETRO SPOT CANDLE  LARGE,Home & Living,Candle,1009,1638.19,101
21287,SCENTED VELVET LOUNGE CANDLE,Home & Living,Candle,4134,1893.75,93
21288,STRIPEY CHOCOLATE NESTING BOXES,Gifts,Box,993,2595.84,224
21289,LARGE STRIPES CHOCOLATE GIFT BAG,Gifts,Gift,1449,1594.31,102
21290,LARGE SPOTTY CHOCOLATE GIFT BAG,Gifts,Gift,2,2.5,1
21291,SMALL SPOTTY CHOCOLATE GIFT BAG,Gifts,Gift,2534,2184.91,153
21292,SMALL STRIPES CHOCOLATE GIFT BAG,Gifts,Gift,2477,1450.91,91
21293,MIRRORED DOVE WALL DECORATION,Gifts,Decoration,343,872.34,85
21294,ETCHED GLASS COASTER,Home & Living,Glass,2346,1778.75,139
21298,EDWARDIAN 2 DRAWER WALL CABINET,Home & Living,Drawer,52,755.8,14
21299,EDWARDIAN TOILET ROLL UNIT,Home & Living,General,166,966.35,34
21300,ANTIQUE EDWARDIAN DRESSER,Home & Living,General,53,841.7,12
21303,FILIGREE WALL MIRROR  ANTIQUE WHITE,Accessories,Mirror,96,985.54,30
21304,ARCHED GREY MIRROR,Accessories,Mirror,86,591.58,18
21306,SET/4 DAISY MIRROR MAGNETS,Accessories,Mirror,685,350.65,68
21307,SET/4 BUTTERFLY MIRROR MAGNETS,Accessories,Mirror,753,658.47,72
21308,LOUVRE VANITY MIRROR,Accessories,Mirror,132,705.9,6
21309,LOUVRE CHALKBOARD,Home & Living,General,49,325.6,5
21310,CAPIZ CHANDELIER,Home & Living,General,6,179.7,4
21311,SET/4 BIRD MIRROR MAGNETS,Accessories,Mirror,733,559.81,94
21312,LARGE CHUNKY GLASS ROMAN BOWL,Gifts,Bow,300,1185.92,26
21313,GLASS HEART T-LIGHT HOLDER,Electronics,Light,6889,5926.55,415
21314,SMALL GLASS HEART TRINKET POT,Gifts,Heart,11658,25276.95,1066
21316,SMALL CHUNKY GLASS ROMAN  BOWL,Gifts,Bow,695,1154.97,47
21317,GLASS SPHERE CANDLE STAND MEDIUM,Home & Living,Candle,360,1475.32,74
21318,GLASS CHALICE BLUE SMALL,Home & Living,Glass,974,903.72,93
21319,GLASS CHALICE GREEN  SMALL,Home & Living,Glass,510,750.33,65
21320,GLASS CHALICE GREEN  LARGE,Home & Living,Glass,398,913.34,56
21321,GLASS CHALICE BLUE  LARGE,Home & Living,Glass,122,301.8,18
21322,GLASS SPHERE CANDLE STAND LARGE,Home & Living,Candle,301,590.45,14
21323,HANGING MEDINA LANTERN LARGE,Home & Living,General,744,2523.89,80
21324,HANGING MEDINA LANTERN SMALL,Home & Living,General,1031,2898.82,175
21326,AGED GLASS SILVER T-LIGHT HOLDER,Electronics,Light,18356,11972.48,643
21327,SKULLS WRITING SET,Home & Living,General,1967,3476.94,495
21328,BALLOONS  WRITING SET,Home & Living,General,2535,4836.13,643
21329,DINOSAURS  WRITING SET,Home & Living,General,2126,3857.2,555
21330,WOODLAND ANIMAL  WRITING SET,Home & Living,General,1456,2460.67,201
21331,MOROCCAN BEATEN METAL DISH LARGE,Home & Living,General,110,946.68,30
21332,MOROCCAN BEATEN METAL MIRROR,Accessories,Mirror,270,1644.17,50
21333,CLASSIC WHITE FRAME,Home & Living,Frame,1082,3268.8,222
21335,LIBRARY LAMP,Electronics,Lamp,42,989.62,28
21336,GOLD WASHBAG,Home & Living,General,1824,530.51,43
21337,SILVER WASHBAG,Home & Living,General,33,103.53,12
21338,MARAKESH LANTERN SMALL,Home & Living,General,199,873.25,13
21339,MARAKESH LANTERN LARGE,Home & Living,General,30,544.5,12
21340,CLASSIC METAL BIRDCAGE PLANT HOLDER,Home & Living,Holder,1785,19541.46,419
21341,KASBAH LANTERN WITH GLASS,Home & Living,Glass,72,410.64,29
21343,GOLD JEWELERY BOX,Gifts,Box,20,92.0,3
21344,MOROCCAN BEATEN METAL DISH,Home & Living,General,166,749.82,26
21347,GOTHIC CARRIAGE LANTERN,Home & Living,General,8,47.6,4
21348,PINK SPOTS CHOCOLATE NESTING BOXES,Gifts,Box,845,2039.69,133
21349,IVY HEART WREATH,Gifts,Heart,567,4139.33,171
21350,GINGHAM HEART WREATH,Gifts,Heart,227,653.65,42
21351,CINAMMON & ORANGE WREATH,Home & Living,General,1132,3911.1,177
21352,EUCALYPTUS & PINECONE  WREATH,Home & Living,General,917,3340.71,158
21353,SILVER SLEIGHBELL  WREATH,Home & Living,General,19,160.45,9
21354,TOAST ITS - BEST MUM,Home & Living,General,2534,3050.82,217
21355,TOAST ITS - I LOVE YOU,Home & Living,General,3527,4315.58,341
21356,TOAST ITS - FAIRY FLOWER,Home & Living,General,1624,2071.8,349
21357,TOAST ITS - DINOSAUR,Home & Living,General,1399,1841.51,211
21358,TOAST ITS - HAPPY BIRTHDAY,Gifts,Birthday,1147,1422.47,222
21359,RELAX LARGE WOOD LETTERS,Home & Living,General,211,2182.38,73
21360,JOY LARGE WOOD LETTERS,Home & Living,General,444,2820.26,100
21361,LOVE LARGE WOOD LETTERS,Home & Living,General,587,7750.07,286
21363,HOME SMALL WOOD LETTERS,Home & Living,General,1020,5505.03,401
21364,PEACE SMALL WOOD LETTERS,Home & Living,General,476,3461.72,167
21365,MIRRORED WALL ART STARS,Gifts,Star,476,731.53,77
21366,MIRRORED WALL ART PHOTO FRAMES,Accessories,Mirror,247,1203.57,77
21367,MIRRORED WALL ART GENTS,Accessories,Mirror,215,293.7,60
21368,MIRRORED WALL ART LADIES,Accessories,Mirror,203,215.34,47
21369,MIRRORED WALL ART SPLODGES,Accessories,Mirror,135,236.73,22
21370,MIRRORED WALL ART FOXY,Accessories,Mirror,56,264.67,22
21371,MIRRORED WALL ART POPPIES,Accessories,Mirror,404,556.01,64
21372,MIRRORED WALL ART TABLE LAMP,Electronics,Lamp,158,275.87,50
21373,MIRRORED WALL ART SNOWFLAKES,Accessories,Mirror,636,548.89,61
21374,MIRRORED WALL ART SKULLS,Accessories,Mirror,474,824.67,71
21375,LARGE CAMPHOR WOOD FIELD MUSHROOM,Home & Living,General,139,847.59,61
21376,LARGE  TALL CAMPHOR WOOD TOADSTOOL,Home & Living,General,188,860.36,46
21377,SMALL CAMPHOR WOOD FIELD  MUSHROOM,Home & Living,General,527,760.83,98
21378,SMALL TALL CAMPHOR WOOD TOADSTOOL,Home & Living,General,561,730.62,88
21379,CAMPHOR WOOD PORTOBELLO MUSHROOM,Home & Living,General,656,726.73,125
21380,WOODEN HAPPY BIRTHDAY GARLAND,Gifts,Birthday,5057,14672.98,651
21381,MINI WOODEN HAPPY BIRTHDAY GARLAND,Gifts,Birthday,5149,8649.91,532
21382,SET/4 SPRING FLOWER DECORATION,Gifts,Decoration,1247,1690.01,152
21383,PACK OF 12 STICKY BUNNIES,Home & Living,General,2233,1609.28,323
21384,IVORY HANGING DECORATION  BUTTERFLY,Gifts,Decoration,1923,1815.29,150
21385,IVORY HANGING DECORATION  HEART,Gifts,Heart,10998,9508.95,690
21386,IVORY HANGING DECORATION  EGG,Gifts,Decoration,1196,705.74,105
21387,IVORY HANGING DECORATION  RABBIT,Gifts,Decoration,25,21.25,4
21388,IVORY HANGING DECORATION  CHICKEN,Gifts,Decoration,315,293.57,29
21389,IVORY HANGING DECORATION  BIRD,Gifts,Decoration,2304,2013.96,261
21390,FILIGRIS HEART WITH BUTTERFLY,Gifts,Heart,11025,13662.97,588
21391,FRENCH EMROIDR LAVENDER SCENT HEART,Gifts,Heart,1440,1856.48,175
21392,RED SPOTTY PUDDING BOWL,Gifts,Bow,7548,1484.43,48
21393,BLUE  SPOTTY PUDDING BOWL,Gifts,Bow,5253,1191.71,43
21394,RED SPOTTY BEAKER,Home & Living,General,4005,1864.63,150
21395,BLUE SPOTTY BEAKER,Home & Living,General,2980,1415.64,115
21396,RED SPOTTY EGG CUP,Home & Living,Cup,948,1205.25,77
21397,BLUE  SPOTTY EGG CUP,Home & Living,Cup,2171,2039.46,180
21398,RED  SPOTTY COFFEE  MUG,Home & Living,Mug,2299,2242.41,126
21399,BLUE  SPOTTY  COFFEE MUG,Home & Living,Mug,2392,1559.32,118
21400,RED PUDDING SPOON,Home & Living,General,1078,213.07,91
21401,BLUE PUDDING SPOON,Home & Living,General,1444,319.07,121
21402,RED  EGG  SPOON,Home & Living,General,1698,333.42,151
21403,BLUE EGG  SPOON,Home & Living,General,2326,529.02,157
21406,SPOTTY CAT DOORSTOP,Home & Living,General,1,8.65,1
21407,BROWN CHECK CAT DOORSTOP,Home & Living,General,1317,6014.84,453
21408,SPOTTY PINK DUCK DOORSTOP,Home & Living,General,719,3146.69,240
21409,SPOTTY COCKEREL DOORSTOP,Home & Living,General,1,4.25,1
21410,COUNTRY COTTAGE  DOORSTOP GREEN,Home & Living,General,315,1475.25,150
21411,GINGHAM HEART  DOORSTOP RED,Gifts,Heart,2131,8534.49,624
21412,VINTAGE GOLD TINSEL REEL,Home & Living,Tin,277,279.84,67
21413,PERIWINKLE T-LIGHT HOLDER,Electronics,Light,3174,1156.22,52
21414,SCALLOP SHELL SOAP DISH,Home & Living,General,1637,870.89,36
21415,CLAM SHELL SMALL,Home & Living,General,361,755.57,82
21416,CLAM SHELL LARGE,Home & Living,General,753,610.56,22
21417,COCKLE SHELL DISH,Home & Living,General,505,1032.31,118
21418,STARFISH SOAP DISH,Gifts,Star,195,536.39,66
21419,CONCH SHELL,Home & Living,General,1259,577.69,19
21420,OYSTER TRINKET BOX,Gifts,Box,122,338.66,31
21421,PORCELAIN ROSE LARGE,Home & Living,General,1807,2163.23,105
21422,PORCELAIN ROSE SMALL,Home & Living,General,3203,2655.72,147
21424,WOODLAND STORAGE BOX LARGE,Gifts,Box,955,2861.64,142
21425,SKULLS STORAGE BOX LARGE,Gifts,Box,505,1274.93,95
21426,WOODLAND STORAGE BOX SMALL,Gifts,Box,1029,1649.17,99
21427,SKULLS STORAGE BOX SMALL,Gifts,Box,517,1023.02,119
21428,SET3 BOOK BOX GREEN GINGHAM FLOWER,Gifts,Box,2939,11992.93,465
21429,RED GINGHAM ROSE JEWELLERY BOX,Gifts,Box,6593,11785.98,997
21430,SET/3 RED GINGHAM ROSE STORAGE BOX,Gifts,Box,4751,18551.7,814
21431,GREEN GINGHAM FLOWER JEWELLERY BOX,Gifts,Box,1488,2519.61,278
21432,SET OF 3 CASES WOODLAND DESIGN,Accessories,Case,943,5441.86,237
21437,24 HANGING EASTER EGGS FLORAL TUB,Home & Living,General,678,2354.67,109
21438,TUB 24 HANGING EASTER EGGS SPOTTY,Home & Living,General,378,1248.57,36
21439,BASKET OF TOADSTOOLS,Home & Living,Basket,2289,2881.34,240
21440,12 MINI TOADSTOOL PEGS,Home & Living,General,481,608.81,95
21441,BLUE BIRDHOUSE DECORATION,Gifts,Decoration,941,667.32,133
21442,GREEN BIRDHOUSE DECORATION,Gifts,Decoration,978,710.03,136
21443,OLIVE CHALET BIRDFEEDER,Home & Living,General,258,731.68,26
21444,BLUE CHALET BIRDFEEDER,Home & Living,General,291,902.03,36
21445,12 PINK ROSE PEG PLACE SETTINGS,Home & Living,General,1539,1912.23,146
21446,12 RED ROSE PEG PLACE SETTINGS,Home & Living,General,1277,1697.36,232
21447,12 IVORY ROSE PEG PLACE SETTINGS,Home & Living,General,2799,3872.64,336
21448,12 DAISY PEGS IN WOOD BOX,Gifts,Box,970,1666.63,211
21450,DISTRESSED CANDLE STICK WHITE,Home & Living,Candle,13,77.35,3
21452,TOADSTOOL MONEY BOX,Gifts,Box,1952,5984.36,408
21454,PAINTED PINK RABBIT,Home & Living,General,939,809.3,194
21455,PAINTED YELLOW WOODEN DAISY,Home & Living,General,901,797.27,167
21456,2 PICTURE BOOK EGGS EASTER CHICKS,Home & Living,General,738,776.05,65
21457,2 PICTURE BOOK EGGS EASTER DUCKS,Home & Living,General,686,717.25,65
21458,2 PICTURE BOOK EGGS EASTER BUNNY,Home & Living,General,768,849.24,88
21459,YELLOW EASTER EGG HUNT START POST,Gifts,Star,263,520.55,44
21460,GREEN EASTER EGG HUNT START POST,Gifts,Star,113,249.65,27
21461,BLUE EASTER EGG HUNT START POST,Gifts,Star,83,172.99,23
21462,"NURSERY A,B,C PAINTED LETTERS",Home & Living,General,424,2499.66,171
21463,MIRRORED DISCO BALL,Accessories,Mirror,1376,7629.46,302
21464,DISCO BALL ROTATOR BATTERY OPERATED,Electronics,Battery,560,2376.0,217
21465,PINK FLOWER CROCHET FOOD COVER,Home & Living,General,796,2886.89,187
21466,RED FLOWER CROCHET FOOD COVER,Home & Living,General,937,3517.29,275
21467,CHERRY CROCHET FOOD COVER,Home & Living,General,1031,3286.25,254
21468,BUTTERFLY CROCHET FOOD COVER,Home & Living,General,672,2372.64,142
21469,POLKA DOT RAFFIA FOOD COVER,Home & Living,General,1173,3512.01,210
21470,FLOWER VINE RAFFIA FOOD COVER,Home & Living,General,1121,4269.92,319
21471,STRAWBERRY RAFFIA FOOD COVER,Home & Living,General,1419,5144.38,319
21472,LADYBIRD + BEE RAFFIA FOOD COVER,Home & Living,General,1066,4115.32,285
21473,SWEETHEART CREAM STEEL TABLE RECT,Home & Living,General,157,3212.16,90
21474,SWEETHEART CREAM STEEL FOLDIN BENCH,Home & Living,General,210,4189.5,94
21475,SWEETHEART CREAM STEEL FOLDIN CHAIR,Home & Living,General,1,14.95,1
21476,STEEL SWEETHEART ROUND TABLE CREAM,Home & Living,General,144,2249.41,85
21477,STRING OF 20 ROSE LIGHTS,Electronics,Light,273,3248.94,45
21478,SILVER SKULL HOT WATER BOTTLE,Home & Living,Bottle,207,865.48,92
21479,WHITE SKULL HOT WATER BOTTLE,Home & Living,Bottle,6872,34617.93,930
21480,PINK STRIPE HOT WATER BOTTLE,Home & Living,Bottle,286,902.47,57
21481,FAWN BLUE HOT WATER BOTTLE,Home & Living,Bottle,8557,26988.98,1050
21482,MUSHROOM BLUE HOT WATER BOTTLE,Home & Living,Bottle,744,2308.56,184
21484,CHICK GREY HOT WATER BOTTLE,Home & Living,Bottle,4815,19113.15,864
21485,RED SPOT HEART HOT WATER BOTTLE,Gifts,Heart,7927,38840.8,1385
21486,PINK HEART DOTS HOT WATER BOTTLE,Gifts,Heart,1154,3794.05,294
21488,RED WHITE SCARF  HOT WATER BOTTLE,Accessories,Scarf,2448,10285.98,359
21489,BLUE WHITE SCARF HOT WATER BOTTLE,Accessories,Scarf,28,157.6,14
21490,SET OF THREE 50'S GIFT WRAPS,Gifts,Gift,639,1214.5,55
21491,SET OF THREE VINTAGE GIFT WRAPS,Gifts,Gift,2897,5404.06,248
21493,VINTAGE DESIGN GIFT TAGS,Gifts,Gift,272,252.45,29
21494,ROTATING LEAVES T-LIGHT HOLDER,Electronics,Light,3932,6670.58,501
21495,SKULLS WRAP,Gifts,Wrap,12515,5140.3,376
21496,WOODLAND CREATURES  WRAP,Gifts,Wrap,25,10.5,1
21497,FANCY FONTS BIRTHDAY WRAP,Gifts,Wrap,17625,7030.5,485
21498,RED SPOTS  WRAP,Gifts,Wrap,27201,11031.42,802
21499,BLUE SPOTS  WRAP,Gifts,Wrap,15452,6207.84,460
21500,PINK SPOTS  WRAP,Gifts,Wrap,16150,6521.0,492
21503,TOYBOX  WRAP,Gifts,Wrap,1801,740.42,64
21504,SKULLS GREETING CARD,Gifts,Card,5021,2050.38,329
21506,"FANCY FONT BIRTHDAY CARD,",Gifts,Card,11302,4707.38,665
21507,"ELEPHANT, BIRTHDAY CARD,",Gifts,Card,8322,3495.4,584
21508,VINTAGE KID DOLLY CARD,Gifts,Card,6802,2844.16,541
21509,COWBOYS AND INDIANS BIRTHDAY CARD,Gifts,Card,8817,3637.03,628
21511,VINTAGE COLLAGE  GREETING  CARD,Gifts,Card,40,16.8,2
21518,BANK ACCOUNT  GREETING  CARD,Gifts,Card,1131,479.36,109
21519,GIN & TONIC DIET GREETING CARD,Gifts,Card,7482,3205.43,553
21520,BOOZE & WOMEN GREETING CARD,Gifts,Card,995,428.45,108
21523,FANCY FONT HOME SWEET HOME DOORMAT,Home & Living,General,7050,47225.46,1122
21524,SPOTTY  HOME SWEET HOME DOORMAT,Home & Living,General,5342,36667.33,1150
21525,BEWARE OF THE CAT DOORMAT,Home & Living,General,2,13.5,2
21527,RETRO SPOT TRADITIONAL TEAPOT,Home & Living,General,3429,25612.27,831
21528,DAIRY MAID TRADITIONAL TEAPOT,Home & Living,General,910,5763.22,257
21529,RETRO SPOT CERAMIC TOASTRACK,Home & Living,General,513,1824.94,152
21530,DAIRY MAID CERAMIC TOASTRACK,Home & Living,General,966,1388.13,162
21531,RETRO SPOT SUGAR JAM BOWL,Gifts,Bow,4146,10349.47,776
21532,DAIRY MAID SUGAR JAM BOWL,Gifts,Bow,1389,1423.91,90
21533,RETRO SPOT LARGE MILK JUG,Home & Living,General,3421,16992.57,954
21534,DAIRY MAID LARGE MILK JUG,Home & Living,General,959,4877.81,342
21535,RETRO SPOT SMALL MILK JUG,Home & Living,General,6811,16926.25,1111
21536,DAIRY MAID  SMALL  MILK JUG,Home & Living,General,223,478.94,61
21537,RETRO SPOTS PUDDING BOWL,Gifts,Bow,1054,4547.84,256
21538,DAIRY MAID  PUDDING BOWL,Gifts,Bow,1314,1947.01,51
21539,RETRO SPOTS BUTTER DISH,Home & Living,General,2784,13853.59,709
21540,DAIRY MAID CERAMIC BUTTER DISH,Home & Living,General,1325,2403.45,87
21541,DINOSAURS WATER TRANSFER TATTOOS,Home & Living,General,1907,1636.24,201
21542,WOODLAND WATER TRANSFER TATTOOS,Home & Living,General,1882,1605.0,190
21543,BUTTERFLY WATER TRANSFER TATTOOS,Home & Living,General,284,215.0,24
21544,SKULLS  WATER TRANSFER TATTOOS,Home & Living,General,6131,5119.69,503
21545,CERAMIC BIRDHOUSE BUTTERFLY SMALL,Home & Living,General,698,1643.07,82
21547,CERAMIC BIRDHOUSE CRESTED TIT SMALL,Home & Living,General,728,1877.98,119
21548,CERAMIC BIRDHOUSE FINCH BLUE ROOF,Home & Living,General,691,1802.67,107
21549,CERAMIC BIRDHOUSE RED ROOF SMALL,Home & Living,General,547,1270.39,51
21550,CERAMIC BIRDHOUSE CRESTED TIT LARGE,Home & Living,General,301,1601.21,64
21551,CERAMIC BIRDHOUSE BUTTERFLY LARGE,Home & Living,General,169,824.95,22
21552,CERAMIC BIRDHOUSE BLACK ROSE  LARGE,Home & Living,General,166,843.55,35
21553,CERAMIC BIRDHOUSE FINCH BLUE  LARGE,Home & Living,General,92,593.17,39
21554,CERAMIC BIRDHOUSE RED ROOF LARGE,Home & Living,General,168,773.7,22
21555,CERAMIC STRAWBERRY TRINKET TRAY,Home & Living,General,431,1146.67,134
21556,CERAMIC STRAWBERRY MONEY BOX,Gifts,Box,1628,4310.55,293
21557,SET OF 6 FUNKY BEAKERS,Home & Living,General,956,3259.89,302
21558,SKULL LUNCHBOX WITH CUTLERY,Home & Living,General,4261,10988.52,768
21559,STRAWBERRY LUNCHBOX WITH CUTLERY,Home & Living,General,8341,20683.92,1221
21560,TOADSTOOL  LUNCHBOX WITH CUTLERY,Home & Living,General,4,15.44,4
21561,DINOSAUR LUNCHBOX WITH CUTLERY,Home & Living,General,2988,7354.87,522
21562,HAWAIIAN GRASS SKIRT,Home & Living,General,678,970.28,73
21563,RED HEART SHAPE LOVE BUCKET,Gifts,Heart,2802,6931.79,362
21564,PINK  HEART SHAPE LOVE BUCKET,Gifts,Heart,1968,4580.57,294
21576,LETS GO SHOPPING COTTON TOTE BAG,Accessories,Bag,743,1713.75,205
21577,SAVE THE PLANET COTTON TOTE BAG,Accessories,Bag,2593,5827.87,464
21578,WOODLAND DESIGN  COTTON TOTE BAG,Accessories,Bag,2224,5108.42,380
21579,LOLITA  DESIGN  COTTON TOTE BAG,Accessories,Bag,1044,1597.41,136
21580,RABBIT  DESIGN  COTTON TOTE BAG,Accessories,Bag,551,1349.88,172
21581,SKULLS  DESIGN  COTTON TOTE BAG,Accessories,Bag,1188,1935.17,203
21582,KINGS CHOICE SMALL TUBE MATCHES,Home & Living,Mat,117,193.05,16
21584,RETRO SPOT SMALL TUBE MATCHES,Home & Living,Mat,3876,6246.6,352
21585,SWALLOW SMALL TUBE MATCHES,Home & Living,Mat,1,1.65,1
21586,KINGS CHOICE GIANT TUBE MATCHES,Home & Living,Mat,2664,6203.7,238
21587,COSY HOUR GIANT TUBE MATCHES,Home & Living,Mat,2211,5508.45,260
21588,RETRO SPOT GIANT  TUBE MATCHES,Home & Living,Mat,3398,7868.4,284
21589,SWALLOW GIANT TUBE MATCHES,Home & Living,Mat,1119,2583.45,88
21590,KINGS CHOICE CIGAR BOX MATCHES,Gifts,Box,3456,4151.28,286
21591,COSY HOUR CIGAR BOX MATCHES,Gifts,Box,4124,6185.58,365
21592,RETRO SPOT  CIGAR BOX MATCHES,Gifts,Box,5991,6695.35,476
21593,SWALLOW CIGAR BOX MATCHES,Gifts,Box,1392,1630.56,94
21594,Dr. Jam's Arouzer Stress Ball,Home & Living,General,6,25.27,5
21595,Dad's Cab Electronic Meter,Electronics,Electronic,11,93.89,9
21596,Hypochondriac Pill Stress Ball,Home & Living,General,10,42.64,9
21609,SET 12 LAVENDER  BOTANICAL T-LIGHTS,Electronics,Light,1516,4239.4,218
21610,SET 12 PEAR BOTANICAL T-LIGHTS,Electronics,Light,549,1564.32,97
21611,SET OF 12 LILY BOTANICAL T-LIGHTS,Electronics,Light,754,2193.99,148
21612,SET 12 WILDFLOWER BOTANICAL T-LIGHT,Electronics,Light,698,2025.77,113
21613,S/12 VANILLA  BOTANICAL T-LIGHTS,Electronics,Light,636,1873.25,145
21614,SET OF 12 ROSE BOTANICAL T-LIGHTS,Electronics,Light,1628,4541.12,194
21615,4 LAVENDER BOTANICAL DINNER CANDLES,Home & Living,Candle,1187,2377.42,169
21616,4 PEAR BOTANICAL DINNER CANDLES,Home & Living,Candle,1164,2503.58,191
21617,4 LILY  BOTANICAL DINNER CANDLES,Home & Living,Candle,854,2202.51,169
21618,4 WILDFLOWER BOTANICAL CANDLES,Home & Living,Candle,704,1845.11,139
21619,4 VANILLA BOTANICAL CANDLES,Home & Living,Candle,1139,2092.89,212
21620,S/4 ROSE    BOTANICAL  CANDLE,Home & Living,Candle,1105,2236.73,222
21621,VINTAGE UNION JACK BUNTING,Home & Living,General,6945,60668.54,1292
21622,VINTAGE UNION JACK CUSHION COVER,Home & Living,Cushion,3745,20164.64,626
21623,VINTAGE UNION JACK MEMOBOARD,Home & Living,General,7200,52122.73,530
21624,VINTAGE UNION JACK DOORSTOP,Home & Living,General,1787,10736.35,403
21625,VINTAGE UNION JACK APRON,Home & Living,General,1016,7297.42,334
21626,VINTAGE UNION JACK PENNANT,Home & Living,General,1515,3060.9,204
21627,ELEPHANT CARNIVAL POUFFE,Home & Living,General,201,3885.73,115
21628,TRIANGULAR POUFFE VINTAGE,Home & Living,General,167,3230.13,87
21629,SQUARE FLOOR CUSHION VINTAGE PINK,Home & Living,Cushion,181,1993.17,105
21630,FLOOR CUSHION ELEPHANT CARNIVAL,Home & Living,Cushion,167,2037.6,95
21631,HIPPY CHIC DECORATIVE PARASOL,Home & Living,General,221,1571.75,54
21632,VINTAGE PINK DECORATIVE PARASOL,Home & Living,General,134,1114.46,53
21633,SUNFLOWER DECORATIVE PARASOL,Home & Living,General,176,1675.86,72
21634,ASSORTED MINI MADRAS NOTEBOOK,Home & Living,General,1773,1512.76,69
21635,MADRAS NOTEBOOK LARGE,Home & Living,General,403,873.99,42
21636,MADRAS NOTEBOOK MEDIUM,Home & Living,General,1032,1020.84,98
21637,ASSORTED SANSKRIT MINI NOTEBOOK,Home & Living,General,1358,1741.72,93
21638,ASSORTED TUTTI FRUTTI NOTEBOOK,Home & Living,General,1048,2294.51,142
21639,ASSORTED TUTTI FRUTTI KEYRING,Accessories,Keyring,259,228.65,15
21640,ASSORTED TUTTI FRUTTI  FOB NOTEBOOK,Home & Living,General,2269,2088.42,205
21641,ASSORTED TUTTI FRUTTI KEYRING BALL,Accessories,Keyring,1674,959.59,111
21642,ASSORTED TUTTI FRUTTI PEN,Home & Living,General,4425,2588.06,251
21643,ASSORTED TUTTI FRUTTI MIRROR,Accessories,Mirror,1536,2161.81,204
21644,ASSORTED TUTTI FRUTTI HEART BOX,Gifts,Box,1106,1485.22,137
21645,ASSORTED TUTTI FRUTTI ROUND BOX,Gifts,Box,999,1692.15,133
21647,ASSORTED TUTTI FRUTTI LARGE PURSE,Accessories,Purse,880,1966.48,144
21648,ASSORTED TUTTI FRUTTI SMALL PURSE,Accessories,Purse,2997,4056.71,231
21649,ASSORTED TUTTI FRUTTI PHOTO FRAME,Home & Living,Frame,421,1162.89,29
21650,ASSORTED TUTTI FRUTTI BRACELET,Accessories,Bracelet,3262,1203.52,197
21651,HANGING GLASS ETCHED TEALIGHT,Home & Living,Glass,1436,2327.53,124
21652,GLASS ETCHED T-LIGHT HOLDER MEDIUM,Electronics,Light,903,1761.59,78
21653,GLASS ETCHED T-LIGHT HOLDER LARGE,Electronics,Light,1251,2576.17,111
21654,RIDGED GLASS FINGER BOWL,Gifts,Bow,1201,833.59,82
21655,HANGING RIDGE GLASS T-LIGHT HOLDER,Electronics,Light,1402,2287.64,89
21656,RIDGED GLASS POSY VASE,Home & Living,Glass,995,1636.68,140
21657,MILK BOTTLE WITH GLASS STOPPER,Home & Living,Bottle,272,2079.11,118
21658,GLASS  BEURRE DISH,Home & Living,Glass,2263,9458.15,519
21659,GLASS CAKE STAND,Home & Living,Glass,121,1906.65,66
21661,VINTAGE GLASS TEA CADDY,Home & Living,Glass,240,1517.26,98
21662,VINTAGE GLASS COFFEE CADDY,Home & Living,Glass,274,1782.56,106
21663,VINTAGE GLASS SUGAR CADDY,Home & Living,Glass,76,488.16,32
21664,RIDGED GLASS STORAGE JAR CREAM LID,Home & Living,Glass,268,1068.57,67
21665,TRIANGULAR RIDGED GLASS POSY HOLDER,Home & Living,Holder,879,638.8,75
21666,RIDGED GLASS T-LIGHT HOLDER,Electronics,Light,1767,1110.71,85
21667,GLASS CAKE COVER AND PLATE,Home & Living,Plate,354,6126.25,163
21668,RED STRIPE CERAMIC DRAWER KNOB,Home & Living,Drawer,10464,14053.29,825
21669,BLUE STRIPE CERAMIC DRAWER KNOB,Home & Living,Drawer,10763,14092.17,805
21670,BLUE SPOT CERAMIC DRAWER KNOB,Home & Living,Drawer,8997,12287.34,767
21671,RED SPOT CERAMIC DRAWER KNOB,Home & Living,Drawer,9590,12474.38,727
21672,WHITE SPOT RED CERAMIC DRAWER KNOB,Home & Living,Drawer,11210,14529.81,815
21673,WHITE SPOT BLUE CERAMIC DRAWER KNOB,Home & Living,Drawer,10276,13568.06,763
21674,RIDGED GLASS PENDANT LAMPSHADE,Electronics,Lamp,44,697.8,9
21675,BUTTERFLIES STICKERS,Home & Living,General,1829,1620.84,268
21676,FLOWERS  STICKERS,Home & Living,General,1212,909.87,159
21677,HEARTS  STICKERS,Gifts,Heart,2176,1909.21,279
21678,PAISLEY PATTERN  STICKERS,Home & Living,General,582,432.31,80
21679,SKULLS  STICKERS,Home & Living,General,4955,4109.15,370
21680,WOODLAND  STICKERS,Home & Living,General,2939,2554.15,268
21681,GIANT MEDINA STAMPED METAL BOWL,Gifts,Bow,235,2254.71,79
21682,LARGE MEDINA STAMPED METAL BOWL,Gifts,Bow,579,2866.59,152
21683,MEDIUM MEDINA STAMPED METAL BOWL,Gifts,Bow,962,2837.13,152
21684,SMALL MEDINA STAMPED METAL BOWL,Gifts,Bow,1747,1405.94,104
21685,MEDINA STAMPED METAL TRAY,Home & Living,General,3,44.85,2
21686,MEDINA STAMPED METAL STOOL,Home & Living,General,66,2500.09,33
21687,SILVER PLATE CANDLE BOWL LARGE,Gifts,Bow,481,1886.23,101
21688,SILVER PLATE CANDLE BOWL SMALL,Gifts,Bow,967,3010.86,142
21689,SILVER VANILLA  FLOWER CANDLE POT,Home & Living,Candle,344,1275.62,60
21690,SILVER  CANDLEPOT JARDIN,Home & Living,Candle,285,1092.09,82
21691,SILVER VANILLA FLOWER CANDLE POT,Home & Living,Candle,254,979.74,72
21692,SILVER LATTICE VANILLA CANDLE POT,Home & Living,Candle,519,1970.37,111
21693,SMALL HAMMERED SILVER CANDLEPOT,Home & Living,Candle,949,2887.6,120
21694,SMALL REGAL  SILVER CANDLEPOT,Home & Living,Candle,580,1663.96,70
21695,SMALL SILVER FLOWER CANDLE POT,Home & Living,Candle,654,2022.98,102
21696,SMALL SILVER TRELLIS CANDLEPOT,Home & Living,Candle,798,2398.65,107
21697,SET 5 MINI DOUGHNUT FRIDGE MAGNET,Home & Living,General,372,295.08,7
21698,MOCK LOBSTER FRIDGE MAGNET,Home & Living,General,539,411.52,112
21699,SET 5 MINI CHOCOLATE FRIDGE MAGNETS,Home & Living,General,108,82.44,3
21700,BIG DOUGHNUT FRIDGE MAGNETS,Home & Living,General,6470,7219.46,525
21702,SET 5 MINI GATEAUX  FRIDGE MAGNETS,Home & Living,General,2636,918.68,8
21703,BAG 125g SWIRLY MARBLES,Accessories,Bag,14797,5742.31,561
21704,BAG 250g SWIRLY MARBLES,Accessories,Bag,17304,13347.6,568
21705,BAG 500g SWIRLY MARBLES,Accessories,Bag,2563,3210.66,225
21706,"FOLDING UMBRELLA , RED/WHITE SPOT",Accessories,Umbrella,1360,5111.71,254
21707,"FOLDING UMBRELLA , BLACK/BLUE  SPOT",Accessories,Umbrella,1010,4209.7,172
21708,FOLDING UMBRELLA  CREAM/MULTI  SPOT,Accessories,Umbrella,614,2351.33,129
21709,FOLDING UMBRELLA  CHOC/WHITE  SPOT,Accessories,Umbrella,700,2896.52,117
21710,FOLDING UMBRELLA  PINK/WHITE  SPOT,Accessories,Umbrella,731,2270.2,110
21711,FOLDING UMBRELLA  WHITE/RED  SPOT,Accessories,Umbrella,385,1575.73,71
21713,CITRONELLA CANDLE FLOWERPOT,Home & Living,Candle,2783,5254.66,391
21714,CITRONELLA CANDLE GARDEN POT,Home & Living,Candle,4324,6236.16,522
21715,GIRLS VINTAGE TIN SEASIDE BUCKET,Home & Living,Tin,3564,9017.8,487
21716,BOYS VINTAGE TIN SEASIDE BUCKET,Home & Living,Tin,3750,9531.74,496
21717,EASTER TIN BUCKET,Home & Living,Tin,1562,4062.54,176
21718,RED METAL BEACH SPADE,Home & Living,General,4047,5274.07,467
21719,LOVELY BONBON STICKER SHEET,Home & Living,General,942,845.36,141
21720,CAKE SHOP  STICKER SHEET,Home & Living,General,1082,941.71,112
21721,CANDY SHOP  STICKER SHEET,Home & Living,General,1140,1042.72,144
21722,SWEET PUDDING STICKER SHEET,Home & Living,General,363,343.78,79
21723,ALPHABET HEARTS STICKER SHEET,Gifts,Heart,899,799.61,135
21724,PANDA AND BUNNIES STICKER SHEET,Home & Living,General,1038,926.47,178
21725,SWEETIES  STICKERS,Home & Living,General,1159,1064.12,173
21726,MULTI HEARTS  STICKERS,Gifts,Heart,1114,964.06,155
21728,METAL MEDINA LANTERN,Home & Living,General,300,2798.61,40
21729,SMALL MARAKESH METAL  LANTERN,Home & Living,General,124,422.9,30
21730,GLASS STAR FROSTED T-LIGHT HOLDER,Electronics,Light,1278,6273.44,293
21731,RED TOADSTOOL LED NIGHT LIGHT,Electronics,Light,29715,49539.69,1537
21732,RED HANGING METAL STAR TLIGHT HLDR,Gifts,Star,933,3244.57,58
21733,RED HANGING HEART T-LIGHT HOLDER,Electronics,Light,17999,51556.97,1760
21734,SMALL MARAKESH LANTERN ON STICK,Home & Living,General,98,533.24,29
21735,TWO DOOR CURIO CABINET,Home & Living,General,887,11503.15,262
21736,GOLD SCROLL GLASS T-LIGHT HOLDER,Electronics,Light,205,418.89,27
21737,SET 3 WICKER LOG BASKETS,Home & Living,Basket,400,7402.56,164
21738,COSY SLIPPER SHOES SMALL  RED,Home & Living,General,451,1417.06,131
21739,COSY SLIPPER SHOES SMALL GREEN,Home & Living,General,511,1502.0,177
21740,COSY SLIPPER SHOES LARGE RED,Home & Living,General,204,706.86,66
21741,COSY SLIPPER SHOES LARGE GREEN,Home & Living,General,739,2411.77,190
21742,LARGE ROUND WICKER PLATTER,Home & Living,General,442,2683.8,193
21743,STAR PORTABLE TABLE LIGHT,Electronics,Light,1447,4209.57,182
21744,SNOWFLAKE PORTABLE TABLE LIGHT,Electronics,Light,931,2806.35,217
21745,GAOLERS KEYS DECORATIVE GARDEN,Home & Living,Garden,2737,9340.07,486
21746,SMALL RED SPOT  WINDMILL,Home & Living,General,5970,7478.37,488
21747,SMALL SKULL WINDMILL,Home & Living,General,2050,2453.6,153
21749,LARGE RED SPOT WINDMILL,Home & Living,General,5661,10997.82,286
21750,LARGE SKULL WINDMILL,Home & Living,General,313,678.58,62
21752,GLASS CAKE STAND MIRRORED BASE,Accessories,Mirror,78,1259.76,37
21754,HOME BUILDING BLOCK WORD,Home & Living,General,7847,48079.69,2066
21755,LOVE BUILDING BLOCK WORD,Home & Living,General,5774,35641.99,1696
21756,BATH BUILDING BLOCK WORD,Home & Living,General,1671,10317.36,581
21757,LIGHTHOUSE PRINTED METAL SIGN,Electronics,Light,80,454.3,42
21758,VINTAGE SHELLS PRINT,Home & Living,General,138,1107.92,79
21759,METAL WALL SHELF UNIT WITH HOOKS,Home & Living,Shelf,30,1274.47,13
21760,FRENCH STYLE WALL DRESSER,Home & Living,General,15,1740.0,12
21761,WOOD AND GLASS MEDICINE CABINET,Home & Living,Glass,67,1874.65,24
21763,VINTAGE WOODEN BAR STOOL,Home & Living,General,43,1157.9,17
21764,VINTAGE WOODEN PLATE RACK,Home & Living,Plate,17,659.15,11
21765,HANGING METAL BIRD BATH,Home & Living,General,381,3155.89,143
21767,FRENCH STYLE WIRE DOOR CABINET,Home & Living,General,1,29.95,1
21768,WALL MOUNTED VINTAGE ORGANISER,Home & Living,General,510,6924.04,163
21769,VINTAGE POST OFFICE CABINET,Home & Living,General,134,8562.52,48
21770,OPEN CLOSED METAL SIGN,Home & Living,General,2996,14832.05,651
21772,VINTAGE METAL CAKE STAND CREAM,Home & Living,General,1,12.75,1
21773,DECORATIVE ROSE BATHROOM BOTTLE,Home & Living,Bottle,1665,1939.49,308
21774,DECORATIVE CATS BATHROOM BOTTLE,Home & Living,Bottle,1748,2201.26,368
21775,DECORATIVE FLORE BATHROOM BOTTLE,Home & Living,Bottle,883,1347.62,277
21777,RECIPE BOX WITH METAL HEART,Gifts,Box,1147,9242.46,367
21779,MA CAMPAGNE MINI WOODEN CHEST,Home & Living,General,301,1097.8,22
21780,MA CAMPAGNE 4 DRAWER WALL SHELF,Home & Living,Drawer,203,1745.85,32
21781,MA CAMPAGNE CUTLERY BOX,Gifts,Box,671,10364.92,363
21784,SHOE SHINE BOX,Gifts,Box,302,3657.68,178
21785,RAIN PONCHO,Home & Living,General,2016,1524.79,100
21786,RAIN HAT WITH RED SPOTS,Accessories,Hat,7801,3193.59,450
21787,RAIN PONCHO WITH RED SPOTS,Home & Living,General,15192,11993.16,469
21788,KIDS RAIN MAC BLUE,Home & Living,General,3404,2749.74,206
21789,KIDS RAIN MAC PINK,Home & Living,General,2950,2464.19,218
21790,VINTAGE SNAP CARDS,Gifts,Card,27942,24095.6,1888
21791,VINTAGE HEADS AND TAILS CARD GAME,Gifts,Card,18585,23993.23,1313
21792,CLASSIC FRENCH STYLE BASKET GREEN,Home & Living,Basket,498,2551.7,141
21793,CLASSIC FRENCH STYLE BASKET BROWN,Home & Living,Basket,353,1627.36,102
21794,CLASSIC FRENCH STYLE BASKET NATURAL,Home & Living,Basket,716,3585.98,178
21795,SET OF 3 BLUE STRIPE BASKET,Home & Living,Basket,441,3734.94,80
21796,SET OF 3 RED STRIPE BASKETS,Home & Living,Basket,324,2782.19,67
21801,CHRISTMAS TREE DECORATION WITH BELL,Gifts,Christmas,3789,1633.83,258
21802,CHRISTMAS TREE HEART DECORATION,Gifts,Heart,4738,2070.52,323
21803,CHRISTMAS TREE STAR DECORATION,Gifts,Star,4853,2105.22,322
21804,WHITE CHRISTMAS GARLAND STARS TREES,Gifts,Star,620,2338.85,137
21805,WHITE CHRISTMAS TREE DECORATION,Gifts,Christmas,2221,957.63,103
21806,WHITE CHRISTMAS HEART DECORATION,Gifts,Heart,2717,1183.63,128
21807,WHITE CHRISTMAS STAR DECORATION,Gifts,Star,3433,1511.53,172
21808,"CHRISTMAS GARLAND STARS,TREES",Gifts,Star,1016,2771.78,144
21809,CHRISTMAS HANGING TREE WITH BELL,Gifts,Christmas,3050,2484.64,207
21810,CHRISTMAS HANGING STAR WITH BELL,Gifts,Star,7114,4496.76,344
21811,CHRISTMAS HANGING HEART WITH BELL,Gifts,Heart,6461,4742.29,382
21812,GARLAND WITH HEARTS AND BELLS,Gifts,Heart,841,4116.57,205
21813,GARLAND WITH STARS AND BELLS,Gifts,Star,848,3987.4,184
21814,HEART T-LIGHT HOLDER,Electronics,Light,691,1048.51,95
21815,STAR  T-LIGHT HOLDER,Electronics,Light,750,1187.67,92
21816,CHRISTMAS TREE T-LIGHT HOLDER,Electronics,Light,426,643.14,50
21817,GLITTER CHRISTMAS TREE,Gifts,Christmas,1772,1148.06,130
21818,GLITTER CHRISTMAS HEART,Gifts,Heart,4434,2751.29,285
21819,GLITTER CHRISTMAS STAR,Gifts,Star,3938,2323.92,248
21820,GLITTER HEART GARLAND WITH BELLS,Gifts,Heart,836,3297.75,180
21821,GLITTER STAR GARLAND WITH BELLS,Gifts,Star,736,2983.81,153
21822,GLITTER CHRISTMAS TREE WITH BELLS,Gifts,Christmas,1132,1542.1,142
21823,PAINTED METAL HEART WITH HOLLY BELL,Gifts,Heart,2487,2480.33,212
21824,PAINTED METAL STAR WITH HOLLY BELLS,Gifts,Star,2803,2382.38,211
21825,PAINTED METAL TREE WITH HOLLY BELLS,Home & Living,General,737,1058.99,75
21826,EIGHT PIECE DINOSAUR SET,Home & Living,General,1833,2383.24,240
21827,EIGHT PIECE CREEPY CRAWLIE SET,Home & Living,General,843,1078.89,134
21828,EIGHT PIECE SNAKE  SET,Home & Living,General,1118,1420.43,180
21829,DINOSAUR KEYRINGS ASSORTED,Accessories,Keyring,15269,3297.92,409
21830,ASSORTED CREEPY CRAWLIES,Home & Living,General,8119,3380.94,256
21832,CHOCOLATE CALCULATOR,Electronics,Calculator,3439,6034.19,459
21833,CAMOUFLAGE LED TORCH,Electronics,Torch,6563,11218.49,444
21836,GINGHAM OVEN GLOVE RED HEART,Gifts,Heart,253,1026.63,100
21837,CROSS STITCH ALPHABET CUSHION COVER,Home & Living,Cushion,245,1628.59,91
21838,DADDY MOUSE RED GINGHAM BOW TIE,Gifts,Bow,1,5.45,1
21839,MUMMY MOUSE RED GINGHAM RIBBON,Gifts,Ribbon,204,1101.94,83
21841,BABY MOUSE RED GINGHAM DRESS,Home & Living,General,441,1874.47,132
21842,PINK HEART CANDY BUTTON CALCULATOR,Electronics,Calculator,551,1308.74,47
21843,RETRO SPOT CAKE STAND,Home & Living,General,6290,66620.2,1527
21844,RETRO SPOT MUG,Home & Living,Mug,5443,15556.67,494
21845,DAIRY MAID STRIPE MUG,Home & Living,Mug,2540,3812.3,158
21846,PINK DIAMANTE PEN IN GIFT BOX,Gifts,Gift,1649,3937.4,264
21847,GREEN  DIAMANTE PEN IN GIFT BOX,Gifts,Gift,348,679.58,71
21849,SILVER DIAMANTE PEN IN GIFT BOX,Gifts,Gift,660,1611.98,134
21850,BLUE  DIAMANTE PEN IN GIFT BOX,Gifts,Gift,460,1132.15,106
21851,LILAC DIAMANTE PEN IN GIFT BOX,Gifts,Gift,645,1549.57,149
21852,EMPIRE TEDDY,Gifts,Teddy,2,13.9,2
21853,GUMBALL CUSTOM CARS TOP TRUMPS GAME,Gifts,Game,3,15.4,3
21854,EURO FOOTBALL STARS TOP TRUMPS GAME,Gifts,Star,1,5.17,1
21857,STAR WARS TOP TRUMPS GAME,Gifts,Star,2,10.23,2
21858,HIGH SCHOOL MUSICAL 3 TOP TRUMPS,Home & Living,General,2,10.23,2
21860,DR WHO TOP TRUMPS GAME,Gifts,Game,1,5.17,1
21864,UNION JACK FLAG PASSPORT COVER,Home & Living,General,1965,4692.08,411
21865,PINK UNION JACK  PASSPORT COVER,Home & Living,General,908,2115.06,297
21866,UNION JACK FLAG LUGGAGE TAG,Home & Living,General,2227,3703.64,453
21867,PINK UNION JACK  LUGGAGE TAG,Home & Living,General,1182,1611.63,288
21868,POTTING SHED TEA MUG,Home & Living,Mug,9255,11408.72,881
21869,POTTING SHED COFFEE MUG,Home & Living,Mug,1267,1473.33,111
21870,I CAN ONLY PLEASE ONE PERSON MUG,Home & Living,Mug,6398,8025.53,630
21871,SAVE THE PLANET MUG,Home & Living,Mug,11698,13955.91,779
21872,GLAMOROUS  MUG,Home & Living,Mug,5125,5213.49,330
21873,IF YOU CAN'T STAND THE HEAT MUG,Home & Living,Mug,2079,2448.37,199
21874,GIN AND TONIC MUG,Home & Living,Mug,6489,8451.84,617
21875,KINGS CHOICE MUG,Home & Living,Mug,6860,7953.57,414
21876,POTTERING MUG,Home & Living,Mug,5728,7472.99,623
21877,HOME SWEET HOME MUG,Home & Living,Mug,14187,16126.02,755
21878,PACK OF 6 SANDCASTLE FLAGS ASSORTED,Home & Living,General,5596,4595.79,403
21879,HEARTS GIFT TAPE,Gifts,Gift,1579,674.66,152
21880,RED AND WHITE SPOT TAPE,Home & Living,General,2519,1314.24,329
21881,CUTE CATS TAPE,Home & Living,General,1345,563.4,118
21882,SKULLS TAPE,Home & Living,General,1064,508.25,119
21883,STARS GIFT TAPE,Gifts,Gift,2414,1244.4,226
21884,CAKES AND BOWS GIFT  TAPE,Gifts,Gift,1455,673.21,161
21888,BINGO SET,Home & Living,General,3586,14171.59,825
21889,WOODEN BOX OF DOMINOES,Gifts,Box,13231,17636.32,1123
21890,S/6 WOODEN SKITTLES IN COTTON BAG,Accessories,Bag,3549,10658.8,547
21891,TRADITIONAL WOODEN SKIPPING ROPE,Home & Living,General,12282,15756.65,835
21892,TRADITIONAL WOODEN CATCH CUP GAME,Gifts,Game,7972,10370.32,818
21893,POTTING SHED SEED TIN,Home & Living,Pot,172,587.8,20
21894,POTTING SHED SEED ENVELOPES,Home & Living,Pot,1352,1886.22,247
21895,POTTING SHED SOW 'N' GROW SET,Home & Living,Pot,557,1731.35,85
21896,POTTING SHED TWINE,Home & Living,Pot,2412,5011.31,290
21897,POTTING SHED CANDLE CITRONELLA,Home & Living,Candle,872,2659.06,106
21898,POTTING SHED ROSE CANDLE,Home & Living,Candle,829,2544.71,113
21899,"KEY FOB , GARAGE DESIGN",Home & Living,General,6804,4411.73,622
21900,"KEY FOB , SHED",Home & Living,General,8472,5632.05,835
21901,"KEY FOB , BACK DOOR",Home & Living,General,6300,4158.86,688
21902,"KEY FOB , FRONT  DOOR",Home & Living,General,5457,3472.74,474
21903,MAN FLU METAL SIGN,Home & Living,General,3476,7018.19,407
21904,HOUSE WRECKING METAL SIGN,Home & Living,General,764,1216.22,145
21905,MORE BUTTER METAL SIGN,Home & Living,General,1624,2159.97,263
21906,PHARMACIE FIRST AID TIN,Home & Living,Tin,1819,13184.05,424
21907,I'M ON HOLIDAY METAL SIGN,Home & Living,General,5264,11068.43,771
21908,CHOCOLATE THIS WAY METAL SIGN,Home & Living,General,9865,19534.11,974
21910,WAY OUT METAL SIGN,Home & Living,General,1067,1399.83,111
21911,GARDEN METAL SIGN,Home & Living,Garden,2569,4125.64,344
21912,VINTAGE SNAKES & LADDERS,Home & Living,General,3800,14968.49,828
21913,VINTAGE SEASIDE JIGSAW PUZZLES,Home & Living,General,1157,4430.7,298
21914,BLUE HARMONICA IN BOX,Gifts,Box,13311,18198.1,963
21915,RED  HARMONICA IN BOX,Gifts,Box,38191,44808.8,1025
21916,SET 12 RETRO WHITE CHALK STICKS,Home & Living,General,11154,4815.77,713
21917,SET 12 KIDS  WHITE CHALK STICKS,Home & Living,General,8082,3358.33,467
21918,SET 12 KIDS COLOUR  CHALK STICKS,Home & Living,General,14747,6084.24,788
21919,Electronic Talking Breath-A-Loser,Electronics,Electronic,6,30.47,5
21922,UNION STRIPE WITH FRINGE  HAMMOCK,Home & Living,General,1452,11297.82,388
21923,RED/CREAM STRIPE FRINGE HAMMOCK,Home & Living,General,339,2678.54,119
21924,BLUE/CREAM STRIPE FRINGE HAMMOCK,Home & Living,General,315,2486.66,123
21925,UNION STRIPE CUSHION COVER,Home & Living,Cushion,1217,1582.33,167
21926,RED/CREAM STRIPE CUSHION COVER,Home & Living,Cushion,1011,1327.77,147
21927,BLUE/CREAM STRIPE CUSHION COVER,Home & Living,Cushion,1284,1758.24,192
21928,JUMBO BAG SCANDINAVIAN PAISLEY,Accessories,Bag,24780,47095.72,1542
21929,JUMBO BAG PINK VINTAGE PAISLEY,Accessories,Bag,25954,50334.1,1619
21930,JUMBO STORAGE BAG SKULLS,Accessories,Bag,13657,27923.57,1321
21931,JUMBO STORAGE BAG SUKI,Accessories,Bag,29503,62285.28,2329
21932,SCANDINAVIAN PAISLEY PICNIC BAG,Accessories,Bag,3889,8549.47,649
21933,PINK VINTAGE PAISLEY PICNIC BAG,Accessories,Bag,4151,9191.6,625
21934,SKULL SHOULDER BAG,Accessories,Bag,4648,8402.97,725
21935,SUKI  SHOULDER BAG,Accessories,Bag,7209,13353.81,921
21936,RED/WHITE SPOT PICNIC BAG,Accessories,Bag,7833,22847.59,1046
21937,STRAWBERRY   PICNIC BAG,Accessories,Bag,4123,12118.51,657
21942,SKULLS DESIGN FLANNEL,Home & Living,General,1689,1164.5,221
21943,CAKES AND RABBITS DESIGN FLANNEL,Home & Living,General,593,532.48,149
21944,KITTENS DESIGN FLANNEL,Home & Living,General,1798,1120.14,204
21945,STRAWBERRIES  DESIGN FLANNEL,Home & Living,General,1903,1355.72,240
21946,PARTY TIME DESIGN FLANNEL,Home & Living,General,625,358.97,67
21947,SET OF 6 HEART CHOPSTICKS,Gifts,Heart,1711,2351.59,298
21948,SET OF 6 CAKE CHOPSTICKS,Home & Living,General,2310,2952.69,267
21949,SET OF 6 STRAWBERRY CHOPSTICKS,Home & Living,General,2636,3224.28,269
21950,SET OF 6 DOTS CHOPSTICKS,Home & Living,General,211,263.63,18
21955,UNION JACK GUNS & ROSES  DOORMAT,Home & Living,General,3943,24024.17,729
21967,PACK OF 12 SKULL TISSUES,Home & Living,General,15917,4484.51,479
21972,SET OF 36 DINOSAUR PAPER DOILIES,Home & Living,General,1056,1562.27,171
21973,SET OF 36 MUSHROOM PAPER DOILIES,Home & Living,General,1676,2428.73,210
21974,SET OF 36 PAISLEY FLOWER DOILIES,Home & Living,General,7059,10656.3,808
21975,PACK OF 60 DINOSAUR CAKE CASES,Accessories,Case,31575,15381.95,1303
21976,PACK OF 60 MUSHROOM CAKE CASES,Accessories,Case,14818,7946.03,950
21977,PACK OF 60 PINK PAISLEY CAKE CASES,Accessories,Case,56794,28490.98,1993
21980,PACK OF 12 RED SPOTTY TISSUES,Home & Living,General,31551,8714.44,676
21981,PACK OF 12 WOODLAND TISSUES,Home & Living,General,26472,7213.86,553
21982,PACK OF 12 SUKI TISSUES,Home & Living,General,32827,10589.35,718
21983,PACK OF 12 BLUE PAISLEY TISSUES,Home & Living,General,6275,1925.59,325
21984,PACK OF 12 PINK PAISLEY TISSUES,Home & Living,General,25509,7077.05,432
21985,PACK OF 12 HEARTS DESIGN TISSUES,Gifts,Heart,25708,9032.96,919
21986,PACK OF 12 PINK SPOT TISSUES,Home & Living,General,13536,4808.57,469
21987,PACK OF 6 SKULL PAPER CUPS,Home & Living,Cup,6438,4001.71,385
21988,PACK OF 6 SKULL PAPER PLATES,Home & Living,Plate,7855,5848.68,416
21989,PACK OF 20 SKULL PAPER NAPKINS,Home & Living,General,8584,6822.88,654
21990,MODERN FLORAL STATIONERY SET,Home & Living,General,2500,4646.23,497
21991,BOHEMIAN COLLAGE STATIONERY SET,Home & Living,General,1118,1966.07,289
21992,VINTAGE PAISLEY STATIONERY SET,Home & Living,General,3437,7039.27,656
21993,FLORAL FOLK STATIONERY SET,Home & Living,General,2907,5366.54,577
22016,Dotcomgiftshop Gift Voucher £100.00,Gifts,Gift,1,83.33,1
22021,BLUE FELT EASTER EGG BASKET,Home & Living,Basket,1439,2473.21,233
22023,EMPIRE BIRTHDAY CARD,Gifts,Card,5112,2136.46,430
22024,RAINY LADIES BIRTHDAY CARD,Gifts,Card,5478,2294.83,439
22025,RING OF ROSES BIRTHDAY CARD,Gifts,Card,4011,1661.01,288
22026,BANQUET BIRTHDAY  CARD,Gifts,Card,4066,1733.44,366
22027,TEA PARTY BIRTHDAY CARD,Gifts,Card,11459,4877.11,845
22028,PENNY FARTHING BIRTHDAY CARD,Gifts,Card,6408,2693.73,507
22029,SPACE BOY BIRTHDAY CARD,Gifts,Card,17895,7405.97,1101
22030,SWALLOWS GREETING CARD,Gifts,Card,13059,5333.92,685
22031,BOTANICAL LAVENDER BIRTHDAY CARD,Gifts,Card,1137,499.03,142
22032,BOTANICAL LILY GREETING CARD,Gifts,Card,980,418.12,111
22033,BOTANICAL ROSE GREETING CARD,Gifts,Card,1615,686.97,128
22034,ROBIN CHRISTMAS CARD,Gifts,Card,1656,689.87,94
22035,VINTAGE CARAVAN GREETING CARD,Gifts,Card,4109,1743.02,360
22036,DINOSAUR BIRTHDAY CARD,Gifts,Card,1673,705.19,135
22037,ROBOT BIRTHDAY CARD,Gifts,Card,7192,3096.24,634
22038,BOTANICAL LAVENDER GIFT WRAP,Gifts,Gift,1150,481.0,45
22039,BOTANICAL LILY GIFT WRAP,Gifts,Gift,850,353.0,30
22040,BOTANICAL ROSE GIFT WRAP,Gifts,Gift,2815,1144.3,94
22041,"RECORD FRAME 7"" SINGLE SIZE",Home & Living,Frame,7861,19371.46,555
22042,CHRISTMAS CARD SINGING ANGEL,Gifts,Card,1841,670.64,128
22043,CHRISTMAS CARD SCREEN PRINT,Gifts,Card,2234,634.92,125
22044,CHRISTMAS CARD STACK OF PRESENTS,Gifts,Card,2000,575.48,89
22045,SPACE BOY GIFT WRAP,Gifts,Gift,14667,6034.14,473
22046,TEA PARTY  WRAPPING PAPER,Gifts,Wrap,6375,2613.5,208
22047,EMPIRE GIFT WRAP,Gifts,Gift,8300,3372.0,261
22048,BIRTHDAY BANQUET GIFT WRAP,Gifts,Gift,2840,1176.8,102
22049,WRAP CHRISTMAS SCREEN PRINT,Gifts,Wrap,3625,1056.75,114
22050,PINK PAISLEY ROSE GIFT WRAP,Gifts,Gift,3325,1364.5,115
22051,BLUE SCANDINAVIAN PAISLEY WRAP,Gifts,Wrap,3225,1338.5,116
22052,VINTAGE CARAVAN GIFT WRAP,Gifts,Gift,3600,1492.0,128
22053,EMPIRE DESIGN ROSETTE,Home & Living,General,4553,4023.39,87
22054,MINI CAKE STAND HANGING HEARTS,Gifts,Heart,363,658.31,74
22055,MINI CAKE STAND  HANGING STRAWBERY,Home & Living,General,4945,8212.19,724
22056,CERAMIC PLATE LOVE HEART DESIGN,Gifts,Heart,611,662.83,34
22057,CERAMIC PLATE STRAWBERRY DESIGN,Home & Living,Plate,3081,4043.02,260
22058,CERAMIC LOVE HEARTS DESIGN MUG,Gifts,Heart,528,807.64,103
22059,CERAMIC STRWBERRY DESIGN MUG,Home & Living,Mug,5084,6847.35,458
22060,LARGE CAKE STAND HANGING HEARTS,Gifts,Heart,737,5719.21,158
22061,LARGE CAKE STAND  HANGING STRAWBERY,Home & Living,General,2189,19300.47,520
22062,CERAMIC BOWL WITH LOVE HEART DESIGN,Gifts,Heart,769,1261.15,126
22063,CERAMIC BOWL WITH STRAWBERRY DESIGN,Gifts,Bow,2327,6426.86,356
22064,PINK DOUGHNUT TRINKET POT,Home & Living,Pot,6711,10791.56,693
22065,CHRISTMAS PUDDING TRINKET POT,Gifts,Christmas,8786,6504.24,456
22066,LOVE HEART TRINKET POT,Gifts,Heart,3458,2745.55,273
22067,CHOC TRUFFLE GOLD TRINKET POT,Home & Living,Pot,1905,3105.24,252
22068,BLACK PIRATE TREASURE CHEST,Home & Living,General,1139,2039.35,276
22069,BROWN  PIRATE TREASURE CHEST,Home & Living,General,986,2225.08,267
22070,SMALL RETRO SPOT MUG IN BOX  RED,Gifts,Box,1853,5768.99,320
22071,SMALL RETRO SPOT MUG IN BOX  WHITE,Gifts,Box,1552,4442.25,256
22072,TEA CUP AND SAUCER RETRO SPOT,Home & Living,Cup,2478,9502.26,511
22073,RETRO SPOT STORAGE JAR,Home & Living,Storage,2176,8647.13,474
22074,6 RIBBONS SHIMMERING PINKS,Gifts,Ribbon,2165,2231.19,287
22075,6 RIBBONS ELEGANT CHRISTMAS,Gifts,Ribbon,3384,5122.94,358
22076,6 RIBBONS EMPIRE,Gifts,Ribbon,2380,3542.43,375
22077,6 RIBBONS RUSTIC CHARM,Gifts,Ribbon,17569,32213.59,1751
22078,RIBBON REEL LACE DESIGN,Gifts,Ribbon,4044,8580.16,480
22079,RIBBON REEL HEARTS DESIGN,Gifts,Ribbon,5080,8553.04,684
22080,RIBBON REEL SPOTS DESIGN,Gifts,Ribbon,3987,6685.13,519
22081,RIBBON REEL FLORA + FAUNA,Gifts,Ribbon,1584,2823.66,302
22082,RIBBON REEL STRIPES DESIGN,Gifts,Ribbon,7535,12682.97,957
22083,PAPER CHAIN KIT RETRO SPOT,Home & Living,General,14008,41379.06,1401
22084,PAPER CHAIN KIT EMPIRE,Home & Living,General,8879,25480.38,811
22085,PAPER CHAIN KIT SKULLS,Home & Living,General,2546,6907.47,230
22086,PAPER CHAIN KIT 50'S CHRISTMAS,Gifts,Christmas,36581,123141.54,2018
22087,PAPER BUNTING WHITE LACE,Home & Living,General,8532,25563.17,847
22088,PAPER BUNTING COLOURED LACE,Home & Living,General,4409,13109.34,619
22089,PAPER BUNTING VINTAGE PAISLEY,Home & Living,General,3516,10335.81,552
22090,PAPER BUNTING RETRO SPOTS,Home & Living,General,16808,50753.1,1703
22091,EMPIRE TISSUE BOX,Gifts,Box,3202,2515.29,324
22092,BLUE PAISLEY TISSUE BOX,Gifts,Box,964,629.94,140
22093,MOTORING TISSUE BOX,Gifts,Box,2376,1464.33,275
22094,RED POLKA DOT TISSUE BOX,Gifts,Box,3598,2698.52,339
22095,LADS ONLY TISSUE BOX,Gifts,Box,3379,3637.62,284
22096,PINK PAISLEY SQUARE TISSUE BOX,Gifts,Box,1680,951.61,180
22097,SWALLOW SQUARE TISSUE BOX,Gifts,Box,2100,1317.69,242
22098,BOUDOIR SQUARE TISSUE BOX,Gifts,Box,2900,2005.01,309
22099,CARAVAN SQUARE TISSUE BOX,Gifts,Box,2152,1620.79,291
22100,SKULLS SQUARE TISSUE BOX,Gifts,Box,1021,734.94,127
22101,MIRROR MOSAIC VOTIVE HOLDER,Accessories,Mirror,1934,2847.28,116
22102,MIRROR MOSAIC T-LIGHT HOLDER,Electronics,Light,1851,1206.54,59
22103,MIRROR MOSAIC T-LIGHT HOLDER ROUND,Electronics,Light,1764,1790.34,71
22104,MIRROR MOSAIC CANDLE PLATE,Accessories,Mirror,1191,974.72,99
22105,MIRROR MOSAIC GOBLET CANDLE HOLDER,Accessories,Mirror,693,1298.91,55
22106,MIRROR MOSAIC HURRICANE LAMP,Electronics,Lamp,515,1620.34,79
22107,PIZZA PLATE IN BOX,Gifts,Box,1280,5050.01,369
22108,PING! MICROWAVE PLATE,Home & Living,Plate,320,1002.26,128
22109,FULL ENGLISH BREAKFAST PLATE,Home & Living,Plate,3436,14216.43,642
22110,BIRD HOUSE HOT WATER BOTTLE,Home & Living,Bottle,2748,9263.87,512
22111,SCOTTIE DOG HOT WATER BOTTLE,Home & Living,Bottle,10218,52192.31,1689
22112,CHOCOLATE HOT WATER BOTTLE,Home & Living,Bottle,11556,60763.12,1721
22113,GREY HEART HOT WATER BOTTLE,Gifts,Heart,6059,23172.82,996
22114,HOT WATER BOTTLE TEA AND SYMPATHY,Home & Living,Bottle,12462,63517.75,1583
22115,METAL SIGN EMPIRE TEA,Home & Living,General,2913,5786.62,500
22116,METAL SIGN HIS DINNER IS SERVED,Home & Living,General,835,1145.2,198
22117,METAL SIGN HER DINNER IS SERVED,Home & Living,General,1769,5222.49,230
22118,JOY WOODEN BLOCK LETTERS,Home & Living,General,823,3984.85,271
22119,PEACE WOODEN BLOCK LETTERS,Home & Living,General,938,5825.77,340
22120,WELCOME  WOODEN BLOCK LETTERS,Home & Living,General,1030,10444.02,367
22121,NOEL WOODEN BLOCK LETTERS,Home & Living,General,1538,9536.28,438
22122,SET OF 2 FANCY FONT TEA TOWELS,Home & Living,Towel,1097,3295.98,191
22123,PING MICROWAVE APRON,Home & Living,General,661,1729.79,166
22124,SET OF 2 TEA TOWELS PING MICROWAVE,Home & Living,Towel,303,764.92,132
22125,UNION JACK HOT WATER BOTTLE,Home & Living,Bottle,658,4118.84,183
22127,PARTY CONES CARNIVAL ASSORTED,Home & Living,General,3498,4190.61,155
22128,PARTY CONES CANDY ASSORTED,Home & Living,General,4013,4872.09,195
22129,PARTY CONES CANDY TREE DECORATION,Gifts,Decoration,3258,3105.32,174
22130,PARTY CONE CHRISTMAS DECORATION,Gifts,Christmas,9972,11290.02,424
22131,FOOD CONTAINER SET 3 LOVE HEART,Gifts,Heart,5317,10070.49,692
22132,RED LOVE HEART SHAPE CUP,Gifts,Heart,3361,3011.51,388
22133,PINK LOVE HEART SHAPE CUP,Gifts,Heart,2508,2304.11,327
22134,LADLE LOVE HEART RED,Gifts,Heart,2374,1057.57,298
22135,LADLE LOVE HEART PINK,Gifts,Heart,1662,829.85,317
22136,LOVE HEART SOCK HANGER,Gifts,Heart,2000,3348.92,265
22137,BATHROOM SET LOVE HEART DESIGN,Gifts,Heart,607,1511.23,43
22138,BAKING SET 9 PIECE RETROSPOT,Home & Living,General,9383,45966.16,1914
22139,RETRO SPOT TEA SET CERAMIC 11 PC,Home & Living,General,10675,53214.31,2093
22141,CHRISTMAS CRAFT TREE TOP ANGEL,Gifts,Christmas,3794,9254.71,572
22142,CHRISTMAS CRAFT WHITE FAIRY,Gifts,Christmas,4419,6637.04,503
22143,CHRISTMAS CRAFT HEART DECORATIONS,Gifts,Heart,448,947.08,70
22144,CHRISTMAS CRAFT LITTLE FRIENDS,Gifts,Christmas,5382,13024.09,704
22145,CHRISTMAS CRAFT HEART STOCKING,Gifts,Heart,1340,2824.06,197
22146,EASTER CRAFT IVY WREATH WITH CHICK,Home & Living,General,1417,2640.93,107
22147,FELTCRAFT BUTTERFLY HEARTS,Gifts,Heart,13175,18425.55,1132
22148,EASTER CRAFT 4 CHICKS,Home & Living,General,3247,6499.79,299
22149,FELTCRAFT 6 FLOWER FRIENDS,Home & Living,General,12922,26855.26,1382
22150,3 STRIPEY MICE FELTCRAFT,Home & Living,General,7969,14841.4,938
22151,PLACE SETTING WHITE HEART,Gifts,Heart,27897,11754.85,716
22152,PLACE SETTING WHITE STAR,Gifts,Star,6357,2698.44,241
22153,ANGEL DECORATION STARS ON DRESS,Gifts,Star,5918,2565.07,283
22154,ANGEL DECORATION 3 BUTTONS,Gifts,Decoration,7986,3440.73,317
22155,STAR DECORATION RUSTIC,Gifts,Star,6332,2855.22,340
22156,HEART DECORATION WITH PEARLS,Gifts,Heart,6327,5687.78,581
22157,ANGEL DECORATION WITH LACE PADDED,Gifts,Decoration,1775,1516.85,124
22158,3 HEARTS HANGING DECORATION RUSTIC,Gifts,Heart,9443,30498.18,718
22161,HEART DECORATION RUSTIC HANGING,Gifts,Heart,6842,2825.76,489
22162,HEART GARLAND RUSTIC PADDED,Gifts,Heart,1261,3877.46,260
22163,HEART STRING MEMO HOLDER HANGING,Gifts,Heart,1288,2294.86,197
22164,STRING OF STARS CARD HOLDER,Gifts,Card,322,906.83,49
22165,"DIAMANTE HEART SHAPED WALL MIRROR,",Gifts,Heart,991,7844.22,272
22166,"WALL MIRROR , RECT DIAMANTE, PINK/",Accessories,Mirror,454,3705.49,159
22167,"WALL MIRROR , DIAMANTE OVAL SHAPE",Accessories,Mirror,697,6154.31,303
22168,"ORGANISER WOOD, ANTIQUE WHITE",Home & Living,General,674,5603.43,312
22169,FAMILY ALBUM WHITE PICTURE FRAME,Home & Living,Frame,2326,19956.3,701
22170,PICTURE FRAME WOOD TRIPLE PORTRAIT,Home & Living,Frame,2422,15908.66,575
22171,3 HOOK PHOTO SHELF ANTIQUE WHITE,Home & Living,Shelf,3202,24249.96,661
22172,METAL SHELF WITH RAIL,Home & Living,Shelf,378,3451.82,185
22173,METAL 4 HOOK HANGER FRENCH CHATEAU,Home & Living,Hanger,5142,15783.7,997
22174,PHOTO CUBE,Home & Living,General,5449,11036.3,557
22175,PINK OWL SOFT TOY,Gifts,Toy,1850,5372.77,363
22176,BLUE OWL SOFT TOY,Gifts,Toy,1201,3598.8,258
22177,5 HOOK BLACKBOARD ORGANISER,Home & Living,General,326,3111.41,125
22178,VICTORIAN GLASS HANGING T-LIGHT,Electronics,Light,40748,53330.49,1816
22179,SET 10 LIGHTS NIGHT OWL,Electronics,Light,2094,14960.5,566
22180,RETRO SPOT LAMP,Electronics,Lamp,1008,10443.01,410
22181,SNOWSTORM PHOTO FRAME FRIDGE MAGNET,Home & Living,Frame,1567,1317.65,138
22182,CAKE STAND VICTORIAN FILIGREE SMALL,Home & Living,General,571,2200.03,172
22183,CAKE STAND VICTORIAN FILIGREE MED,Home & Living,General,613,3465.22,209
22184,CAKE STAND VICTORIAN FILIGREE LARGE,Home & Living,General,402,2997.21,146
22185,SLATE TILE NATURAL HANGING,Home & Living,General,3968,6338.03,462
22186,RED STAR CARD HOLDER,Gifts,Card,2041,5573.11,345
22187,GREEN CHRISTMAS TREE CARD HOLDER,Gifts,Card,2159,7117.75,364
22188,BLACK HEART CARD HOLDER,Gifts,Card,12484,33201.0,566
22189,CREAM HEART CARD HOLDER,Gifts,Card,18363,54598.73,1299
22190,LOCAL CAFE MUG,Home & Living,Mug,1428,2660.31,242
22191,EAU DE NIL DINER WALL CLOCK,Electronics,Clock,2003,16522.05,620
22192,BLUE DINER WALL CLOCK,Electronics,Clock,1446,12291.76,543
22193,RED DINER WALL CLOCK,Electronics,Clock,1938,16355.98,617
22194,BLACK DINER WALL CLOCK,Electronics,Clock,377,3246.1,160
22195,HEART MEASURING SPOONS LARGE,Gifts,Heart,5279,9456.6,811
22196,SMALL HEART MEASURING SPOONS,Gifts,Heart,6734,6288.05,981
22197,"POPCORN HOLDER , SMALL",Home & Living,Holder,89898,80920.64,2322
22198,"POPCORN HOLDER , LARGE",Home & Living,Holder,7807,13603.93,646
22199,FRYING PAN RED POLKADOT,Home & Living,General,1863,7643.67,405
22200,FRYING PAN PINK POLKADOT,Home & Living,General,1317,5882.61,357
22201,FRYING PAN BLUE POLKADOT,Home & Living,General,511,2047.12,166
22202,MILK PAN PINK RETROSPOT,Home & Living,General,1094,4415.12,264
22203,MILK PAN RED RETROSPOT,Home & Living,General,1416,5537.49,392
22204,MILK PAN BLUE RETROSPOT,Home & Living,General,538,1978.04,169
22206,"MUG , DOTCOMGIFTSHOP.COM",Home & Living,Mug,14,11.82,10
22207,FRYING PAN UNION FLAG,Home & Living,General,3187,13724.41,480
22208,WOOD STAMP SET THANK YOU,Home & Living,General,2405,3113.48,433
22209,WOOD STAMP SET HAPPY BIRTHDAY,Gifts,Birthday,1434,1782.9,257
22210,WOOD STAMP SET BEST WISHES,Home & Living,General,1618,1953.0,287
22211,WOOD STAMP SET FLOWERS,Home & Living,General,1538,2033.9,291
22212,FOUR HOOK  WHITE LOVEBIRDS,Home & Living,General,4114,8869.28,828
22214,CANDLE PLATE LACE WHITE,Home & Living,Plate,549,1279.79,92
22215,CAKE STAND WHITE TWO TIER LACE,Home & Living,General,1098,8920.43,359
22216,T-LIGHT HOLDER WHITE LACE,Electronics,Light,1406,1232.43,116
22217,T-LIGHT HOLDER HANGING LACE,Electronics,Light,2394,2844.85,214
22218,CAKE STAND LACE WHITE,Home & Living,General,1235,5378.41,264
22219,LOVEBIRD HANGING DECORATION WHITE,Gifts,Decoration,9934,9427.66,1149
22220,CAKE STAND LOVEBIRD 2 TIER WHITE,Home & Living,General,747,6905.34,270
22221,CAKE STAND LOVEBIRD 2 TIER PINK,Home & Living,General,907,6732.66,156
22222,CAKE PLATE LOVEBIRD WHITE,Home & Living,Plate,1499,6210.34,403
22223,CAKE PLATE LOVEBIRD PINK,Home & Living,Plate,728,3374.78,175
22224,WHITE LOVEBIRD LANTERN,Home & Living,General,2404,7637.15,401
22227,"DECORATION, HANGING HEART+MIRROR",Gifts,Heart,6151,4436.86,643
22228,BUNNY WOODEN PAINTED WITH BIRD,Home & Living,General,1729,1458.3,275
22229,BUNNY WOODEN PAINTED WITH FLOWER,Home & Living,General,1007,845.3,185
22230,JIGSAW TREE WITH WATERING CAN,Home & Living,General,1659,1135.78,193
22231,JIGSAW TREE WITH BIRDHOUSE,Home & Living,General,2168,2759.47,297
22232,3 PIECE JIGSAW TOADSTOOLS,Home & Living,General,1109,1318.99,158
22233,JIGSAW RABBIT AND BIRDHOUSE,Home & Living,General,953,1215.65,164
22236,CAKE STAND 3 TIER MAGIC GARDEN,Home & Living,Garden,1141,14122.42,421
22241,"GARLAND , WOODEN  "" HAPPY EASTER""",Home & Living,General,4379,5899.92,474
22242,"HOOK, 5 HANGER , MAGIC TOADSTOOL",Home & Living,Hanger,4835,7692.99,368
22243,"HOOK, 5 HANGER ,MAGIC TOADSTOOL RED",Home & Living,Hanger,7738,11960.96,388
22244,"HOOK, 3 HANGER ,MAGIC GARDEN",Home & Living,Hanger,4830,9252.02,431
22245,"HOOK, 1 HANGER ,MAGIC GARDEN",Home & Living,Hanger,4717,4063.49,413
22246,"GARLAND, MAGIC GARDEN 1.8M",Home & Living,Garden,1112,2389.08,188
22247,BUNNY DECORATION MAGIC GARDEN,Gifts,Decoration,1190,1027.89,182
22248,DECORATION  PINK CHICK MAGIC GARDEN,Gifts,Decoration,1016,904.86,173
22249,DECORATION WHITE CHICK MAGIC GARDEN,Gifts,Decoration,1654,1449.96,243
22250,DECORATION  BUTTERFLY  MAGIC GARDEN,Gifts,Decoration,1529,1392.19,257
22251,BIRDHOUSE DECORATION MAGIC GARDEN,Gifts,Decoration,1888,2340.15,298
22252,BIRDCAGE DECORATION MAGIC GARDEN,Gifts,Decoration,981,1206.81,113
22253,6 CROCHET STRAWBERRIES,Home & Living,General,969,1164.53,86
22254,FELT TOADSTOOL LARGE,Home & Living,General,1411,1808.46,148
22255,FELT TOADSTOOL  SMALL,Home & Living,General,1218,1156.78,142
22256,FELT FARM ANIMAL CHICKEN,Home & Living,General,943,1213.83,119
22257,FELT FARM ANIMAL SHEEP,Home & Living,General,420,346.73,57
22258,FELT FARM ANIMAL RABBIT,Home & Living,General,1345,1294.8,131
22259,FELT FARM ANIMAL HEN,Home & Living,General,592,485.45,72
22260,FELT EGG COSY BLUE RABBIT,Home & Living,General,1576,1618.21,241
22261,FELT EGG COSY WHITE RABBIT,Home & Living,General,2119,2041.11,243
22262,FELT EGG COSY CHICKEN,Home & Living,General,2058,1986.36,306
22263,FELT EGG COSY LADYBIRD,Home & Living,General,842,632.48,105
22264,FELT FARM ANIMAL WHITE BUNNY,Home & Living,General,2036,1171.73,168
22265,EASTER DECORATION NATURAL CHICK,Gifts,Decoration,1853,1215.56,168
22266,EASTER DECORATION HANGING BUNNY,Gifts,Decoration,2546,1042.71,161
22267,EASTER DECORATION EGG BUNNY,Gifts,Decoration,1473,1292.72,117
22268,EASTER DECORATION SITTING BUNNY,Gifts,Decoration,2562,1278.09,236
22269,EGG CUP NATURAL CHICKEN,Home & Living,Cup,1524,1362.71,204
22270,HAPPY EASTER HANGING DECORATION,Gifts,Decoration,692,2664.92,153
22271,FELTCRAFT DOLL ROSIE,Home & Living,General,4966,14218.25,787
22272,FELTCRAFT DOLL MARIA,Home & Living,General,1397,3930.96,300
22273,FELTCRAFT DOLL MOLLY,Home & Living,General,7413,20345.77,810
22274,FELTCRAFT DOLL EMILY,Home & Living,General,3834,10973.7,656
22275,WEEKEND BAG VINTAGE ROSE PAISLEY,Accessories,Bag,1019,8437.18,313
22276,WASH BAG VINTAGE ROSE PAISLEY,Accessories,Bag,1956,5112.83,373
22277,COSMETIC BAG VINTAGE ROSE PAISLEY,Accessories,Bag,1443,3028.34,250
22278,OVERNIGHT BAG VINTAGE ROSE PAISLEY,Accessories,Bag,1066,6292.01,383
22279,POCKET BAG BLUE PAISLEY RED SPOT,Accessories,Bag,1448,2114.62,214
22280,POCKET BAG PINK PAISELY BROWN SPOT,Accessories,Bag,884,1258.34,158
22281,EASTER TREE YELLOW BIRDS,Home & Living,General,514,3303.71,149
22282,12 EGG HOUSE PAINTED WOOD,Home & Living,General,565,7406.65,216
22283,6 EGG HOUSE PAINTED WOOD,Home & Living,General,1050,8692.55,382
22284,HEN HOUSE DECORATION,Gifts,Decoration,2508,4090.4,300
22285,"DECORATION HEN ON NEST, HANGING",Gifts,Decoration,2739,4307.53,261
22286,"DECORATION , WOBBLY RABBIT , METAL",Gifts,Decoration,1964,2245.3,195
22287,"DECORATION , WOBBLY CHICKEN, METAL",Gifts,Decoration,1347,1447.3,121
22288,"DECORATION , HANGING METAL RABBIT",Gifts,Decoration,1316,1538.53,119
22289,"DECORATION , HANGING METAL CHICKEN",Gifts,Decoration,768,822.48,76
22290,STANDING METAL RABBIT WITH EGG,Home & Living,General,688,1260.82,78
22291,"SPRING DEC , HANGING CHICK CREAM",Home & Living,General,3223,4456.43,264
22292,"SPRING DEC , HANGING CHICK  YELLOW",Home & Living,General,2794,3797.02,222
22293,"SPRING DEC , HANGING CHICK  GREEN",Home & Living,General,2066,2909.66,225
22294,HEART FILIGREE DOVE  SMALL,Gifts,Heart,17127,21217.02,861
22295,HEART FILIGREE DOVE LARGE,Gifts,Heart,8740,14426.65,706
22296,HEART IVORY TRELLIS LARGE,Gifts,Heart,9974,16456.86,833
22297,HEART IVORY TRELLIS SMALL,Gifts,Heart,13981,18064.1,969
22299,PIG KEYRING WITH LIGHT & SOUND,Electronics,Light,3967,4507.13,202
22300,COFFEE MUG DOG + BALL DESIGN,Home & Living,Mug,4229,10192.1,526
22301,COFFEE MUG CAT + BIRD DESIGN,Home & Living,Mug,5152,12522.06,643
22302,COFFEE MUG PEARS  DESIGN,Home & Living,Mug,4933,10510.3,396
22303,COFFEE MUG APPLES DESIGN,Home & Living,Mug,5452,12734.78,540
22304,COFFEE MUG BLUE PAISLEY DESIGN,Home & Living,Mug,2428,4816.98,167
22305,COFFEE MUG PINK PAISLEY DESIGN,Home & Living,Mug,2293,4777.83,144
22306,SILVER MUG BONE CHINA TREE OF LIFE,Home & Living,Mug,1710,2474.79,163
22307,GOLD MUG BONE CHINA TREE OF LIFE,Home & Living,Mug,1272,1942.18,118
22308,TEA COSY BLUE STRIPE,Home & Living,General,683,2115.41,214
22309,TEA COSY RED  STRIPE,Home & Living,General,1344,3517.33,266
22310,KNITTED MUG COSY IVORY COLOUR,Home & Living,Mug,1802,3272.61,223
22311,OFFICE MUG WARMER BLACK+SILVER,Home & Living,Mug,2154,6923.9,300
22312,OFFICE MUG WARMER POLKADOT,Home & Living,Mug,1321,4543.25,269
22313,OFFICE MUG WARMER PINK,Home & Living,Mug,1023,3260.17,137
22314,OFFICE MUG WARMER CHOC+BLUE,Home & Living,Mug,1163,4088.83,249
22315,200 RED + WHITE BENDY STRAWS,Home & Living,General,2200,2830.77,387
22316,200 BENDY SKULL STRAWS,Home & Living,General,1273,1452.82,119
22317,FIVE CATS HANGING DECORATION,Gifts,Decoration,592,1848.31,167
22318,FIVE HEART HANGING DECORATION,Gifts,Heart,1626,5119.71,389
22319,HAIRCLIPS FORTIES FABRIC ASSORTED,Home & Living,General,3035,1729.24,174
22320,BIRDS MOBILE VINTAGE DESIGN,Home & Living,General,602,3568.82,180
22321,BIRD DECORATION RED SPOT,Gifts,Decoration,2608,2413.62,305
22322,BIRD DECORATION GREEN  SPOT,Gifts,Decoration,1634,1546.71,272
22323,PINK POLKADOT KIDS BAG,Accessories,Bag,637,1687.21,116
22324,BLUE POLKADOT KIDS BAG,Accessories,Bag,681,1841.51,152
22325,MOBILE VINTAGE HEARTS,Gifts,Heart,704,3178.58,224
22326,"ROUND SNACK BOXES ,SET4, WOODLAND",Gifts,Box,15690,45046.68,1391
22327,ROUND SNACK BOXES SET OF 4 SKULLS,Gifts,Box,3109,10095.79,646
22328,"ROUND SNACK BOXES ,SET 4, FRUITS",Gifts,Box,14636,40508.26,1159
22329,ROUND CONTAINER SET OF 5 RETROSPOT,Home & Living,General,5174,8463.75,610
22330,72 ROUND PINK DOILIES,Home & Living,General,128,197.9,22
22331,WOODLAND PARTY BAG + STICKER SET,Accessories,Bag,3732,6135.5,437
22332,SKULLS PARTY BAG + STICKER SET,Accessories,Bag,4178,6553.55,381
22333,RETRO SPORT PARTY BAG + STICKER SET,Accessories,Bag,10172,15877.37,697
22334,DINOSAUR PARTY BAG + STICKER SET,Accessories,Bag,2248,3582.06,264
22335,HEART DECORATION PAINTED ZINC,Gifts,Heart,8756,5717.76,510
22336,DOVE DECORATION PAINTED ZINC,Gifts,Decoration,4736,2296.65,214
22337,ANGEL DECORATION PAINTED ZINC,Gifts,Decoration,2509,1550.96,146
22338,STAR DECORATION PAINTED ZINC,Gifts,Star,6154,2198.11,264
22339,CHRISTMAS TREE PAINTED ZINC,Gifts,Christmas,3552,1407.5,145
22340,NOEL GARLAND PAINTED ZINC,Home & Living,General,1825,1539.28,184
22341,LOVE GARLAND PAINTED ZINC,Home & Living,General,3483,5728.71,240
22342,HOME GARLAND PAINTED ZINC,Home & Living,General,1845,2572.58,230
22343,PARTY PIZZA DISH RED WHITE SPOT,Home & Living,General,3312,1996.51,188
22344,PARTY PIZZA DISH PINK+WHITE SPOT,Home & Living,General,1596,819.75,133
22345,PARTY PIZZA DISH BLUE+WHITE SPOT,Home & Living,General,1483,724.69,128
22346,PARTY PIZZA DISH GREEN+WHITE SPOT,Home & Living,General,1316,624.23,103
22347,PIZZA SLICE DISH,Home & Living,General,2722,3126.68,115
22348,TEA BAG PLATE RED SPOTTY,Accessories,Bag,12574,10715.13,961
22349,"DOG BOWL , CHASING BALL DESIGN",Gifts,Bow,2588,10619.29,366
22350,CAT BOWL,Gifts,Bow,2861,7954.56,331
22351,DOTCOMGIFTSHOP TEA TOWEL,Home & Living,Towel,15,29.81,3
22352,LUNCHBOX WITH CUTLERY RETROSPOT,Home & Living,General,7191,18115.87,1117
22353,LUNCHBOX WITH CUTLERY FAIRY CAKES,Home & Living,General,3045,7933.19,493
22354,RETRO SPOT PADDED SEAT CUSHION,Home & Living,Cushion,2258,8567.06,280
22355,"CHARLOTTE BAG , SUKI DESIGN",Accessories,Bag,32692,46633.44,1742
22356,"CHARLOTTE BAG , PINK/WHITE SPOTS",Accessories,Bag,20237,21252.44,1584
22357,KINGS CHOICE BISCUIT TIN,Home & Living,Tin,2094,9454.32,462
22358,KINGS CHOICE TEA CADDY,Home & Living,General,2694,8561.9,605
22359,GLASS JAR KINGS CHOICE,Home & Living,Glass,1297,4120.07,202
22360,"GLASS JAR, ENGLISH CONFECTIONERY",Home & Living,Glass,2536,7662.45,425
22361,GLASS JAR DAISY FRESH COTTON WOOL,Home & Living,Glass,1857,6089.42,496
22362,GLASS JAR PEACOCK BATH SALTS,Home & Living,Glass,768,2472.48,253
22363,GLASS JAR MARMALADE,Home & Living,Glass,783,2312.25,169
22364,GLASS JAR DIGESTIVE BISCUITS,Home & Living,Glass,2067,6548.8,340
22365,DOORMAT RESPECTABLE HOUSE,Home & Living,General,2357,15518.93,443
22366,DOORMAT AIRMAIL,Home & Living,General,2564,17445.64,568
22367,CHILDS APRON SPACEBOY DESIGN,Home & Living,General,8170,16094.06,1156
22371,AIRLINE BAG VINTAGE TOKYO 78,Accessories,Bag,1877,9221.01,684
22372,AIRLINE BAG VINTAGE WORLD CHAMPION,Accessories,Bag,618,3158.25,287
22374,AIRLINE BAG VINTAGE JET SET RED,Accessories,Bag,1042,5197.47,430
22375,AIRLINE BAG VINTAGE JET SET BROWN,Accessories,Bag,615,3109.28,284
22376,AIRLINE BAG VINTAGE JET SET WHITE,Accessories,Bag,548,2744.57,246
22377,BOTTLE BAG RETROSPOT,Accessories,Bag,3623,6935.68,435
22378,WALL TIDY RETROSPOT,Home & Living,General,3783,6924.52,546
22379,RECYCLING BAG RETROSPOT,Accessories,Bag,16075,35408.96,1570
22380,TOY TIDY SPACEBOY,Gifts,Toy,4998,10301.72,688
22381,TOY TIDY PINK RETROSPOT,Gifts,Toy,9449,19974.77,1100
22382,LUNCHBAG SPACEBOY DESIGN,Home & Living,General,20458,34436.39,2153
22383,LUNCHBAG SUKI  DESIGN,Home & Living,General,25461,43932.56,2398
22384,LUNCHBAG PINK RETROSPOT,Home & Living,General,21037,34506.66,2106
22385,JUMBO BAG SPACEBOY DESIGN,Accessories,Bag,17227,32749.37,1248
22386,JUMBO BAG PINK WITH WHITE SPOTS,Accessories,Bag,39840,77111.91,2245
22389,PAPERWEIGHT SAVE THE PLANET,Home & Living,General,659,1276.12,92
22390,PAPERWEIGHT CHILDHOOD MEMORIES,Home & Living,General,821,1468.92,83
22391,PAPERWEIGHT HOME SWEET HOME,Home & Living,General,327,645.39,66
22393,PAPERWEIGHT VINTAGE COLLAGE,Home & Living,General,841,1489.77,120
22394,PAPERWEIGHT KINGS CHOICE,Home & Living,General,349,554.45,55
22395,PAPERWEIGHT VINTAGE PAISLEY,Home & Living,General,237,428.94,53
22396,MAGNETS PACK OF 4 RETRO PHOTO,Home & Living,General,1917,1453.66,184
22398,MAGNETS PACK OF 4 SWALLOWS,Home & Living,General,4334,3809.15,430
22399,MAGNETS PACK OF 4 CHILDHOOD MEMORY,Home & Living,General,4092,4799.6,277
22400,MAGNETS PACK OF 4 HOME SWEET HOME,Home & Living,General,2473,2072.29,234
22402,MAGNETS PACK OF 4 VINTAGE COLLAGE,Home & Living,General,3450,3036.47,250
22403,MAGNETS PACK OF 4 VINTAGE LABELS,Home & Living,General,1736,1223.8,212
22405,MONEY BOX POCKET MONEY DESIGN,Gifts,Box,1674,2035.9,217
22406,MONEY BOX KINGS CHOICE DESIGN,Gifts,Box,2523,3195.61,217
22407,MONEY BOX FIRST ADE DESIGN,Gifts,Box,439,522.37,75
22408,MONEY BOX CONFECTIONERY DESIGN,Gifts,Box,664,816.17,95
22409,MONEY BOX BISCUITS DESIGN,Gifts,Box,1720,2335.48,164
22410,MONEY BOX HOUSEKEEPING DESIGN,Gifts,Box,1366,1671.21,198
22411,JUMBO SHOPPER VINTAGE RED PAISLEY,Home & Living,General,27732,58275.45,2192
22412,METAL SIGN NEIGHBOURHOOD WITCH,Home & Living,General,2417,5182.86,402
22413,METAL SIGN TAKE IT OR LEAVE IT,Home & Living,General,7048,19970.24,881
22414,DOORMAT NEIGHBOURHOOD WITCH,Home & Living,General,1192,7249.34,220
22415,WHITE TISSUE REAM,Home & Living,General,326,2591.7,204
22416,36 DOILIES SPACEBOY DESIGN,Home & Living,General,1973,2769.24,176
22417,PACK OF 60 SPACEBOY CAKE CASES,Accessories,Case,21641,11258.89,1103
22418,10 COLOUR SPACEBOY PEN,Home & Living,General,12732,10792.02,586
22419,LIPSTICK PEN RED,Home & Living,General,7067,3374.55,509
22420,LIPSTICK PEN BABY PINK,Home & Living,General,2118,1020.27,234
22421,LIPSTICK PEN FUSCHIA,Home & Living,General,4816,2398.21,406
22422,TOOTHPASTE TUBE PEN,Home & Living,General,2787,1805.29,354
22423,REGENCY CAKESTAND 3 TIER,Home & Living,General,27577,344563.25,3918
22424,ENAMEL BREAD BIN CREAM,Home & Living,General,1560,21305.96,739
22425,ENAMEL COLLANDER CREAM,Home & Living,General,867,4406.75,301
22426,ENAMEL WASH BOWL CREAM,Gifts,Bow,1348,5198.99,372
22427,ENAMEL FLOWER JUG CREAM,Home & Living,General,3247,19517.11,798
22428,ENAMEL FIRE BUCKET CREAM,Home & Living,General,480,3540.58,191
22429,ENAMEL MEASURING JUG CREAM,Home & Living,General,2341,10124.39,625
22430,ENAMEL WATERING CAN CREAM,Home & Living,General,1414,6861.19,356
22431,WATERING CAN BLUE ELEPHANT,Home & Living,General,3406,6865.03,620
22432,WATERING CAN PINK BUNNY,Home & Living,General,3559,6792.11,517
22433,WATERING CAN GREEN DINOSAUR,Home & Living,General,2818,5271.06,422
22434,BALLOON PUMP WITH 10 BALLOONS,Home & Living,General,2587,4811.49,281
22435,SET OF 9 HEART SHAPED BALLOONS,Gifts,Heart,5029,6330.24,537
22436,12 COLOURED PARTY BALLOONS,Home & Living,General,4295,2739.05,289
22437,SET OF 9 BLACK SKULL BALLOONS,Home & Living,General,6566,5505.41,443
22438,BALLOON ART MAKE YOUR OWN FLOWERS,Home & Living,General,1502,1995.51,170
22439,6 ROCKET BALLOONS,Home & Living,General,3977,2655.54,363
22440,BALLOON WATER BOMB PACK OF 35,Home & Living,General,8676,3463.67,292
22441,GROW YOUR OWN BASIL IN ENAMEL MUG,Home & Living,Mug,2726,5910.21,472
22442,GROW YOUR OWN FLOWERS SET OF 3,Home & Living,General,877,4852.77,172
22443,GROW YOUR OWN HERBS SET OF 3,Home & Living,General,705,5601.05,264
22444,GROW YOUR OWN PLANT IN A CAN,Home & Living,General,10419,14233.65,453
22445,PENCIL CASE LIFE IS BEAUTIFUL,Accessories,Case,1321,4052.12,275
22446,PIN CUSHION RUSSIAN DOLL PINK,Home & Living,Cushion,625,1775.38,186
22447,PIN CUSHION RUSSIAN DOLL BLUE,Home & Living,Cushion,252,813.16,82
22448,PIN CUSHION RUSSIAN DOLL RED,Home & Living,Cushion,757,2440.13,121
22449,SILK PURSE RUSSIAN DOLL PINK,Accessories,Purse,1373,4548.79,308
22450,SILK PURSE RUSSIAN DOLL BLUE,Accessories,Purse,874,2939.12,180
22451,SILK PURSE RUSSIAN DOLL RED,Accessories,Purse,1397,4725.49,238
22452,MEASURING TAPE RUSSIAN DOLL PINK,Home & Living,General,1371,3629.1,255
22453,MEASURING TAPE RUSSIAN DOLL BLUE,Home & Living,General,868,2396.17,144
22454,MEASURING TAPE RUSSIAN DOLL RED,Home & Living,General,1540,4310.84,179
22456,NATURAL SLATE CHALKBOARD LARGE,Home & Living,General,4462,21883.98,835
22457,NATURAL SLATE HEART CHALKBOARD,Gifts,Heart,15771,48671.05,2046
22458,CAST IRON HOOK GARDEN FORK,Home & Living,Garden,1532,3820.95,173
22459,CAST IRON HOOK GARDEN TROWEL,Home & Living,Garden,1394,3440.58,172
22460,EMBOSSED GLASS TEALIGHT HOLDER,Home & Living,Holder,4834,6372.7,376
22461,SAVOY ART DECO CLOCK,Electronics,Clock,417,3735.28,146
22464,HANGING METAL HEART LANTERN,Gifts,Heart,8012,13277.22,784
22465,HANGING METAL STAR LANTERN,Gifts,Star,4686,7581.9,461
22466,FAIRY TALE COTTAGE NIGHTLIGHT,Home & Living,General,5879,10812.37,394
22467,GUMBALL COAT RACK,Home & Living,General,12298,29139.1,1095
22468,BABUSHKA LIGHTS STRING OF 10,Electronics,Light,1778,11853.38,413
22469,HEART OF WICKER SMALL,Gifts,Heart,29037,51127.76,2151
22470,HEART OF WICKER LARGE,Gifts,Heart,18551,55898.87,1952
22471,TV DINNER TRAY AIR HOSTESS,Home & Living,General,644,2683.26,176
22472,TV DINNER TRAY DOLLY GIRL,Home & Living,General,1115,5275.94,250
22473,TV DINNER TRAY VINTAGE PAISLEY,Home & Living,General,833,3210.17,209
22474,SPACEBOY TV DINNER TRAY,Home & Living,General,987,4845.06,254
22475,SKULL DESIGN TV DINNER TRAY,Home & Living,General,781,3940.48,256
22476,EMPIRE UNION JACK TV DINNER TRAY,Home & Living,General,1358,5426.22,269
22477,WATERING CAN GARDEN MARKER,Home & Living,Garden,2443,3398.03,276
22478,BIRDHOUSE GARDEN MARKER,Home & Living,Garden,2784,3867.19,317
22479,DAISY GARDEN MARKER,Home & Living,Garden,1956,2714.96,214
22480,RED TEA TOWEL CLASSIC DESIGN,Home & Living,Towel,2425,2936.83,263
22481,BLACK TEA TOWEL CLASSIC DESIGN,Home & Living,Towel,1305,1349.34,219
22482,BLUE TEA TOWEL CLASSIC DESIGN,Home & Living,Towel,2372,2805.68,214
22483,RED GINGHAM TEDDY BEAR,Gifts,Teddy,1901,5529.07,349
22485,SET OF 2 WOODEN MARKET CRATES,Home & Living,General,1109,14779.84,419
22486,PLASMATRONIC LAMP,Electronics,Lamp,106,881.9,40
22487,WHITE WOOD GARDEN PLANT LADDER,Home & Living,Garden,1647,16569.3,898
22488,NATURAL SLATE RECTANGLE CHALKBOARD,Home & Living,General,6954,11879.17,808
22489,PACK OF 12 TRADITIONAL CRAYONS,Home & Living,General,18076,7618.02,785
22491,PACK OF 12 COLOURED PENCILS,Home & Living,General,7554,6067.87,390
22492,MINI PAINT SET VINTAGE,Home & Living,General,45665,29046.19,732
22493,PAINT YOUR OWN CANVAS SET,Home & Living,General,4822,7758.69,418
22494,EMERGENCY FIRST AID TIN,Home & Living,Tin,2860,3857.23,468
22495,SET OF 2 ROUND TINS CAMEMBERT,Home & Living,Tin,956,2735.44,237
22496,SET OF 2 ROUND TINS DUTCH CHEESE,Home & Living,Tin,736,2010.84,193
22497,SET OF 2 TINS VINTAGE BATHROOM,Home & Living,Tin,947,4349.33,279
22498,WOODEN REGATTA BUNTING,Home & Living,General,1141,6969.44,381
22499,WOODEN UNION JACK BUNTING,Home & Living,General,3597,21910.64,774
22500,SET OF 2 TINS JARDIN DE PROVENCE,Home & Living,Tin,593,2700.56,198
22501,PICNIC BASKET WICKER LARGE,Home & Living,Basket,2643,30828.29,762
22502,PICNIC BASKET WICKER SMALL,Home & Living,Basket,3869,61510.67,924
22503,CABIN BAG VINTAGE PAISLEY,Accessories,Bag,149,3447.2,54
22504,CABIN BAG VINTAGE RETROSPOT,Accessories,Bag,374,8224.63,115
22505,MEMO BOARD COTTAGE DESIGN,Home & Living,General,3826,18357.68,744
22507,MEMO BOARD RETROSPOT  DESIGN,Home & Living,General,5694,26626.56,900
22508,DOORSTOP RETROSPOT HEART,Gifts,Heart,2933,11787.79,697
22509,SEWING BOX RETROSPOT DESIGN,Gifts,Box,394,5215.01,187
22510,DOORSTOP RUSSIAN DOLL GINGHAM,Home & Living,General,325,855.32,90
22511,DOORSTOP RUSSIAN DOLL RETROSPOT,Home & Living,General,407,1084.16,111
22512,DOORSTOP RACING CAR DESIGN,Home & Living,General,389,978.79,71
22513,DOORSTOP FOOTBALL DESIGN,Home & Living,General,593,1928.57,170
22514,CHILDS GARDEN SPADE BLUE,Home & Living,Garden,1094,2228.12,233
22515,CHILDS GARDEN SPADE PINK,Home & Living,Garden,1057,2161.28,208
22516,CHILDS GARDEN RAKE BLUE,Home & Living,Garden,854,1736.32,162
22517,CHILDS GARDEN RAKE PINK,Home & Living,Garden,815,1612.53,152
22518,CHILDS GARDEN BRUSH BLUE,Home & Living,Garden,1419,2954.45,266
22519,CHILDS GARDEN BRUSH PINK,Home & Living,Garden,1445,3023.43,258
22520,CHILDS GARDEN TROWEL BLUE,Home & Living,Garden,2295,2012.13,369
22521,CHILDS GARDEN TROWEL PINK,Home & Living,Garden,2303,2002.3,370
22522,CHILDS GARDEN FORK BLUE,Home & Living,Garden,2246,1911.76,334
22523,CHILDS GARDEN FORK PINK,Home & Living,Garden,2193,1891.6,352
22524,CHILDRENS GARDEN GLOVES BLUE,Accessories,Glove,1940,2736.2,293
22525,CHILDRENS GARDEN GLOVES PINK,Accessories,Glove,1974,2807.41,328
22526,WHEELBARROW FOR CHILDREN,Home & Living,General,546,6727.91,207
22528,GARDENERS KNEELING PAD,Home & Living,Garden,5831,7634.27,554
22529,MAGIC DRAWING SLATE GO TO THE FAIR,Home & Living,General,2470,996.45,155
22530,MAGIC DRAWING SLATE DOLLY GIRL,Home & Living,General,10274,4344.84,468
22531,MAGIC DRAWING SLATE CIRCUS PARADE,Home & Living,General,8314,3591.98,406
22532,MAGIC DRAWING SLATE LEAP FROG,Home & Living,General,2919,1125.47,175
22533,MAGIC DRAWING SLATE BAKE A CAKE,Home & Living,General,4680,1848.96,231
22534,MAGIC DRAWING SLATE SPACEBOY,Home & Living,General,13159,5625.16,583
22535,MAGIC DRAWING SLATE BUNNIES,Home & Living,General,4469,1869.22,298
22536,MAGIC DRAWING SLATE PURDEY,Home & Living,General,10169,3980.29,365
22537,MAGIC DRAWING SLATE DINOSAUR,Home & Living,General,5902,2439.42,350
22538,MINI JIGSAW GO TO THE FAIR,Home & Living,General,1446,612.55,86
22539,MINI JIGSAW DOLLY GIRL,Home & Living,General,5747,2314.5,247
22540,MINI JIGSAW CIRCUS PARADE,Home & Living,General,6286,2464.09,189
22541,MINI JIGSAW LEAP FROG,Home & Living,General,1247,505.19,66
22543,MINI JIGSAW BAKE A CAKE,Home & Living,General,3300,1304.61,118
22544,MINI JIGSAW SPACEBOY,Home & Living,General,9545,3826.98,341
22545,MINI JIGSAW BUNNIES,Home & Living,General,3484,1435.63,184
22546,MINI JIGSAW FIDO,Home & Living,General,4384,1767.16,181
22547,MINI JIGSAW DINOSAUR,Home & Living,General,2041,873.73,189
22548,HEADS AND TAILS SPORTING FUN,Home & Living,General,3585,4483.1,428
22549,PICTURE DOMINOES,Home & Living,General,6688,9979.66,711
22550,HOLIDAY FUN LUDO,Home & Living,General,2091,7835.96,425
22551,PLASTERS IN TIN SPACEBOY,Home & Living,Tin,15779,26485.1,1299
22553,PLASTERS IN TIN SKULLS,Home & Living,Tin,8084,13529.26,1090
22554,PLASTERS IN TIN WOODLAND ANIMALS,Home & Living,Tin,13854,23329.36,1275
22555,PLASTERS IN TIN STRONGMAN,Home & Living,Tin,11905,19277.97,967
22556,PLASTERS IN TIN CIRCUS PARADE,Home & Living,Tin,13797,22694.13,1196
22557,PLASTERS IN TIN VINTAGE PAISLEY,Home & Living,Tin,10620,17834.26,1126
22558,CLOTHES PEGS RETROSPOT PACK 24,Home & Living,General,14281,20163.07,1202
22559,SEASIDE FRISBEE,Home & Living,General,1585,1990.63,202
22560,TRADITIONAL MODELLING CLAY,Home & Living,General,15226,18313.05,742
22561,WOODEN SCHOOL COLOURING SET,Home & Living,General,11778,19752.09,904
22562,MONSTERS STENCIL CRAFT,Home & Living,General,4013,4726.05,393
22563,HAPPY STENCIL CRAFT,Home & Living,General,6012,7012.61,533
22564,ALPHABET STENCIL CRAFT,Home & Living,General,4630,5296.4,343
22565,FELTCRAFT HAIRBANDS PINK + WHITE,Home & Living,General,2129,1940.36,278
22566,"FELTCRAFT HAIRBAND S/2, PINK/PURPLE",Home & Living,General,2896,2427.25,297
22567,20 DOLLY PEGS RETROSPOT,Home & Living,General,5810,7312.82,506
22568,FELTCRAFT CUSHION OWL,Home & Living,Cushion,5692,21056.5,875
22569,FELTCRAFT CUSHION BUTTERFLY,Home & Living,Cushion,5731,20924.96,784
22570,FELTCRAFT CUSHION RABBIT,Home & Living,Cushion,5805,21579.79,807
22571,ROCKING HORSE RED CHRISTMAS,Gifts,Christmas,6091,5445.43,511
22572,ROCKING HORSE GREEN CHRISTMAS,Gifts,Christmas,3686,3326.77,362
22573,STAR WOODEN CHRISTMAS DECORATION,Gifts,Star,5127,4631.33,405
22574,HEART WOODEN CHRISTMAS DECORATION,Gifts,Heart,5386,4930.01,415
22575,METAL MERRY CHRISTMAS WREATH,Gifts,Christmas,3199,6876.45,330
22576,SWALLOW WOODEN CHRISTMAS DECORATION,Gifts,Christmas,3364,3045.24,330
22577,WOODEN HEART CHRISTMAS SCANDINAVIAN,Gifts,Heart,14165,7283.02,832
22578,WOODEN STAR CHRISTMAS SCANDINAVIAN,Gifts,Star,13429,6534.73,768
22579,WOODEN TREE CHRISTMAS SCANDINAVIAN,Gifts,Christmas,7291,3923.47,553
22580,ADVENT CALENDAR GINGHAM SACK,Home & Living,General,2362,13420.52,495
22581,WOOD STOCKING CHRISTMAS SCANDISPOT,Gifts,Christmas,3653,2946.87,380
22582,PACK OF 6 SWEETIE GIFT BOXES,Gifts,Gift,2544,6390.91,295
22583,PACK OF 6 HANDBAG GIFT BOXES,Gifts,Gift,1903,5044.8,349
22584,PACK OF 6 PANNETONE GIFT BOXES,Gifts,Gift,5291,13478.79,589
22585,PACK OF 6 BIRDY GIFT TAGS,Gifts,Gift,18333,22903.92,1084
22586,FELTCRAFT HAIRBAND PINK AND BLUE,Home & Living,General,2126,1852.34,295
22587,"FELTCRAFT HAIRBAND, S/2, RED/BLUE",Home & Living,General,2188,1909.03,308
22588,CARDHOLDER GINGHAM HEART,Gifts,Card,2929,8053.97,483
22589,CARDHOLDER GINGHAM STAR,Gifts,Card,1389,3845.52,238
22591,CARDHOLDER GINGHAM CHRISTMAS TREE,Gifts,Card,1359,3884.75,208
22592,CARDHOLDER HOLLY WREATH METAL,Gifts,Card,2001,8043.33,304
22593,CHRISTMAS GINGHAM STAR,Gifts,Star,5812,5169.16,415
22594,CHRISTMAS GINGHAM TREE,Gifts,Christmas,5011,4599.97,412
22595,CHRISTMAS GINGHAM HEART,Gifts,Heart,13024,10977.7,796
22596,CHRISTMAS STAR WISH LIST CHALKBOARD,Gifts,Star,6371,6515.6,438
22597,CHRISTMAS MUSICAL ZINC HEART,Gifts,Heart,4657,2811.83,291
22598,CHRISTMAS MUSICAL ZINC TREE,Gifts,Christmas,1799,1137.26,144
22599,CHRISTMAS MUSICAL ZINC STAR,Gifts,Star,3135,1991.29,189
22600,CHRISTMAS RETROSPOT STAR WOOD,Gifts,Star,4961,4320.05,429
22601,CHRISTMAS RETROSPOT ANGEL WOOD,Gifts,Christmas,5425,4732.39,417
22602,CHRISTMAS RETROSPOT HEART WOOD,Gifts,Heart,6643,5629.21,535
22603,CHRISTMAS RETROSPOT TREE WOOD,Gifts,Christmas,4225,3635.56,388
22604,SET OF 4 NAPKIN CHARMS CUTLERY,Accessories,Charm,2045,5029.02,247
22605,WOODEN CROQUET GARDEN SET,Home & Living,Garden,1846,23743.77,642
22606,WOODEN SKITTLES GARDEN SET,Home & Living,Garden,1077,15009.54,374
22607,WOODEN ROUNDERS GARDEN SET,Home & Living,Garden,2556,23139.3,744
22608,PENS ASSORTED FUNKY JEWELED,Accessories,Jewel,5772,1582.31,170
22609,PENS ASSORTED SPACEBALL,Home & Living,General,7165,2438.18,201
22610,PENS ASSORTED FUNNY FACE,Home & Living,General,12757,5153.28,287
22611,VINTAGE UNION JACK SHOPPING BAG,Accessories,Bag,909,4353.75,195
22612,TEA COSY VINTAGE UNION JACK,Home & Living,General,1001,3984.99,109
22613,PACK OF 20 SPACEBOY NAPKINS,Home & Living,General,3065,2432.47,273
22614,PACK OF 12 SPACEBOY TISSUES,Home & Living,General,5883,2003.81,368
22615,PACK OF 12 CIRCUS PARADE TISSUES,Home & Living,General,3866,1189.36,188
22616,PACK OF 12 LONDON TISSUES,Home & Living,General,40163,12764.06,825
22617,BAKING SET SPACEBOY DESIGN,Home & Living,General,4389,21162.89,942
22618,COOKING SET RETROSPOT,Home & Living,General,742,7223.15,242
22619,SET OF 6 SOLDIER SKITTLES,Home & Living,General,4167,16261.07,708
22620,4 TRADITIONAL SPINNING TOPS,Home & Living,General,8361,11343.55,841
22621,TRADITIONAL KNITTING NANCY,Home & Living,General,8775,13863.41,875
22622,BOX OF VINTAGE ALPHABET BLOCKS,Gifts,Box,3242,32163.94,571
22623,BOX OF VINTAGE JIGSAW BLOCKS,Gifts,Box,2357,12687.38,541
22624,IVORY KITCHEN SCALES,Home & Living,Kitchen,3258,28227.77,1219
22625,RED KITCHEN SCALES,Home & Living,Kitchen,2743,24045.03,950
22626,BLACK KITCHEN SCALES,Home & Living,Kitchen,867,7430.96,339
22627,MINT KITCHEN SCALES,Home & Living,Kitchen,1642,14424.68,653
22628,PICNIC BOXES SET OF 3 RETROSPOT,Gifts,Box,1752,8428.28,350
22629,SPACEBOY LUNCH BOX,Gifts,Box,21223,38750.2,1368
22630,DOLLY GIRL LUNCH BOX,Gifts,Box,18363,33980.0,1333
22631,CIRCUS PARADE LUNCHBOX,Home & Living,General,6334,12381.66,663
22632,HAND WARMER RED POLKA DOT,Home & Living,General,11190,22384.87,779
22633,HAND WARMER UNION JACK,Home & Living,General,9544,19617.73,858
22634,CHILDS BREAKFAST SET SPACEBOY,Home & Living,General,1726,16313.05,499
22635,CHILDS BREAKFAST SET DOLLY GIRL,Home & Living,General,1693,16133.79,485
22636,CHILDS BREAKFAST SET CIRCUS PARADE,Home & Living,General,1664,13821.23,489
22637,PIGGY BANK RETROSPOT,Home & Living,General,4624,11915.48,598
22638,SET OF 4 NAPKIN CHARMS CROWNS,Accessories,Charm,415,760.73,74
22639,SET OF 4 NAPKIN CHARMS HEARTS,Gifts,Heart,1679,4097.54,275
22640,SET OF 4 NAPKIN CHARMS 3 KEYS,Accessories,Charm,361,775.59,87
22641,SET OF 4 NAPKIN CHARMS INSTRUMENT,Accessories,Charm,303,715.06,69
22642,SET OF 4 NAPKIN CHARMS STARS,Gifts,Star,1000,2376.52,141
22643,SET OF 4 NAPKIN CHARMS LEAVES,Accessories,Charm,474,1029.98,96
22644,CERAMIC CHERRY CAKE MONEY BANK,Home & Living,General,5095,7451.74,610
22645,CERAMIC HEART FAIRY CAKE MONEY BANK,Gifts,Heart,5883,10607.08,741
22646,CERAMIC STRAWBERRY CAKE MONEY BANK,Home & Living,General,9309,13232.41,880
22647,CERAMIC LOVE HEART MONEY BANK,Gifts,Heart,1067,934.59,82
22649,STRAWBERRY FAIRY CAKE TEAPOT,Home & Living,General,2340,11772.37,486
22650,CERAMIC PIRATE CHEST MONEY BANK,Home & Living,General,1852,2821.22,282
22651,GENTLEMAN SHIRT REPAIR KIT,Home & Living,General,3253,2809.84,270
22652,TRAVEL SEWING KIT,Accessories,Travel,10163,17265.28,830
22653,BUTTON BOX,Gifts,Box,3078,5716.64,381
22654,DELUXE SEWING KIT,Home & Living,General,2689,18177.57,597
22655,VINTAGE RED KITCHEN CABINET,Home & Living,Kitchen,77,13140.0,53
22656,VINTAGE BLUE KITCHEN CABINET,Home & Living,Kitchen,45,9290.0,37
22657,HEN & 2 CHICKS IN BASKET,Home & Living,Basket,65,55.25,7
22659,LUNCHBOX I LOVE LONDON,Home & Living,General,16869,31203.02,1075
22660,DOORMAT I LOVE LONDON,Home & Living,General,891,5924.93,194
22661,CHARLOTTE BAG DOLLY GIRL DESIGN,Accessories,Bag,8319,6730.55,631
22662,LUNCH BAG DOLLY GIRL DESIGN,Accessories,Bag,10069,16421.11,994
22663,JUMBO BAG DOLLY GIRL DESIGN,Accessories,Bag,5793,11531.86,688
22664,TOY TIDY DOLLY GIRL DESIGN,Gifts,Toy,1446,3008.88,266
22665,RECIPE BOX BLUE SKETCHBOOK DESIGN,Gifts,Box,3025,9852.58,703
22666,RECIPE BOX PANTRY YELLOW DESIGN,Gifts,Box,10951,34489.05,1657
22667,RECIPE BOX RETRO SPOT DESIGN,Gifts,Box,5013,14081.95,848
22668,PINK BABY BUNTING,Home & Living,General,3604,10965.96,579
22669,RED BABY BUNTING,Home & Living,General,2439,7838.37,438
22670,FRENCH WC SIGN BLUE METAL,Home & Living,General,4492,5590.61,425
22671,FRENCH LAUNDRY SIGN BLUE METAL,Home & Living,General,1720,2865.85,246
22672,FRENCH BATHROOM SIGN BLUE METAL,Home & Living,General,2870,4775.95,370
22673,FRENCH GARDEN SIGN BLUE METAL,Home & Living,Garden,1350,1707.52,195
22674,FRENCH TOILET SIGN BLUE METAL,Home & Living,General,2399,2985.09,297
22675,FRENCH KITCHEN SIGN BLUE METAL,Home & Living,Kitchen,2238,2778.78,270
22676,"FRENCH BLUE METAL DOOR SIGN, 1",Home & Living,General,1847,2491.27,305
22677,"FRENCH BLUE METAL DOOR SIGN, 2",Home & Living,General,1589,2158.09,280
22678,"FRENCH BLUE METAL DOOR SIGN, 3",Home & Living,General,1411,1896.84,248
22679,"FRENCH BLUE METAL DOOR SIGN, 4",Home & Living,General,1272,1708.19,230
22680,"FRENCH BLUE METAL DOOR SIGN, 5",Home & Living,General,1383,1854.2,230
22681,"FRENCH BLUE METAL DOOR SIGN, 6",Home & Living,General,1171,1565.78,189
22682,"FRENCH BLUE METAL DOOR SIGN, 7",Home & Living,General,1168,1526.88,182
22683,"FRENCH BLUE METAL DOOR SIGN, 8",Home & Living,General,1135,1509.18,190
22684,"FRENCH BLUE METAL DOOR SIGN, 9",Home & Living,General,1019,1353.71,162
22685,"FRENCH BLUE METAL DOOR SIGN, 0",Home & Living,General,1087,1405.87,160
22686,"FRENCH BLUE METAL DOOR SIGN, No",Home & Living,General,1410,1864.91,221
22687,DOORMAT CHRISTMAS VILLAGE,Gifts,Christmas,895,5784.67,149
22688,DOORMAT PEACE ON EARTH BLUE,Home & Living,General,899,5000.6,93
22689,DOORMAT MERRY CHRISTMAS RED,Gifts,Christmas,1094,8382.62,264
22690,DOORMAT HOME SWEET HOME BLUE,Home & Living,General,2543,15945.72,437
22691,DOORMAT WELCOME SUNRISE,Home & Living,General,761,5221.99,218
22692,DOORMAT WELCOME TO OUR HOME,Home & Living,General,2141,16041.34,606
22693,GROW A FLYTRAP OR SUNFLOWER IN TIN,Home & Living,Tin,17899,20499.08,350
22694,WICKER STAR,Gifts,Star,5136,11576.1,858
22695,WICKER WREATH SMALL,Home & Living,General,1501,2147.32,225
22696,WICKER WREATH LARGE,Home & Living,General,1480,2926.62,288
22697,GREEN REGENCY TEACUP AND SAUCER,Home & Living,General,10112,31534.92,1353
22698,PINK REGENCY TEACUP AND SAUCER,Home & Living,General,8232,24489.67,1033
22699,ROSES REGENCY TEACUP AND SAUCER,Home & Living,General,13339,39134.89,1424
22700,BLACK AND WHITE DOG BOWL,Gifts,Bow,1394,3187.86,98
22701,PINK DOG BOWL,Gifts,Bow,677,1329.43,158
22702,BLACK AND WHITE CAT BOWL,Gifts,Bow,1593,3164.72,94
22703,PINK CAT BOWL,Gifts,Bow,515,926.01,165
22704,WRAP RED APPLES,Gifts,Wrap,8853,3638.26,295
22705,WRAP GREEN PEARS,Gifts,Wrap,3883,1630.86,151
22706,WRAP COWBOYS,Gifts,Wrap,4272,1714.24,125
22707,WRAP MONSTER FUN,Gifts,Wrap,2157,905.94,83
22708,WRAP DOLLY GIRL,Gifts,Wrap,5375,2161.5,159
22709,WRAP WEDDING DAY,Gifts,Wrap,2799,1099.58,77
22710,WRAP I LOVE LONDON,Gifts,Wrap,7209,2831.78,173
22711,WRAP CIRCUS PARADE,Gifts,Wrap,5402,2220.84,181
22712,CARD DOLLY GIRL,Gifts,Card,7447,3067.53,508
22713,CARD I LOVE LONDON,Gifts,Card,6257,2690.93,368
22714,CARD BIRTHDAY COWBOY,Gifts,Card,5315,2174.73,359
22715,CARD WEDDING DAY,Gifts,Card,2731,1140.67,218
22716,CARD CIRCUS PARADE,Gifts,Card,5330,2259.74,447
22717,CARD DOG AND BALL,Gifts,Card,2444,1036.09,215
22718,CARD CAT AND TREE,Gifts,Card,2691,1178.34,264
22719,"GUMBALL COATHOOK., BLACK & WHITE",Home & Living,General,1516,2056.1,235
22720,SET OF 3 CAKE TINS PANTRY DESIGN,Home & Living,Tin,7493,38158.39,1385
22721,SET OF 3 CAKE TINS SKETCHBOOK,Home & Living,Tin,1022,4678.71,297
22722,SET OF 6 SPICE TINS PANTRY DESIGN,Home & Living,Tin,5984,24507.36,835
22723,SET OF 6 HERB TINS SKETCHBOOK,Home & Living,Tin,1169,4282.57,295
22725,ALARM CLOCK BAKELIKE CHOCOLATE,Electronics,Clock,2591,10635.2,549
22726,ALARM CLOCK BAKELIKE GREEN,Electronics,Clock,7954,33737.59,1273
22727,ALARM CLOCK BAKELIKE RED,Electronics,Clock,9595,37970.11,1363
22728,ALARM CLOCK BAKELIKE PINK,Electronics,Clock,6374,24907.27,969
22729,ALARM CLOCK BAKELIKE ORANGE,Electronics,Clock,3098,12272.63,612
22730,ALARM CLOCK BAKELIKE IVORY,Electronics,Clock,3877,15567.79,746
22731,3D CHRISTMAS STAMPS STICKERS,Gifts,Christmas,3061,4099.41,266
22732,3D VINTAGE CHRISTMAS STICKERS,Gifts,Christmas,3856,5115.26,337
22733,3D STICKERS TRADITIONAL CHRISTMAS,Gifts,Christmas,3526,4543.52,338
22734,SET OF 6 RIBBONS VINTAGE CHRISTMAS,Gifts,Ribbon,9828,27061.58,756
22735,RIBBON REEL SOCKS AND MITTENS,Gifts,Ribbon,1499,2670.85,231
22736,"RIBBON REEL, MAKING SNOWMEN",Gifts,Ribbon,2633,4742.23,408
22737,RIBBON REEL CHRISTMAS PRESENT,Gifts,Ribbon,3412,6131.72,493
22738,RIBBON REEL SNOWY VILLAGE,Gifts,Ribbon,4636,8382.54,498
22739,"RIBBON REEL, XMAS SOCK/BAUBLE",Gifts,Ribbon,4199,7744.26,601
22740,POLKA DOT PEN,Home & Living,General,13676,11711.49,300
22741,FUNKY DIVA PEN,Home & Living,General,10721,9248.69,292
22742,MAKE YOUR OWN PLAYTIME CARD KIT,Gifts,Card,1017,2526.27,180
22743,MAKE YOUR OWN FLOWERPOWER CARD KIT,Gifts,Card,1539,4684.21,351
22744,MAKE YOUR OWN MONSOON CARD KIT,Gifts,Card,1565,4414.19,300
22745,POPPY'S PLAYHOUSE BEDROOM,Home & Living,General,4097,10044.06,703
22746,POPPY'S PLAYHOUSE LIVINGROOM,Home & Living,General,2979,6858.92,564
22747,POPPY'S PLAYHOUSE BATHROOM,Home & Living,General,2088,4602.72,402
22748,POPPY'S PLAYHOUSE KITCHEN,Home & Living,Kitchen,4263,10434.49,742
22749,FELTCRAFT PRINCESS CHARLOTTE DOLL,Home & Living,General,3876,15808.58,685
22750,FELTCRAFT PRINCESS LOLA DOLL,Home & Living,General,3237,12121.47,647
22751,FELTCRAFT PRINCESS OLIVIA DOLL,Home & Living,General,2332,8716.45,466
22752,SET 7 BABUSHKA NESTING BOXES,Gifts,Box,3781,30804.75,692
22753,SMALL YELLOW BABUSHKA NOTEBOOK,Home & Living,General,2382,1965.0,404
22754,SMALL RED BABUSHKA NOTEBOOK,Home & Living,General,3986,3116.19,492
22755,SMALL PURPLE BABUSHKA NOTEBOOK,Home & Living,General,3833,3054.99,499
22756,LARGE YELLOW BABUSHKA NOTEBOOK,Home & Living,General,1217,1412.22,215
22757,LARGE RED BABUSHKA NOTEBOOK,Home & Living,General,2721,3120.33,308
22758,LARGE PURPLE BABUSHKA NOTEBOOK,Home & Living,General,2476,2677.18,314
22759,SET OF 3 NOTEBOOKS IN PARCEL,Home & Living,General,9541,16205.74,795
22760,"TRAY, BREAKFAST IN BED",Home & Living,General,361,4608.86,120
22761,CHEST 7 DRAWER MA CAMPAGNE,Home & Living,Drawer,54,1320.48,34
22762,CUPBOARD 3 DRAWER MA CAMPAGNE,Home & Living,Cup,216,3468.1,133
22763,KEY CABINET MA CAMPAGNE,Home & Living,General,677,5590.27,135
22764,"RUSTIC WOODEN CABINET, GLASS DOORS",Home & Living,Glass,183,3462.49,25
22765,NEWSPAPER STAND,Home & Living,General,338,3825.25,53
22766,PHOTO FRAME CORNICE,Home & Living,Frame,4475,13209.49,640
22767,TRIPLE PHOTO FRAME CORNICE,Home & Living,Frame,1022,9667.76,295
22768,FAMILY PHOTO FRAME CORNICE,Home & Living,Frame,1197,11484.06,354
22769,CHALKBOARD KITCHEN ORGANISER,Home & Living,Kitchen,179,3795.68,45
22770,MIRROR CORNICE,Accessories,Mirror,114,1829.52,71
22771,CLEAR DRAWER KNOB ACRYLIC EDWARDIAN,Home & Living,Drawer,7762,10502.19,512
22772,PINK DRAWER KNOB ACRYLIC EDWARDIAN,Home & Living,Drawer,4580,6192.61,314
22773,GREEN DRAWER KNOB ACRYLIC EDWARDIAN,Home & Living,Drawer,2495,3321.28,227
22774,RED DRAWER KNOB ACRYLIC EDWARDIAN,Home & Living,Drawer,2981,3856.28,184
22775,PURPLE DRAWERKNOB ACRYLIC EDWARDIAN,Home & Living,Drawer,3903,5531.31,284
22776,SWEETHEART CAKESTAND 3 TIER,Home & Living,General,1763,18084.63,691
22777,GLASS CLOCHE LARGE,Home & Living,Glass,483,4092.06,100
22778,GLASS CLOCHE SMALL,Home & Living,Glass,1045,4119.49,194
22779,WOODEN OWLS LIGHT GARLAND,Electronics,Light,2024,7666.64,193
22780,LIGHT GARLAND BUTTERFILES PINK,Electronics,Light,1850,6963.38,179
22781,GUMBALL MAGAZINE RACK,Home & Living,General,890,7259.42,307
22782,SET 3 WICKER STORAGE BASKETS,Home & Living,Basket,254,3712.3,84
22783,SET 3 WICKER OVAL BASKETS W LIDS,Home & Living,Basket,489,6443.95,45
22784,LANTERN CREAM GAZEBO,Home & Living,General,1598,7984.07,369
22785,CUSHION COVER PINK UNION FLAG,Home & Living,Cushion,427,2318.59,122
22786,PILLOWCUSHION COVER PINK UNION JACK,Home & Living,General,255,1600.93,92
22788,BROCANTE COAT RACK,Home & Living,General,486,4073.41,84
22789,T-LIGHT HOLDER SWEETHEART HANGING,Electronics,Light,1276,2498.16,196
22790,"MIRROR, ARCHED GEORGIAN",Accessories,Mirror,200,3884.0,1
22791,T-LIGHT GLASS FLUTED ANTIQUE,Electronics,Light,9946,12336.71,434
22792,FLUTED ANTIQUE CANDLE HOLDER,Home & Living,Candle,3632,3380.5,262
22794,SWEETHEART WIRE MAGAZINE RACK,Home & Living,General,402,3399.24,209
22795,SWEETHEART RECIPE BOOK STAND,Home & Living,General,1666,11731.06,498
22796,PHOTO FRAME 3 CLASSIC HANGING,Home & Living,Frame,823,8223.44,316
22797,CHEST OF DRAWERS GINGHAM HEART,Gifts,Heart,250,4375.26,140
22798,ANTIQUE GLASS DRESSING TABLE POT,Home & Living,Glass,2491,7752.21,356
22799,SWEETHEART WIRE FRUIT BOWL,Gifts,Bow,255,2037.84,108
22800,ANTIQUE TALL SWIRLGLASS TRINKET POT,Home & Living,Pot,1211,4924.62,268
22801,ANTIQUE GLASS PEDESTAL BOWL,Gifts,Bow,1368,5591.0,299
22802,FAUX FUR CHOCOLATE THROW,Home & Living,General,121,2173.05,62
22803,IVORY EMBROIDERED QUILT,Home & Living,General,78,2925.49,36
22804,CANDLEHOLDER PINK HANGING HEART,Gifts,Heart,5393,14461.28,670
22805,BLUE DRAWER KNOB ACRYLIC EDWARDIAN,Home & Living,Drawer,2330,3182.73,231
22806,SET OF 6 T-LIGHTS WEDDING CAKE,Electronics,Light,442,1184.42,57
22807,SET OF 6 T-LIGHTS TOADSTOOLS,Electronics,Light,1421,4229.82,294
22808,SET OF 6 T-LIGHTS EASTER CHICKS,Electronics,Light,427,1264.53,83
22809,SET OF 6 T-LIGHTS SANTA,Electronics,Light,2662,7950.9,379
22810,SET OF 6 T-LIGHTS SNOWMEN,Electronics,Light,2312,7092.08,328
22811,SET OF 6 T-LIGHTS CACTI,Electronics,Light,1040,2978.66,140
22812,PACK 3 BOXES CHRISTMAS PANNETONE,Gifts,Box,5057,11181.28,462
22813,PACK 3 BOXES BIRD PANNETONE,Gifts,Box,4039,7881.03,373
22814,CARD PARTY GAMES,Gifts,Card,2783,1173.88,295
22815,CARD PSYCHEDELIC APPLES,Gifts,Card,3532,1511.4,340
22816,CARD MOTORBIKE SANTA,Gifts,Card,7422,3210.99,436
22817,CARD SUKI BIRTHDAY,Gifts,Card,3419,1447.53,355
22818,CARD CHRISTMAS VILLAGE,Gifts,Card,6670,2899.38,404
22819,"BIRTHDAY CARD, RETRO SPOT",Gifts,Card,3379,1431.6,331
22820,GIFT BAG BIRTHDAY,Gifts,Gift,1365,852.93,110
22821,GIFT BAG PSYCHEDELIC APPLES,Gifts,Gift,1711,1080.6,186
22822,CREAM WALL PLANTER HEART SHAPED,Gifts,Heart,608,3534.77,183
22823,CHEST NATURAL WOOD 20 DRAWERS,Home & Living,Drawer,32,3655.0,18
22824,3 TIER SWEETHEART GARDEN SHELF,Home & Living,Shelf,63,2225.85,48
22825,DECORATIVE PLANT POT WITH FRIEZE,Home & Living,Pot,103,822.87,38
22826,LOVE SEAT ANTIQUE WHITE METAL,Home & Living,General,58,6210.0,41
22827,GIANT SEVENTEEN DRAWER SIDEBOARD,Home & Living,Drawer,49,7605.0,35
22828,REGENCY MIRROR WITH SHUTTERS,Accessories,Mirror,18,2730.0,11
22829,BROCANTE SHELF WITH HOOKS,Home & Living,Shelf,251,2568.07,118
22830,UTILTY CABINET WITH HOOKS,Home & Living,General,309,6324.05,18
22831,WHITE BROCANTE SOAP DISH,Home & Living,General,782,2309.9,138
22832,SWEETHEART WIRE WALL TIDY,Home & Living,General,191,2097.65,85
22833,HALL CABINET WITH 3 DRAWERS,Home & Living,Drawer,193,6567.17,13
22834,HAND WARMER BABUSHKA DESIGN,Home & Living,General,7676,12923.25,597
22835,HOT WATER BOTTLE I AM SO POORLY,Home & Living,Bottle,5566,28659.98,1011
22837,HOT WATER BOTTLE BABUSHKA,Home & Living,Bottle,4015,18774.72,450
22838,3 TIER CAKE TIN RED AND CREAM,Home & Living,Tin,940,13579.16,271
22839,"CAKE TIN, 3 TIER MINT/IVORY",Home & Living,Tin,598,9373.94,260
22840,ROUND CAKE TIN VINTAGE RED,Home & Living,Tin,1354,10311.0,402
22841,ROUND CAKE TIN VINTAGE GREEN,Home & Living,Tin,784,6114.28,306
22842,BISCUIT TIN VINTAGE RED,Home & Living,Tin,844,5484.08,237
22843,BISCUIT TIN VINTAGE GREEN,Home & Living,Tin,603,3912.51,177
22844,VINTAGE CREAM DOG FOOD CONTAINER,Home & Living,General,1252,11831.22,498
22845,VINTAGE CREAM CAT FOOD CONTAINER,Home & Living,General,1026,6967.9,394
22846,BREAD BIN DINER STYLE RED,Home & Living,General,856,13767.32,346
22847,"BREAD BIN, DINER STYLE, IVORY",Home & Living,General,1191,18890.09,482
22848,BREAD BIN DINER STYLE PINK,Home & Living,General,399,6409.7,151
22849,"BREAD BIN, DINER STYLE, MINT",Home & Living,General,419,6577.03,162
22850,BREAD BIN DINER STYLE BLACK,Home & Living,General,8,123.6,1
22851,SET 20 NAPKINS FAIRY CAKES DESIGN,Home & Living,General,5221,4250.11,523
22852,ENAMEL DOG BOWL CREAM,Gifts,Bow,565,2467.11,160
22853,ENAMEL CAT BOWL CREAM,Gifts,Bow,646,2208.82,146
22854,CREAM SWEETHEART EGG HOLDER,Home & Living,Holder,1173,5700.99,244
22855,FINE WICKER HEART,Gifts,Heart,5020,6274.05,427
22856,ASSORTED EASTER DECORATIONS  BELLS,Gifts,Decoration,883,1067.35,32
22857,ASSORTED EASTER GIFT TAGS,Gifts,Gift,1244,1060.18,66
22858,EASTER TIN KEEPSAKE,Home & Living,Tin,1138,1882.29,139
22859,EASTER TIN BUNNY BOUQUET,Home & Living,Tin,1266,2115.57,165
22860,EASTER TIN CHICKS PINK DAISY,Home & Living,Tin,623,1079.0,111
22861,EASTER TIN CHICKS IN GARDEN,Home & Living,Garden,305,522.93,50
22862,LOVE HEART NAPKIN BOX,Gifts,Box,790,3538.76,221
22863,SOAP DISH BROCANTE,Home & Living,General,1156,3314.12,169
22864,MUG AND COASTER SET RED CIRCLES,Home & Living,Mug,378,158.76,2
22865,HAND WARMER OWL DESIGN,Home & Living,General,15557,33575.51,1212
22866,HAND WARMER SCOTTY DOG DESIGN,Home & Living,General,13772,30426.54,1083
22867,HAND WARMER BIRD DESIGN,Home & Living,General,13453,29541.02,1054
22868,"NUMBER TILE COTTAGE GARDEN, 0",Home & Living,Garden,125,272.33,27
22869,"NUMBER TILE COTTAGE GARDEN, 1",Home & Living,Garden,167,393.63,57
22870,"NUMBER TILE COTTAGE GARDEN, 2",Home & Living,Garden,157,374.13,46
22871,"NUMBER TILE COTTAGE GARDEN, 3",Home & Living,Garden,127,289.39,30
22872,"NUMBER TILE COTTAGE GARDEN, 4",Home & Living,Garden,136,311.3,39
22873,"NUMBER TILE COTTAGE GARDEN, 5",Home & Living,Garden,121,266.71,31
22874,"NUMBER TILE COTTAGE GARDEN, 6",Home & Living,Garden,126,272.02,28
22875,"NUMBER TILE COTTAGE GARDEN, 7",Home & Living,Garden,124,272.56,30
22876,"NUMBER TILE COTTAGE GARDEN, 8",Home & Living,Garden,121,262.59,23
22877,"NUMBER TILE COTTAGE GARDEN, 9",Home & Living,Garden,128,271.64,28
22878,"NUMBER TILE COTTAGE GARDEN, No",Home & Living,Garden,128,330.26,45
22879,NUMBER TILE VINTAGE FONT 0,Home & Living,General,82,134.4,21
22880,"NUMBER TILE VINTAGE FONT, 1",Home & Living,General,114,238.38,37
22881,"NUMBER TILE VINTAGE FONT, 2",Home & Living,General,112,218.82,36
22882,NUMBER TILE VINTAGE FONT 3,Home & Living,General,127,259.29,50
22883,NUMBER TILE VINTAGE FONT 4,Home & Living,General,110,217.26,34
22884,NUMBER TILE VINTAGE FONT 5,Home & Living,General,113,229.89,39
22885,NUMBER TILE VINTAGE FONT 6,Home & Living,General,113,214.47,35
22886,"NUMBER TILE VINTAGE FONT, 7",Home & Living,General,98,174.16,29
22887,NUMBER TILE VINTAGE FONT 8,Home & Living,General,92,160.36,28
22888,NUMBER TILE VINTAGE FONT 9,Home & Living,General,79,130.83,23
22889,"NUMBER TILE VINTAGE FONT, No",Home & Living,General,201,339.73,39
22890,NOVELTY BISCUITS CAKE STAND 3 TIER,Gifts,Novelty,839,8213.47,260
22891,TEA FOR ONE POLKADOT,Home & Living,General,692,3379.44,230
22892,SALT AND PEPPER SHAKERS TOADSTOOLS,Home & Living,General,3562,4374.56,295
22893,MINI CAKE STAND T-LIGHT HOLDER,Electronics,Light,2774,1330.5,182
22894,TABLECLOTH RED APPLES DESIGN,Home & Living,General,569,5228.78,192
22895,SET OF 2 TEA TOWELS APPLE AND PEARS,Home & Living,Towel,2898,8823.52,411
22896,PEG BAG APPLE DESIGN,Accessories,Bag,2096,5299.12,367
22897,OVEN MITT APPLE DESIGN,Home & Living,General,1974,2923.91,298
22898,CHILDRENS APRON APPLE DESIGN,Home & Living,General,3263,6805.23,471
22899,CHILDRENS APRON DOLLY GIRL,Home & Living,General,2841,5939.99,421
22900,SET 2 TEA TOWELS I LOVE LONDON,Home & Living,Towel,6377,20544.21,723
22902,TOTE BAG I LOVE LONDON,Accessories,Bag,1797,3680.88,199
22903,CALENDAR FAMILY FAVORITES,Home & Living,General,747,2062.82,82
22904,CALENDAR PAPER CUT DESIGN,Home & Living,General,3532,11003.04,463
22905,CALENDAR IN SEASON DESIGN,Home & Living,General,1090,2998.48,194
22906,12 MESSAGE CARDS WITH ENVELOPES,Gifts,Card,3469,6405.54,445
22907,PACK OF 20 NAPKINS PANTRY DESIGN,Home & Living,General,8745,7329.99,829
22908,PACK OF 20 NAPKINS RED APPLES,Home & Living,General,5674,4590.55,485
22909,SET OF 20 VINTAGE CHRISTMAS NAPKINS,Gifts,Christmas,17706,15779.53,1086
22910,PAPER CHAIN KIT VINTAGE CHRISTMAS,Gifts,Christmas,19597,61721.99,1427
22911,PAPER CHAIN KIT LONDON,Home & Living,General,874,2516.3,164
22912,YELLOW COAT RACK PARIS FASHION,Home & Living,General,338,1606.98,108
22913,RED COAT RACK PARIS FASHION,Home & Living,General,462,2179.39,122
22914,BLUE COAT RACK PARIS FASHION,Home & Living,General,600,2881.3,170
22915,ASSORTED BOTTLE TOP  MAGNETS,Home & Living,Bottle,3461,1570.76,194
22916,HERB MARKER THYME,Home & Living,General,2006,1398.04,249
22917,HERB MARKER ROSEMARY,Home & Living,General,2042,1423.62,252
22918,HERB MARKER PARSLEY,Home & Living,General,1975,1361.42,249
22919,HERB MARKER MINT,Home & Living,General,1833,1281.94,248
22920,HERB MARKER BASIL,Home & Living,General,3526,2237.46,252
22921,HERB MARKER CHIVES,Home & Living,General,1806,1256.54,220
22922,FRIDGE MAGNETS US DINER ASSORTED,Home & Living,General,2109,1819.8,113
22923,FRIDGE MAGNETS LES ENFANTS ASSORTED,Home & Living,General,1674,1402.41,90
22924,FRIDGE MAGNETS LA VIE EN ROSE,Home & Living,General,1581,1422.78,95
22925,BLUE GIANT GARDEN THERMOMETER,Home & Living,Garden,506,3108.46,191
22926,IVORY GIANT GARDEN THERMOMETER,Home & Living,Garden,762,4655.97,216
22927,GREEN GIANT GARDEN THERMOMETER,Home & Living,Garden,502,3221.91,162
22928,YELLOW GIANT GARDEN THERMOMETER,Home & Living,Garden,301,2077.02,118
22929,SCHOOL DESK AND CHAIR,Home & Living,General,23,1459.75,17
22930,BAKING MOULD HEART MILK CHOCOLATE,Gifts,Heart,1200,3049.0,189
22931,BAKING MOULD HEART WHITE CHOCOLATE,Gifts,Heart,902,2157.85,129
22932,BAKING MOULD TOFFEE CUP CHOCOLATE,Home & Living,Cup,963,2169.93,72
22933,BAKING MOULD EASTER EGG MILK CHOC,Home & Living,General,952,2621.32,122
22934,BAKING MOULD EASTER EGG WHITE CHOC,Home & Living,General,589,1707.47,78
22935,BAKING MOULD ROSE MILK CHOCOLATE,Home & Living,General,771,2294.07,65
22936,BAKING MOULD ROSE WHITE CHOCOLATE,Home & Living,General,288,925.22,50
22937,BAKING MOULD CHOCOLATE CUPCAKES,Home & Living,Cup,1024,2695.84,160
22938,CUPCAKE LACE PAPER SET 6,Home & Living,Cup,3746,7006.3,273
22939,APRON APPLE DELIGHT,Home & Living,General,708,3560.35,181
22940,FELTCRAFT CHRISTMAS FAIRY,Gifts,Christmas,3672,16090.04,586
22941,CHRISTMAS LIGHTS 10 REINDEER,Electronics,Light,2710,22645.32,483
22942,CHRISTMAS LIGHTS 10 SANTAS,Electronics,Light,1273,9916.68,246
22943,CHRISTMAS LIGHTS 10 VINTAGE BAUBLES,Electronics,Light,2607,12813.52,356
22944,CHRISTMAS METAL POSTCARD WITH BELLS,Gifts,Christmas,4913,3646.62,158
22945,CHRISTMAS METAL TAGS ASSORTED,Gifts,Christmas,7857,7722.19,338
22946,WOODEN ADVENT CALENDAR CREAM,Home & Living,General,992,15485.22,275
22947,WOODEN ADVENT CALENDAR RED,Home & Living,General,1026,13111.85,209
22948,METAL DECORATION NAUGHTY CHILDREN,Gifts,Decoration,2245,2294.47,180
22949,36 DOILIES DOLLY GIRL,Home & Living,General,2028,2888.88,177
22950,36 DOILIES VINTAGE CHRISTMAS,Gifts,Christmas,8334,11454.09,352
22951,72 CAKE CASES DOLLY GIRL DESIGN,Accessories,Case,11232,5909.85,634
22952,72 CAKE CASES VINTAGE CHRISTMAS,Gifts,Christmas,33786,19812.43,1144
22953,BIRTHDAY PARTY CORDON BARRIER TAPE,Gifts,Birthday,842,1051.05,119
22954,HEN PARTY CORDON BARRIER TAPE,Home & Living,General,243,300.14,50
22955,36 FOIL STAR CAKE CASES,Gifts,Star,1490,2975.57,185
22956,36 FOIL HEART CAKE CASES,Gifts,Heart,2617,5130.22,256
22957,SET 3 PAPER VINTAGE CHICK PAPER EGG,Home & Living,General,1778,5023.5,214
22959,WRAP CHRISTMAS VILLAGE,Gifts,Wrap,9801,4008.42,284
22960,JAM MAKING SET WITH JARS,Home & Living,General,9302,39694.56,1159
22961,JAM MAKING SET PRINTED,Home & Living,General,18086,28242.89,1200
22962,JAM JAR WITH PINK LID,Home & Living,General,4638,3878.85,354
22963,JAM JAR WITH BLUE LID,Home & Living,General,3955,3304.66,319
22964,3 PIECE SPACEBOY COOKIE CUTTER SET,Home & Living,General,2853,5966.25,408
22965,3 TRADITIONAl BISCUIT CUTTERS  SET,Home & Living,General,1890,3936.95,260
22966,GINGERBREAD MAN COOKIE CUTTER,Home & Living,General,8506,10505.13,732
22967,SET 3 SONG BIRD PAPER EGGS ASSORTED,Home & Living,General,1173,3277.31,138
22968,ROSE COTTAGE KEEPSAKE BOX,Gifts,Box,1199,12002.01,306
22969,HOMEMADE JAM SCENTED CANDLES,Home & Living,Candle,15087,22459.25,709
22970,LONDON BUS COFFEE MUG,Home & Living,Mug,4367,10224.75,317
22971,QUEENS GUARD COFFEE MUG,Home & Living,Mug,2431,5849.29,272
22972,CHILDREN'S SPACEBOY MUG,Home & Living,Mug,2001,3436.61,243
22973,CHILDRENS CIRCUS PARADE MUG,Home & Living,Mug,1428,2433.43,155
22974,CHILDRENS DOLLY GIRL MUG,Home & Living,Mug,1748,2994.29,211
22975,SPACEBOY CHILDRENS EGG CUP,Home & Living,Cup,1322,1788.51,193
22976,CIRCUS PARADE CHILDRENS EGG CUP,Home & Living,Cup,1235,1607.82,149
22977,DOLLY GIRL CHILDRENS EGG CUP,Home & Living,Cup,1061,1397.66,140
22978,PANTRY ROLLING PIN,Home & Living,General,2465,9568.73,238
22979,PANTRY WASHING UP BRUSH,Home & Living,General,4097,6401.97,381
22980,PANTRY SCRUBBING BRUSH,Home & Living,General,2366,3914.96,291
22981,PANTRY APPLE CORER,Home & Living,General,472,705.58,105
22982,PANTRY PASTRY BRUSH,Home & Living,General,1155,1545.02,212
22983,"CARD, BILLBOARD FONT",Gifts,Card,6916,2938.52,551
22984,"CARD, GINGHAM ROSE",Gifts,Card,3410,1396.78,214
22985,"WRAP, BILLBOARD FONTS DESIGN",Gifts,Wrap,4772,1916.24,136
22986,GINGHAM ROSE WRAP,Gifts,Wrap,5845,2410.9,204
22987,"WRAP , SUMMER ROSE DESIGN",Gifts,Wrap,252,105.84,11
22988,SOLDIERS EGG CUP,Home & Living,Cup,9748,11753.72,446
22989,SET 2 PANTRY DESIGN TEA TOWELS,Home & Living,Towel,2815,9012.27,372
22990,COTTON APRON PANTRY DESIGN,Home & Living,General,638,2942.18,164
22991,GIRAFFE WOODEN RULER,Home & Living,General,3889,7608.79,274
22992,REVOLVER WOODEN RULER,Home & Living,General,5236,10379.84,348
22993,SET OF 4 PANTRY JELLY MOULDS,Home & Living,General,12672,16507.23,1073
22994,TRAVEL CARD WALLET RETROSPOT,Gifts,Card,2197,958.2,218
22995,TRAVEL CARD WALLET SUKI,Gifts,Card,2389,1062.0,266
22996,TRAVEL CARD WALLET VINTAGE TICKET,Gifts,Card,4813,2099.97,408
22997,TRAVEL CARD WALLET UNION JACK,Gifts,Card,2595,1115.93,222
22998,TRAVEL CARD WALLET KEEP CALM,Gifts,Card,12490,5314.9,534
22999,TRAVEL CARD WALLET RETRO PETALS,Gifts,Card,2960,1280.31,222
23000,TRAVEL CARD WALLET TRANSPORT,Gifts,Card,3171,1369.12,278
23002,TRAVEL CARD WALLET SKULLS,Gifts,Card,2145,925.29,192
23003,TRAVEL CARD WALLET VINTAGE ROSE,Gifts,Card,542,226.2,53
23004,TRAVEL CARD WALLET PANTRY,Gifts,Card,2011,906.94,221
23005,TRAVEL CARD WALLET I LOVE LONDON,Gifts,Card,4783,2147.55,241
23006,TRAVEL CARD WALLET FLOWER MEADOW,Gifts,Card,1764,765.27,173
23007,SPACEBOY BABY GIFT SET,Gifts,Gift,499,7758.7,184
23008,DOLLY GIRL BABY GIFT SET,Gifts,Gift,435,6753.51,133
23009,I LOVE LONDON BABY GIFT SET,Gifts,Gift,263,4082.52,103
23010,CIRCUS PARADE BABY GIFT SET,Gifts,Gift,316,4896.55,111
23012,GLASS APOTHECARY BOTTLE PERFUME,Home & Living,Bottle,1074,4208.96,246
23013,GLASS APOTHECARY BOTTLE TONIC,Home & Living,Bottle,925,3678.11,223
23014,GLASS APOTHECARY BOTTLE ELIXIR,Home & Living,Bottle,858,3427.48,209
23015,CORDIAL GLASS JUG,Home & Living,Glass,41,346.63,18
23016,GLASS TWIST BON BON JAR,Home & Living,Glass,74,575.25,24
23017,APOTHECARY MEASURING JAR,Home & Living,General,67,826.28,22
23018,LARGE APOTHECARY MEASURING JAR,Home & Living,General,51,612.16,21
23019,SMALL APOTHECARY MEASURING JAR,Home & Living,General,81,629.05,28
23020,GLASS  SONGBIRD STORAGE JAR,Home & Living,Glass,180,2191.84,76
23021,GLASS BONNE JAM JAR,Home & Living,Glass,121,504.97,27
23022,SMALL BONNE JAM JAR  T-LIGHT HOLDER,Electronics,Light,422,808.16,22
23023,RIDGED BONNE JAM JAR T-LIGHT HOLDER,Electronics,Light,286,457.62,25
23024,LARGE BONNE JAM JAR  T-LIGHT HOLDER,Electronics,Light,255,667.85,11
23025,DRAWER KNOB VINTAGE GLASS BALL,Home & Living,Drawer,350,760.8,54
23026,DRAWER KNOB VINTAGE GLASS STAR,Gifts,Star,557,1201.04,62
23027,DRAWER KNOB VINTAGE GLASS HEXAGON,Home & Living,Drawer,295,627.95,30
23028,DRAWER KNOB CRACKLE GLAZE BLUE,Home & Living,Drawer,1375,2387.03,137
23029,DRAWER KNOB CRACKLE GLAZE GREEN,Home & Living,Drawer,1352,2303.92,156
23031,DRAWER KNOB CRACKLE GLAZE PINK,Home & Living,Drawer,1296,2182.0,155
23032,DRAWER KNOB CRACKLE GLAZE IVORY,Home & Living,Drawer,2342,3876.78,199
23033,DRAWER KNOB CERAMIC RED,Home & Living,Drawer,720,1067.6,74
23034,DRAWER KNOB CERAMIC BLACK,Home & Living,Drawer,991,1466.07,88
23035,DRAWER KNOB CERAMIC IVORY,Home & Living,Drawer,2209,3226.09,191
23036,T-LIGHT HOLDER SILVER PETIT FOUR,Electronics,Light,185,233.67,16
23037,CANDLE HOLDER SILVER MADELINE,Home & Living,Candle,196,325.16,20
23038,T-LIGHT HOLDER SILVER SAUCER,Electronics,Light,44,42.92,8
23039,T-LIGHT HOLDER SILVER HEART HANDLE,Electronics,Light,199,399.71,28
23040,PAPER LANTERN 9 POINT SNOW STAR,Gifts,Star,253,1394.03,41
23041,PAPER LANTERN 9 POINT SNOW STAR,Gifts,Star,272,1178.48,54
23042,PAPER LANTERN 7 POINT SNOW STAR,Gifts,Star,103,711.51,28
23043,PAPER LANTERN 9 POINT HOLLY STAR 40,Gifts,Star,81,543.51,23
23044,PAPER LANTERN 9 POINT HOLLY STAR S,Gifts,Star,104,435.74,25
23045,PAPER LANTERN 5 POINT STAR MOON 30,Gifts,Star,118,497.98,25
23046,PAPER LANTERN 9 POINT DELUXE STAR,Gifts,Star,349,2111.49,36
23047,PAPER LANTERN 5 POINT SEQUIN STAR,Gifts,Star,58,333.5,25
23048,SET OF 10 LANTERNS FAIRY LIGHT STAR,Electronics,Light,581,2384.97,99
23049,RECYCLED ACAPULCO MAT RED,Home & Living,Mat,456,3896.84,186
23050,RECYCLED ACAPULCO MAT GREEN,Home & Living,Mat,497,4286.55,205
23051,RECYCLED ACAPULCO MAT BLUE,Home & Living,Mat,365,3223.49,162
23052,RECYCLED ACAPULCO MAT TURQUOISE,Home & Living,Mat,654,5949.34,278
23053,RECYCLED ACAPULCO MAT PINK,Home & Living,Mat,365,3262.57,164
23054,RECYCLED ACAPULCO MAT LAVENDER,Home & Living,Mat,297,2621.43,130
23055,IVORY CHANDELIER T-LIGHT HOLDER,Electronics,Light,658,1401.43,38
23056,FLOWERS CHANDELIER T-LIGHT HOLDER,Electronics,Light,966,2916.87,39
23057,GEMSTONE CHANDELIER T-LIGHT HOLDER,Electronics,Light,776,1783.52,45
23058,CHRISTMAS HANGING SNOWFLAKE,Gifts,Christmas,490,430.86,48
23060,HEART BEADED TRELLIS DECORATION,Gifts,Heart,249,528.17,42
23061,VINTAGE EMBOSSED HEART,Gifts,Heart,1033,1355.18,117
23064,CINDERELLA CHANDELIER,Home & Living,General,221,3717.56,23
23065,LARGE DECO JEWELLERY STAND,Accessories,Jewel,274,3439.94,99
23066,SMALL DECO JEWELLERY STAND,Accessories,Jewel,259,2137.81,85
23067,HANGING ENGRAVED METAL HEART,Gifts,Heart,297,1249.11,78
23068,ALUMINIUM STAMPED HEART,Gifts,Heart,813,1976.89,136
23069,EDWARDIAN PHOTO FRAME,Home & Living,Frame,90,568.71,32
23070,EDWARDIAN HEART PHOTO FRAME,Gifts,Heart,160,709.54,44
23071,MARIE ANTOIENETT TRINKET BOX GOLD,Gifts,Box,319,1255.1,19
23072,MARIE ANTOINETTE TRINKET BOX SILVER,Gifts,Box,334,1273.76,30
23073,GEORGIAN TRINKET BOX,Gifts,Box,144,1719.0,61
23074,EMBOSSED HEART TRINKET BOX,Gifts,Box,250,555.59,48
23075,DOUBLE CERAMIC PARLOUR HOOK,Home & Living,General,477,1981.05,80
23076,ICE CREAM SUNDAE LIP GLOSS,Home & Living,General,8100,9965.76,277
23077,DOUGHNUT LIP GLOSS,Home & Living,General,10415,13720.77,344
23078,ICE CREAM PEN LIP GLOSS,Home & Living,General,6831,8553.34,257
23079,TOADSTOOL BEDSIDE LIGHT,Electronics,Light,253,2243.35,106
23080,RED METAL BOX TOP SECRET,Gifts,Box,1079,9158.87,257
23081,GREEN METAL BOX ARMY SUPPLIES,Gifts,Box,484,4046.5,139
23082,SET 6 PAPER TABLE LANTERN HEARTS,Gifts,Heart,2333,8577.51,297
23083,SET 6 PAPER TABLE LANTERN STARS,Gifts,Star,1933,7254.65,246
23084,RABBIT NIGHT LIGHT,Electronics,Light,30788,66964.99,994
23085,ANTIQUE SILVER BAUBLE LAMP,Electronics,Lamp,381,3635.23,78
23086,ZINC  STAR T-LIGHT HOLDER,Electronics,Light,1228,1455.18,47
23087,ZINC  HEART T-LIGHT HOLDER,Electronics,Light,868,1090.66,69
23088,ZINC HEART FLOWER T-LIGHT HOLDER,Electronics,Light,795,1033.28,79
23089,GLASS BON BON JAR,Home & Living,Glass,2355,4217.73,225
23090,VINTAGE GLASS T-LIGHT HOLDER,Electronics,Light,2238,1870.86,149
23091,ZINC HERB GARDEN CONTAINER,Home & Living,Garden,591,3725.07,209
23092,LARGE ANTIQUE WHITE PHOTO FRAME,Home & Living,Frame,525,3773.58,135
23093,SMALL PARISIENNE HEART PHOTO FRAME,Gifts,Heart,941,2244.22,142
23094,LE GRAND TRAY CHIC SET,Home & Living,General,152,1924.92,79
23096,PETIT TRAY CHIC,Home & Living,General,1047,1759.79,146
23099,FRENCH CARRIAGE LANTERN,Home & Living,General,137,925.35,58
23100,SILVER BELLS TABLE DECORATION,Gifts,Decoration,2169,2743.13,257
23101,SILVER STARS TABLE DECORATION,Gifts,Star,2037,1744.61,213
23102,SILVER HEARTS TABLE DECORATION,Gifts,Heart,1288,1086.65,157
23103,BELL HEART DECORATION,Gifts,Heart,4080,6859.36,365
23104,IVORY PANTRY HANGING LAMP,Electronics,Lamp,118,1405.42,46
23106,ZINC HEARTS PLANT POT HOLDER,Gifts,Heart,291,815.59,53
23107,WHITE WIRE PLANT POT HOLDER,Home & Living,Holder,359,1009.51,73
23108,SET OF 10 LED DOLLY LIGHTS,Electronics,Light,2221,13303.02,372
23109,LED TEA LIGHTS,Electronics,Light,2401,6878.37,268
23110,PARISIENNE KEY CABINET,Home & Living,General,702,4158.68,255
23111,PARISIENNE SEWING BOX,Gifts,Box,312,3839.24,138
23112,PARISIENNE CURIO CABINET,Home & Living,General,547,4514.58,241
23113,PANTRY CHOPPING BOARD,Home & Living,General,1154,5868.5,57
23114,VINTAGE LEAF CHOPPING BOARD,Home & Living,General,149,737.95,45
23115,RED APPLES CHOPPING BOARD,Home & Living,General,155,785.17,45
23116,VEGETABLE GARDEN CHOPPING BOARD,Home & Living,Garden,78,392.34,22
23117,POPPY FIELDS CHOPPING BOARD,Home & Living,General,93,501.23,45
23118,PARISIENNE JEWELLERY DRAWER,Accessories,Jewel,813,6102.18,258
23119,PACK OF 6 LARGE FRUIT STRAWS,Home & Living,General,2283,1402.32,151
23120,PACK OF 6 SMALL FRUIT STRAWS,Home & Living,General,1716,695.41,100
23121,PACK OF 6 COCKTAIL PARASOL STRAWS,Home & Living,General,2506,1002.54,111
23122,PARTY CHARMS 50 PIECES,Accessories,Charm,2253,1727.75,133
23123,COCKTAIL SWORDS 50 PIECES,Home & Living,General,936,760.4,95
23124,18PC WOODEN CUTLERY SET DISPOSABLE,Home & Living,General,567,751.38,43
23125,6PC WOOD PLATE SET DISPOSABLE,Home & Living,Plate,459,574.88,38
23126,DOLLCRAFT GIRL AMELIE KIT,Home & Living,General,1114,5556.79,291
23127,DOLLCRAFT GIRL NICOLE,Home & Living,General,737,3763.95,194
23128,FELTCRAFT BOY JEAN-PAUL KIT,Home & Living,General,453,2283.41,139
23129,HEART SHAPED HOLLY WREATH,Gifts,Heart,950,3999.5,172
23130,MISTLETOE HEART WREATH GREEN,Gifts,Heart,962,3988.98,184
23131,MISTLETOE HEART WREATH CREAM,Gifts,Heart,943,3840.13,115
23132,SMALL IVORY HEART WALL ORGANISER,Gifts,Heart,1034,5219.1,152
23133,LARGE IVORY HEART WALL ORGANISER,Gifts,Heart,782,5525.4,155
23134,LARGE ZINC HEART WALL ORGANISER,Gifts,Heart,1065,6431.11,38
23135,SMALL ZINC HEART WALL ORGANISER,Gifts,Heart,1541,5416.18,45
23136,IVORY WIRE SWEETHEART LETTER TRAY,Home & Living,General,135,511.89,49
23137,ZINC WIRE SWEETHEART LETTER TRAY,Home & Living,General,83,275.62,23
23138,SINGLE WIRE HOOK IVORY HEART,Gifts,Heart,884,1238.76,82
23139,SINGLE WIRE HOOK PINK HEART,Gifts,Heart,415,530.15,27
23140,TRIPLE WIRE HOOK IVORY HEART,Gifts,Heart,182,766.1,52
23141,TRIPLE WIRE HOOK PINK HEART,Gifts,Heart,79,272.91,25
23142,IVORY WIRE KITCHEN ORGANISER,Home & Living,Kitchen,121,1220.82,40
23143,ZINC WIRE KITCHEN ORGANISER,Home & Living,Kitchen,30,239.97,16
23144,ZINC T-LIGHT HOLDER STARS SMALL,Electronics,Light,5089,4197.83,274
23145,ZINC T-LIGHT HOLDER STAR LARGE,Electronics,Light,2084,1979.48,169
23146,TRIPLE HOOK ANTIQUE IVORY ROSE,Home & Living,General,801,2655.13,227
23147,SINGLE ANTIQUE ROSE HOOK IVORY,Home & Living,General,1870,2755.1,261
23148,MINIATURE ANTIQUE ROSE HOOK IVORY,Home & Living,General,2144,1820.46,247
23149,ANTIQUE IVORY WIRE BOWL SMALL,Gifts,Bow,99,251.45,21
23150,IVORY SWEETHEART SOAP DISH,Home & Living,General,148,390.75,49
23151,ZINC SWEETHEART SOAP DISH,Home & Living,General,62,116.82,21
23152,IVORY SWEETHEART WIRE LETTER RACK,Home & Living,General,558,2095.65,159
23153,ZINC SWEETHEART WIRE LETTER RACK,Home & Living,General,263,1020.69,90
23154,SET OF 4 JAM JAR MAGNETS,Home & Living,General,2732,5907.36,235
23155,KNICKERBOCKERGLORY MAGNET ASSORTED,Home & Living,General,2233,1914.73,135
23156,SET OF 5 MINI GROCERY MAGNETS,Home & Living,General,1672,3437.85,205
23157,SET OF 6 NATIVITY MAGNETS,Home & Living,General,2570,5170.1,163
23158,SET OF 5 LUCKY CAT MAGNETS,Home & Living,General,2635,5517.99,255
23159,SET OF 5 PANCAKE DAY MAGNETS,Home & Living,General,2321,4771.76,223
23160,REGENCY TEA SPOON,Home & Living,General,1462,1809.48,76
23161,REGENCY CAKE FORK,Home & Living,General,1715,2145.3,98
23162,REGENCY TEA STRAINER,Home & Living,General,1412,5143.69,176
23163,REGENCY SUGAR TONGS,Home & Living,General,1832,4515.22,209
23164,REGENCY CAKE SLICE,Home & Living,General,578,2718.65,92
23165,LARGE CERAMIC TOP STORAGE JAR,Home & Living,Storage,3118,5147.66,280
23166,MEDIUM CERAMIC TOP STORAGE JAR,Home & Living,Storage,78033,81700.92,247
23167,SMALL CERAMIC TOP STORAGE JAR,Home & Living,Storage,5847,4476.01,231
23168,CLASSIC SUGAR DISPENSER,Home & Living,General,3292,4559.92,337
23169,CLASSIC GLASS SWEET JAR,Home & Living,Glass,1558,6671.14,314
23170,REGENCY TEA PLATE ROSES,Home & Living,Plate,6869,11117.05,445
23171,REGENCY TEA PLATE GREEN,Home & Living,Plate,6247,10051.99,381
23172,REGENCY TEA PLATE PINK,Home & Living,Plate,3871,6360.91,305
23173,REGENCY TEAPOT ROSES,Home & Living,General,2770,24918.93,416
23174,REGENCY SUGAR BOWL GREEN,Gifts,Bow,3057,12350.73,322
23175,REGENCY MILK JUG PINK,Home & Living,General,3164,9600.15,329
23176,ABC TREASURE BOOK BOX,Gifts,Box,2167,4697.58,226
23177,TREASURE ISLAND BOOK BOX,Gifts,Box,2535,5528.04,267
23178,JAM CLOCK MAGNET,Electronics,Clock,330,943.92,68
23179,CLOCK MAGNET MUM'S KITCHEN,Electronics,Clock,324,930.48,53
23180,MUM'S KITCHEN CLOCK,Electronics,Clock,122,621.09,49
23181,BULL DOG BOTTLE TOP WALL CLOCK,Electronics,Clock,201,1733.57,82
23182,TOILET SIGN OCCUPIED OR VACANT,Home & Living,General,3777,3718.09,433
23183,MOTHER'S KITCHEN SPOON REST,Home & Living,Kitchen,226,967.17,84
23184,BULL DOG BOTTLE OPENER,Home & Living,Bottle,874,4764.5,264
23185,FRENCH STYLE STORAGE JAR JAM,Home & Living,Storage,323,116.59,30
23186,FRENCH STYLE STORAGE JAR CAFE,Home & Living,Storage,1982,819.46,70
23187,FRENCH STYLE STORAGE JAR BONBONS,Home & Living,Storage,2338,695.06,74
23188,VINTAGE  2 METER FOLDING RULER,Home & Living,General,3473,6451.07,333
23189,SET OF 12 FORK CANDLES,Home & Living,Candle,1249,3507.51,141
23190,BUNDLE OF 3 SCHOOL EXERCISE BOOKS,Home & Living,General,1702,2761.9,202
23191,BUNDLE OF 3 RETRO NOTE BOOKS,Home & Living,General,2218,3656.94,281
23192,BUNDLE OF 3 ALPHABET EXERCISE BOOKS,Home & Living,General,3533,6142.29,345
23193,BUFFALO BILL TREASURE BOOK BOX,Gifts,Box,1930,4097.28,175
23194,GYMKHANNA TREASURE BOOK BOX,Gifts,Box,1839,4086.37,214
23196,RETRO LEAVES MAGNETIC NOTEPAD,Home & Living,General,1876,2848.04,298
23197,SKETCHBOOK MAGNETIC SHOPPING LIST,Home & Living,General,1492,2323.8,249
23198,PANTRY MAGNETIC  SHOPPING LIST,Home & Living,General,3346,5068.4,475
23199,JUMBO BAG APPLES,Accessories,Bag,14920,30475.65,978
23200,JUMBO BAG PEARS,Accessories,Bag,7071,14197.28,595
23201,JUMBO BAG ALPHABET,Accessories,Bag,13379,27890.17,906
23202,JUMBO BAG VINTAGE LEAF,Accessories,Bag,10962,21852.81,879
23203,JUMBO BAG DOILEY PATTERNS,Accessories,Bag,20503,42067.78,1231
23204,CHARLOTTE BAG APPLES DESIGN,Accessories,Bag,7976,7741.94,583
23205,CHARLOTTE BAG VINTAGE ALPHABET,Accessories,Bag,5859,5728.08,467
23206,LUNCH BAG APPLE DESIGN,Accessories,Bag,12183,20911.98,1036
23207,LUNCH BAG ALPHABET DESIGN,Accessories,Bag,7851,13360.2,740
23208,LUNCH BAG VINTAGE LEAF DESIGN,Accessories,Bag,6342,10498.01,668
23209,LUNCH BAG DOILEY PATTERN,Accessories,Bag,13189,21450.17,1098
23210,WHITE ROCKING HORSE HAND PAINTED,Home & Living,General,2902,3617.78,192
23211,RED ROCKING HORSE HAND PAINTED,Home & Living,General,2331,2933.07,160
23212,HEART WREATH DECORATION WITH BELL,Gifts,Heart,2300,2865.89,186
23213,STAR WREATH DECORATION WITH BELL,Gifts,Star,1683,2139.67,152
23214,JINGLE BELL HEART ANTIQUE GOLD,Gifts,Heart,794,1705.44,103
23215,JINGLE BELL HEART ANTIQUE SILVER,Gifts,Heart,3567,7044.64,210
23216,LAUREL HEART ANTIQUE GOLD,Gifts,Heart,525,630.73,44
23217,LAUREL HEART ANTIQUE SILVER,Gifts,Heart,1309,1613.82,97
23218,LAUREL STAR ANTIQUE GOLD,Gifts,Star,379,483.03,40
23219,LAUREL STAR ANTIQUE SILVER,Gifts,Star,430,568.6,61
23220,REINDEER HEART DECORATION GOLD,Gifts,Heart,994,869.98,103
23221,REINDEER HEART DECORATION SILVER,Gifts,Heart,1537,1363.87,145
23222,CHRISTMAS TREE HANGING GOLD,Gifts,Christmas,799,718.53,75
23223,CHRISTMAS TREE HANGING SILVER,Gifts,Christmas,803,751.85,88
23224,CHERUB HEART DECORATION GOLD,Gifts,Heart,738,649.02,71
23225,CHERUB HEART DECORATION SILVER,Gifts,Heart,1356,1177.0,88
23226,FILIGREE HEART DAISY WHITE,Gifts,Heart,1247,1596.67,98
23227,FILIGREE HEART BUTTERFLY WHITE,Gifts,Heart,1642,2070.06,117
23228,FILIGREE HEART BIRD WHITE,Gifts,Heart,1492,1960.0,125
23229,VINTAGE DONKEY TAIL GAME,Gifts,Game,1869,6739.71,256
23230,WRAP ALPHABET DESIGN,Gifts,Wrap,8001,3228.42,235
23231,WRAP DOILEY DESIGN,Gifts,Wrap,7277,3008.34,260
23232,WRAP VINTAGE PETALS  DESIGN,Gifts,Wrap,8626,3478.92,238
23233,WRAP POPPIES  DESIGN,Gifts,Wrap,5175,2105.5,158
23234,BISCUIT TIN VINTAGE CHRISTMAS,Gifts,Christmas,1725,5088.45,277
23235,STORAGE TIN VINTAGE LEAF,Home & Living,Tin,739,1957.69,105
23236,DOILEY STORAGE TIN,Home & Living,Tin,2509,7106.21,327
23237,SET OF 4 KNICK KNACK TINS LEAVES,Home & Living,Tin,1054,4278.54,177
23238,SET OF 4 KNICK KNACK TINS LONDON,Home & Living,Tin,1862,7825.56,274
23239,SET OF 4 KNICK KNACK TINS POPPIES,Home & Living,Tin,853,3399.49,178
23240,SET OF 4 KNICK KNACK TINS DOILEY,Home & Living,Tin,4186,17037.52,536
23241,TREASURE TIN GYMKHANA DESIGN,Home & Living,Tin,2184,4709.07,363
23242,TREASURE TIN BUFFALO BILL,Home & Living,Tin,1476,3037.11,214
23243,SET OF TEA COFFEE SUGAR TINS PANTRY,Home & Living,Tin,4805,23514.17,470
23244,ROUND STORAGE TIN VINTAGE LEAF,Home & Living,Tin,936,1733.98,112
23245,SET OF 3 REGENCY CAKE TINS,Home & Living,Tin,6357,31177.95,873
23247,BISCUIT TIN 50'S CHRISTMAS,Gifts,Christmas,2206,6715.93,309
23249,VINTAGE RED ENAMEL TRIM PLATE,Home & Living,Plate,854,1445.9,81
23250,VINTAGE RED TRIM ENAMEL BOWL,Gifts,Bow,1179,1531.03,110
23251,VINTAGE RED ENAMEL TRIM MUG,Home & Living,Mug,1713,2107.0,120
23252,VINTAGE RED ENAMEL TRIM JUG,Home & Living,General,607,2276.61,138
23253,16 PIECE CUTLERY SET PANTRY DESIGN,Home & Living,General,258,3848.86,70
23254,CHILDRENS CUTLERY DOLLY GIRL,Home & Living,General,1710,6932.16,299
23255,CHILDRENS CUTLERY CIRCUS PARADE,Home & Living,General,1015,4101.37,158
23256,CHILDRENS CUTLERY SPACEBOY,Home & Living,General,2115,8675.37,368
23263,SET OF 3 WOODEN HEART DECORATIONS,Gifts,Heart,3893,5184.69,445
23264,SET OF 3 WOODEN SLEIGH DECORATIONS,Gifts,Decoration,1966,2694.56,299
23265,SET OF 3 WOODEN TREE DECORATIONS,Gifts,Decoration,1784,2423.54,293
23266,SET OF 3 WOODEN STOCKING DECORATION,Gifts,Decoration,2064,2757.57,319
23267,SET OF 4 SANTA PLACE SETTINGS,Home & Living,General,1202,1531.95,108
23268,SET OF 2 CERAMIC CHRISTMAS REINDEER,Gifts,Christmas,1448,2019.59,89
23269,SET OF 2 CERAMIC CHRISTMAS TREES,Gifts,Christmas,786,1163.13,94
23270,SET OF 2 CERAMIC PAINTED HEARTS,Gifts,Heart,1183,1659.37,125
23271,CHRISTMAS TABLE CANDLE SILVER SPIKE,Gifts,Christmas,1734,1499.38,104
23272,TREE T-LIGHT HOLDER WILLIE WINKIE,Electronics,Light,364,562.22,44
23273,HEART T-LIGHT HOLDER WILLIE WINKIE,Electronics,Light,969,1649.05,112
23274,STAR T-LIGHT HOLDER WILLIE WINKIE,Electronics,Light,1183,2009.95,119
23275,SET OF 3 HANGING OWLS OLLIE BEAK,Home & Living,General,3749,4557.97,325
23280,FOLDING BUTTERFLY MIRROR HOT PINK,Accessories,Mirror,2024,1614.99,157
23281,FOLDING BUTTERFLY MIRROR RED,Accessories,Mirror,1280,1000.82,101
23282,FOLDING BUTTERFLY MIRROR IVORY,Accessories,Mirror,812,757.86,135
23283,DOORMAT VINTAGE LEAVES DESIGN,Home & Living,General,994,7003.38,233
23284,DOORMAT KEEP CALM AND COME IN,Home & Living,General,5491,38166.64,728
23285,PINK VINTAGE SPOT BEAKER,Home & Living,General,4807,4572.41,191
23286,BLUE VINTAGE SPOT BEAKER,Home & Living,General,5048,4747.62,222
23287,RED VINTAGE SPOT BEAKER,Home & Living,General,1891,1613.59,198
23288,GREEN VINTAGE SPOT BEAKER,Home & Living,General,4625,4444.23,185
23289,DOLLY GIRL CHILDRENS BOWL,Gifts,Bow,1622,2013.7,191
23290,SPACEBOY CHILDRENS BOWL,Gifts,Bow,2437,2899.1,214
23291,DOLLY GIRL CHILDRENS CUP,Home & Living,Cup,1635,2060.28,195
23292,SPACE BOY CHILDRENS CUP,Home & Living,Cup,2182,2704.58,222
23293,SET OF 12 FAIRY CAKE BAKING CASES,Accessories,Case,8486,7001.99,552
23294,SET OF 6 SNACK LOAF BAKING CASES,Accessories,Case,4420,3631.05,354
23295,SET OF 12 MINI LOAF BAKING CASES,Accessories,Case,6140,5078.43,444
23296,SET OF 6 TEA TIME BAKING CASES,Accessories,Case,4981,5988.05,378
23297,SET 40 HEART SHAPE PETIT FOUR CASES,Gifts,Heart,4303,6792.23,161
23298,SPOTTY BUNTING,Home & Living,General,8473,43182.83,1146
23299,FOOD COVER WITH BEADS SET 2,Home & Living,General,1015,3784.13,146
23300,GARDENERS KNEELING PAD CUP OF TEA,Home & Living,Cup,6827,11815.69,758
23301,GARDENERS KNEELING PAD KEEP CALM,Home & Living,Garden,8825,16357.05,913
23302,KNEELING MAT HOUSEWORK  DESIGN,Home & Living,Mat,1544,2194.62,230
23303,SET 4 PICNIC CUTLERY FONDANT,Home & Living,General,65,126.75,6
23304,SET 4 PICNIC CUTLERY CHERRY,Home & Living,General,71,138.45,9
23305,SET 4 PICNIC CUTLERY BLUEBERRY,Home & Living,General,82,159.9,9
23306,SET OF 36 DOILIES PANTRY DESIGN,Home & Living,General,2808,4123.38,277
23307,SET OF 60 PANTRY DESIGN CAKE CASES,Accessories,Case,12063,6379.59,629
23308,SET OF 60 VINTAGE LEAF CAKE CASES,Accessories,Case,6151,3279.21,382
23309,SET OF 60 I LOVE LONDON CAKE CASES,Accessories,Case,8332,4527.2,407
23310,BUBBLEGUM RING ASSORTED,Accessories,Ring,12050,4997.28,245
23311,VINTAGE CHRISTMAS STOCKING,Gifts,Christmas,2390,6488.2,344
23312,VINTAGE CHRISTMAS GIFT SACK,Gifts,Gift,1424,5968.3,214
23313,VINTAGE CHRISTMAS BUNTING,Gifts,Christmas,2997,15833.31,401
23314,VINTAGE CHRISTMAS TABLECLOTH,Gifts,Christmas,409,5037.96,117
23315,IVORY REFECTORY CLOCK,Electronics,Clock,213,2094.24,86
23316,RED REFECTORY CLOCK,Electronics,Clock,251,2511.59,110
23317,BLUE REFECTORY CLOCK,Electronics,Clock,174,1787.41,82
23318,BOX OF 6 MINI VINTAGE CRACKERS,Gifts,Box,3811,9167.39,376
23319,BOX OF 6 MINI 50'S CRACKERS,Gifts,Box,3739,9266.84,403
23320,GIANT 50'S CHRISTMAS CRACKER,Gifts,Christmas,2668,7072.16,333
23321,SMALL WHITE HEART OF WICKER,Gifts,Heart,4737,8473.27,629
23322,LARGE WHITE HEART OF WICKER,Gifts,Heart,3085,8925.41,562
23323,WHITE WICKER STAR,Gifts,Star,1473,3155.18,294
23324,RUSTIC STRAWBERRY JAMPOT LARGE,Home & Living,General,399,816.04,44
23325,RUSTIC STRAWBERRY JAMPOT SMALL,Home & Living,General,462,740.94,35
23326,HANGING MINI COLOURED BOTTLES,Home & Living,Bottle,3443,2237.71,76
23327,HANGING CLEAR MINI BOTTLE,Home & Living,Bottle,1734,1051.14,41
23328,SET 6 SCHOOL MILK BOTTLES IN CRATE,Home & Living,Bottle,2845,13284.49,405
23329,DECORATIVE WICKER HEART LARGE,Gifts,Heart,1778,3056.34,233
23330,DECORATIVE WICKER HEART MEDIUM,Gifts,Heart,1804,2299.47,216
23331,DECORATIVE WICKER HEART SMALL,Gifts,Heart,1596,1062.28,109
23332,IVORY WICKER HEART LARGE,Gifts,Heart,2076,3570.76,287
23333,IVORY WICKER HEART MEDIUM,Gifts,Heart,2110,2721.7,233
23334,IVORY WICKER HEART SMALL,Gifts,Heart,2271,1491.75,130
23335,EGG FRYING PAN IVORY,Home & Living,General,378,792.86,96
23336,EGG FRYING PAN PINK,Home & Living,General,226,521.33,85
23337,EGG FRYING PAN MINT,Home & Living,General,180,388.75,69
23338,EGG FRYING PAN RED,Home & Living,General,431,915.4,109
23339,EGG FRYING PAN BLUE,Home & Living,General,175,405.0,76
23340,VINTAGE CHRISTMAS CAKE FRILL,Gifts,Christmas,2512,4053.88,151
23341,PINK DINER WALL CLOCK,Electronics,Clock,308,2749.85,121
23342,MINT DINER WALL CLOCK,Electronics,Clock,375,3193.41,163
23343,JUMBO BAG VINTAGE CHRISTMAS,Gifts,Christmas,6081,13978.95,476
23344,JUMBO BAG 50'S CHRISTMAS,Gifts,Christmas,10306,23815.75,716
23345,DOLLY GIRL BEAKER,Home & Living,General,2455,2891.25,174
23346,SPACEBOY BEAKER,Home & Living,General,2632,3117.34,184
23347,I LOVE LONDON BEAKER,Home & Living,General,860,1077.3,97
23348,CHILDRENS TOY COOKING UTENSIL SET,Gifts,Toy,750,1642.13,168
23349,ROLL WRAP VINTAGE CHRISTMAS,Gifts,Wrap,3231,4355.1,337
23350,ROLL WRAP VINTAGE SPOT,Gifts,Wrap,2721,3456.33,305
23351,ROLL WRAP 50'S CHRISTMAS,Gifts,Wrap,3539,4880.65,354
23352,ROLL WRAP 50'S RED CHRISTMAS,Gifts,Wrap,1803,2462.95,212
23353,6 GIFT TAGS VINTAGE CHRISTMAS,Gifts,Gift,4016,3517.52,327
23354,6 GIFT TAGS 50'S CHRISTMAS,Gifts,Gift,3743,3431.89,322
23355,HOT WATER BOTTLE KEEP CALM,Home & Living,Bottle,5841,28842.55,782
23356,LOVE HOT WATER BOTTLE,Home & Living,Bottle,2386,13494.97,476
23357,HOT WATER BOTTLE SEX BOMB,Home & Living,Bottle,453,1993.6,102
23358,HOT STUFF HOT WATER BOTTLE,Home & Living,Bottle,595,2012.13,89
23359,SET OF 12 T-LIGHTS VINTAGE DOILEY,Electronics,Light,993,1872.31,79
23360,SET 8 CANDLES VINTAGE DOILEY,Home & Living,Candle,1187,2296.15,114
23365,SET 12 COLOUR PENCILS LOVE LONDON,Home & Living,General,1859,1464.38,169
23366,SET 12 COLOURING PENCILS DOILY,Home & Living,General,2253,1670.55,195
23367,SET 12 COLOUR PENCILS SPACEBOY,Home & Living,General,3285,2495.75,282
23368,SET 12 COLOUR PENCILS DOLLY GIRL,Home & Living,General,2382,1681.5,232
23369,SET 36 COLOUR PENCILS LOVE LONDON,Home & Living,General,1105,1581.06,126
23370,SET 36 COLOUR PENCILS DOILEY,Home & Living,General,1555,2157.85,151
23371,SET 36 COLOUR PENCILS SPACEBOY,Home & Living,General,1712,2313.53,185
23372,SET 36 COLOUR PENCILS DOLLY GIRL,Home & Living,General,1391,1752.79,147
23373,VINTAGE CHRISTMAS PAPER GIFT BAG,Gifts,Gift,1608,1313.39,100
23374,RED SPOT PAPER GIFT BAG,Gifts,Gift,2456,1962.83,131
23375,50'S CHRISTMAS PAPER GIFT BAG,Gifts,Gift,1352,1108.89,103
23376,PACK OF 12 VINTAGE CHRISTMAS TISSUE,Gifts,Christmas,3051,1389.59,155
23377,PACK OF 12 DOLLY GIRL TISSUES,Home & Living,General,1354,593.62,133
23378,PACK OF 12 50'S CHRISTMAS TISSUES,Gifts,Christmas,4003,1842.42,176
23379,PACK OF 12 RED APPLE TISSUES,Home & Living,General,1220,465.36,76
23380,PACK OF 12 VINTAGE DOILY TISSUES,Home & Living,General,2344,983.5,121
23381,PACK OF 12 VINTAGE LEAF TISSUES,Home & Living,General,1509,567.95,80
23382,BOX OF 6 CHRISTMAS CAKE DECORATIONS,Gifts,Box,1875,7356.18,220
23388,WOODLAND MINI BACKPACK,Home & Living,General,825,3448.69,154
23389,SPACEBOY MINI BACKPACK,Home & Living,General,1122,4780.54,237
23390,DOLLY GIRL MINI BACKPACK,Home & Living,General,751,3042.19,163
23391,I LOVE LONDON MINI BACKPACK,Home & Living,General,390,1632.32,87
23392,SPACEBOY ROCKET LOLLY MAKERS,Home & Living,General,667,1485.43,113
23393,HOME SWEET HOME CUSHION COVER,Home & Living,Cushion,807,3230.41,229
23394,POSTE FRANCE CUSHION COVER,Home & Living,Cushion,438,1888.9,150
23395,BELLE JARDINIERE CUSHION COVER,Home & Living,Cushion,761,3305.83,210
23396,BUTTERFLY CUSHION COVER,Home & Living,Cushion,662,2780.53,196
23397,FOOT STOOL HOME SWEET HOME,Home & Living,General,489,5097.65,217
23398,HANGING HEART BONHEUR,Gifts,Heart,610,538.75,69
23399,HOME SWEET HOME HANGING HEART,Gifts,Heart,1922,1752.35,225
23400,SHELF WITH 4 HOOKS HOME SWEET HOME,Home & Living,Shelf,461,2409.34,107
23401,RUSTIC MIRROR WITH LACE HEART,Gifts,Heart,459,2354.87,83
23402,HOME SWEEET HOME 3 PEG HANGER,Home & Living,Hanger,297,1151.03,68
23403,LETTER HOLDER HOME SWEET HOME,Home & Living,Holder,626,2207.86,134
23404,HOME SWEET HOME BLACKBOARD,Home & Living,General,1011,4561.76,169
23405,HOME SWEET HOME 2 DRAWER CABINET,Home & Living,Drawer,254,1321.38,70
23406,HOME SWEET HOME KEY HOLDER,Home & Living,Holder,457,2428.91,111
23407,SET OF 2 TRAYS HOME SWEET HOME,Home & Living,General,267,2729.33,133
23408,PHOTO FRAME LINEN AND LACE SMALL,Home & Living,Frame,310,644.8,59
23409,PHOTO FRAME LINEN AND LACE LARGE,Home & Living,Frame,215,801.68,43
23410,CURIO CABINET LINEN AND LACE,Home & Living,General,36,290.1,18
23411,TRELLIS COAT RACK,Home & Living,General,227,1118.61,56
23412,HEART MIRROR ANTIQUE WHITE,Gifts,Heart,358,2354.8,76
23413,VINTAGE COFFEE GRINDER BOX,Gifts,Box,177,929.11,58
23414,ZINC BOX SIGN HOME,Gifts,Box,141,1378.75,64
23415,HOME SWEET HOME HOOK,Home & Living,General,328,412.18,47
23416,CHAMBRE HOOK,Home & Living,General,132,184.68,25
23417,BATHROOM HOOK,Home & Living,General,146,157.5,27
23418,LAVENDER TOILETTE BOTTLE,Home & Living,Bottle,558,1168.08,79
23419,HOME SWEET HOME BOTTLE,Home & Living,Bottle,474,1045.8,86
23420,PANTRY HOOK TEA STRAINER,Home & Living,General,165,353.45,32
23421,PANTRY HOOK SPATULA,Home & Living,General,162,353.36,33
23422,PANTRY HOOK BALLOON WHISK,Home & Living,General,213,477.89,47
23423,PANTRY 3 HOOK ROLLING PIN HANGER,Home & Living,Hanger,219,876.9,66
23424,GINGHAM RECIPE BOOK BOX,Gifts,Box,466,2529.42,135
23425,STORAGE TIN HOME SWEET HOME,Home & Living,Tin,275,621.44,56
23426,METAL SIGN DROP YOUR PANTS,Home & Living,General,1277,3450.21,206
23427,STOOL HOME SWEET HOME,Home & Living,General,238,2873.08,114
23428,IVORY RETRO KITCHEN WALL CLOCK,Electronics,Clock,77,675.91,33
23429,RED RETRO KITCHEN WALL CLOCK,Electronics,Clock,47,400.01,23
23430,BLUE RETRO KITCHEN WALL CLOCK,Electronics,Clock,36,301.88,18
23431,NATURAL HANGING QUILTED HEARTS,Gifts,Heart,1454,1175.38,72
23432,PRETTY HANGING QUILTED HEARTS,Gifts,Heart,1278,1090.02,74
23433,HANGING QUILTED PATCHWORK APPLES,Home & Living,General,1258,1108.58,89
23434,3 RAFFIA RIBBONS 50'S CHRISTMAS,Gifts,Ribbon,2105,1892.07,199
23435,3 RAFFIA RIBBONS VINTAGE CHRISTMAS,Gifts,Ribbon,827,734.79,99
23436,GIFT BAG LARGE VINTAGE CHRISTMAS,Gifts,Gift,1979,2367.39,114
23437,50'S CHRISTMAS GIFT BAG LARGE,Gifts,Gift,1939,2373.63,131
23438,RED SPOT GIFT BAG LARGE,Gifts,Gift,1823,2227.42,109
23439,HAND WARMER RED LOVE HEART,Gifts,Heart,4027,8941.61,397
23440,PAINT YOUR OWN EGGS IN CRATE,Home & Living,General,164,299.36,5
23441,HAND PAINTED HANGING EASTER EGG,Home & Living,General,22,9.24,3
23442,12 HANGING EGGS HAND PAINTED,Home & Living,General,42,87.36,7
23444,Next Day Carriage,Home & Living,General,79,1200.0,79
23445,ICE CREAM BUBBLES,Home & Living,General,2688,2177.84,101
23446,BLUE BUNNY EASTER EGG BASKET,Home & Living,Basket,157,230.25,3
23447,PINK BUNNY EASTER EGG BASKET,Home & Living,Basket,158,231.9,4
23448,CREAM BUNNY EASTER EGG BASKET,Home & Living,Basket,25,41.25,3
23449,SET OF 6 EASTER RAINBOW CHICKS,Home & Living,General,12,15.0,1
23451,SQUARE MINI PORTRAIT FRAME,Home & Living,Frame,278,558.12,52
23452,HEART MINI PORTRAIT FRAME,Gifts,Heart,518,1021.76,87
23453,OVAL  MINI PORTRAIT FRAME,Home & Living,Frame,324,631.58,47
23454,SET OF 3 MINI HANGING PORTRAITS,Home & Living,General,179,753.95,52
23455,SMALL PARLOUR PICTURE FRAME,Home & Living,Frame,207,569.43,35
23456,MEDIUM PARLOUR PICTURE FRAME,Home & Living,Frame,158,634.1,36
23457,LARGE PARLOUR PICTURE FRAME,Home & Living,Frame,113,554.83,31
23458,DOLLY CABINET 3 DRAWERS,Home & Living,Drawer,51,762.45,30
23459,DOLLY CABINET 2 DRAWERS,Home & Living,Drawer,33,412.5,19
23460,SWEETHEART WALL TIDY,Home & Living,General,108,1007.08,43
23461,SWEETHEART BIRD HOUSE,Home & Living,General,857,3082.71,94
23462,ROCOCO WALL MIRROR WHITE,Accessories,Mirror,80,1607.04,46
23463,VINTAGE ZINC WATERING CAN,Home & Living,General,13,139.4,8
23464,VINTAGE ZINC WATERING CAN SMALL,Home & Living,General,18,99.2,8
23465,TUSCAN VILLA FEEDING STATION,Home & Living,General,29,247.63,16
23466,TUSCAN VILLA DOVECOTE,Home & Living,General,55,498.03,27
23467,VINTAGE ZINC PLANTER,Home & Living,General,32,120.08,11
23468,TUSCAN VILLA BIRD TABLE,Home & Living,General,19,156.75,11
23469,CARD HOLDER LOVE BIRD SMALL,Gifts,Card,332,1355.24,72
23470,CARD HOLDER LOVE BIRD LARGE,Gifts,Card,232,1460.5,84
23471,SIX DRAWER OFFICE TIDY,Home & Living,Drawer,66,626.74,27
23472,NINE DRAWER OFFICE TIDY,Home & Living,Drawer,59,909.37,33
23473,WOODLAND SMALL RED FELT HEART,Gifts,Heart,679,552.85,51
23474,WOODLAND SMALL BLUE FELT HEART,Gifts,Heart,312,270.96,37
23475,WOODLAND SMALL PINK FELT HEART,Gifts,Heart,286,242.18,31
23476,WOODLAND LARGE RED FELT HEART,Gifts,Heart,205,264.72,22
23477,WOODLAND LARGE BLUE FELT HEART,Gifts,Heart,92,123.47,13
23478,WOODLAND LARGE PINK FELT HEART,Gifts,Heart,285,324.4,13
23479,WIRE EGG BASKET,Home & Living,Basket,114,880.23,44
23480,MINI LIGHTS WOODLAND MUSHROOMS,Electronics,Light,1800,6726.64,215
23481,PEARLISED IVORY HEART SMALL,Gifts,Heart,228,281.17,29
23482,PEARLISED IVORY HEART LARGE,Gifts,Heart,418,661.02,39
23483,HANGING  BUTTERFLY T-LIGHT HOLDER,Electronics,Light,1340,1651.36,73
23484,HEART TRELLISTRIPLE T-LIGHT HOLDER,Electronics,Light,185,547.35,35
23485,BOTANICAL GARDENS WALL CLOCK,Electronics,Clock,262,5843.92,83
23486,ANTIQUE HEART SHELF UNIT,Gifts,Heart,275,4145.47,74
23487,SWEET HEART CAKE CARRIER,Gifts,Heart,80,795.58,44
23489,"GARLAND, VINTAGE BELLS",Home & Living,General,913,2709.23,159
23490,T-LIGHT HOLDER HANGING LOVE BIRD,Electronics,Light,548,2055.27,101
23491,VINTAGE JINGLE BELLS HEART,Gifts,Heart,228,1897.76,78
23492,VINTAGE JINGLE BELLS WREATH,Home & Living,General,76,635.38,28
23493,VINTAGE DOILY TRAVEL SEWING KIT,Accessories,Travel,3970,8509.68,415
23494,VINTAGE DOILY DELUXE SEWING KIT,Home & Living,General,813,5377.81,205
23495,SET OF 3 PANTRY WOODEN SPOONS,Home & Living,General,225,306.66,41
23496,PANTRY KITCHEN THERMOMETER,Home & Living,Kitchen,112,154.52,31
23497,CLASSIC CHROME BICYCLE BELL,Home & Living,General,2561,3660.37,195
23498,CLASSIC BICYCLE CLIPS,Home & Living,General,1644,2378.48,99
23499,SET 12 VINTAGE DOILY CHALK,Home & Living,General,1315,587.49,110
23500,KEY RING BASEBALL BOOT ASSORTED,Accessories,Ring,1631,2044.58,98
23501,KEY RING BASEBALL BOOT UNION JACK,Accessories,Ring,1823,2220.37,112
23502,PLAYING CARDS VINTAGE DOILEY,Gifts,Card,714,896.41,94
23503,PLAYING CARDS KEEP CALM & CARRY ON,Gifts,Card,3646,4864.3,335
23504,PLAYING CARDS JUBILEE UNION JACK,Gifts,Card,1934,2857.64,208
23505,PLAYING CARDS I LOVE LONDON,Gifts,Card,1207,1660.04,115
23506,MINI PLAYING CARDS SPACEBOY,Gifts,Card,2747,1139.2,146
23507,MINI PLAYING CARDS BUFFALO BILL,Gifts,Card,2884,1156.51,119
23508,MINI PLAYING CARDS DOLLY GIRL,Gifts,Card,2631,1165.13,120
23509,MINI PLAYING CARDS FUN FAIR,Gifts,Card,1065,452.72,65
23510,MINI PLAYING CARDS GYMKHANA,Gifts,Card,2522,1119.22,120
23511,EMBROIDERED RIBBON REEL EMILY,Gifts,Ribbon,573,1256.17,98
23512,EMBROIDERED RIBBON REEL ROSIE,Gifts,Ribbon,501,977.32,57
23513,EMBROIDERED RIBBON REEL SUSIE,Gifts,Ribbon,566,1114.26,70
23514,EMBROIDERED RIBBON REEL SALLY,Gifts,Ribbon,478,977.39,74
23515,EMBROIDERED RIBBON REEL DAISY,Gifts,Ribbon,579,1164.98,71
23516,EMBROIDERED RIBBON REEL SOPHIE,Gifts,Ribbon,297,1062.35,42
23517,EMBROIDERED RIBBON REEL REBECCA,Gifts,Ribbon,334,996.38,63
23518,EMBROIDERED RIBBON REEL RACHEL,Gifts,Ribbon,362,983.3,44
23519,EMBROIDERED RIBBON REEL CLAIRE,Gifts,Ribbon,224,792.31,24
23520,EMBROIDERED RIBBON REEL RUBY,Gifts,Ribbon,168,604.3,32
23521,CAT AND BIRD WALL ART,Home & Living,General,413,793.37,44
23522,DOG AND BALL WALL ART,Home & Living,General,354,727.44,32
23523,TREASURE AHOY WALL ART,Home & Living,General,360,1173.81,41
23524,HORSE & PONY WALL ART,Home & Living,General,481,1557.63,63
23525,BUFFALO BILL WALL ART,Home & Living,General,583,1867.57,53
23526,DOG LICENCE WALL ART,Home & Living,General,1012,6021.4,143
23527,ANIMALS AND NATURE WALL ART,Home & Living,General,421,1432.31,48
23528,SPACEBOY WALL ART,Home & Living,General,479,1504.49,50
23529,DOLLY GIRL WALL ART,Home & Living,General,637,2011.99,37
23530,WALL ART ONLY ONE PERSON,Home & Living,General,1062,4465.97,87
23531,WALL ART BIG LOVE,Home & Living,General,979,5559.11,112
23532,WALL ART WORK REST AND PLAY,Home & Living,General,210,901.58,31
23533,WALL ART GARDEN HAVEN,Home & Living,Garden,215,998.64,36
23534,STOP FOR TEA WALL ART,Home & Living,General,1388,8614.85,260
23535,BICYCLE SAFTEY WALL ART,Home & Living,General,1329,8469.99,215
23536,VILLAGE SHOW WALL ART,Home & Living,General,626,3442.13,85
23537,I LOVE LONDON WALL ART,Home & Living,General,111,581.13,34
23538,WALL ART VINTAGE HEART,Gifts,Heart,332,1334.49,32
23539,WALL ART LOVES' SECRET,Home & Living,General,247,1227.95,41
23540,WALL ART THE MAGIC FOREST,Home & Living,General,150,947.06,14
23541,WALL ART CLASSIC PUDDINGS,Home & Living,General,872,6823.91,152
23542,70'S ALPHABET WALL ART,Home & Living,General,506,3800.16,89
23543,KEEP CALM WALL ART,Home & Living,General,1237,7019.01,103
23544,WALL ART MID CENTURY MODERN,Home & Living,General,164,1015.78,20
23545,WRAP RED DOILEY,Gifts,Wrap,2480,1025.6,84
23546,WRAP PAISLEY PARK,Gifts,Wrap,3275,1375.5,120
23547,WRAP FLOWER SHOP,Gifts,Wrap,1575,661.5,62
23548,WRAP MAGIC FOREST,Gifts,Wrap,1075,451.5,43
23549,WRAP BIRD GARDEN,Gifts,Wrap,1305,548.1,52
23550,WRAP ALPHABET POSTER,Gifts,Wrap,1855,763.1,64
23551,PACK OF 12 PAISLEY PARK TISSUES,Home & Living,General,1843,841.01,136
23552,BICYCLE PUNCTURE REPAIR KIT,Home & Living,General,1864,3883.99,116
23553,LANDMARK FRAME CAMDEN TOWN,Home & Living,Frame,569,6457.15,68
23554,LANDMARK FRAME OXFORD STREET,Home & Living,Frame,424,4830.53,57
23555,LANDMARK FRAME NOTTING HILL,Home & Living,Frame,424,4818.07,50
23556,LANDMARK FRAME COVENT GARDEN,Home & Living,Frame,439,4974.51,53
23557,LANDMARK FRAME BAKER STREET,Home & Living,Frame,350,3930.27,32
23558,LANDMARK FRAME LONDON BRIDGE,Home & Living,Frame,418,4741.37,52
23559,WOODLAND BUNNIES LOLLY MAKERS,Home & Living,General,652,1488.65,124
23560,SET OF 6 RIBBONS COUNTRY STYLE,Gifts,Ribbon,173,502.07,26
23561,SET OF 6 RIBBONS PARTY,Gifts,Ribbon,170,476.0,16
23562,SET OF 6 RIBBONS PERFECTLY PRETTY,Gifts,Ribbon,253,730.37,43
23564,EGG CUP MILKMAID INGRID,Home & Living,Cup,644,841.31,76
23565,EGG CUP MILKMAID HELGA,Home & Living,Cup,410,586.31,63
23566,EGG CUP MILKMAID HEIDI,Home & Living,Cup,883,1159.43,83
23567,EGG CUP HENRIETTA HEN PINK,Home & Living,Cup,211,291.58,37
23568,EGG CUP HENRIETTA HEN CREAM,Home & Living,Cup,630,787.52,48
23569,TRADTIONAL ALPHABET STAMP SET,Home & Living,General,961,4752.31,192
23570,TRADITIONAL PICK UP STICKS GAME,Gifts,Game,2782,4944.37,276
23571,TRADITIONAL NAUGHTS & CROSSES,Home & Living,General,2859,6436.61,257
23574,PACKING CHARGE,Home & Living,General,14,105.0,14
23575,SNACK TRAY PAISLEY PARK,Home & Living,General,179,367.35,32
23576,SNACK TRAY RED VINTAGE DOILY,Home & Living,General,198,400.04,37
23578,SNACK TRAY RED GINGHAM,Home & Living,General,60,125.72,14
23579,SNACK TRAY I LOVE LONDON,Home & Living,General,171,362.65,35
23580,SNACK TRAY HAPPY FOREST,Home & Living,General,117,236.87,25
23581,JUMBO BAG PAISLEY PARK,Accessories,Bag,5035,11613.03,338
23582,VINTAGE DOILY JUMBO BAG RED,Accessories,Bag,4815,10233.45,259
23583,LUNCH BAG PAISLEY PARK,Accessories,Bag,3395,5513.83,325
23597,PAPER BUNTING PAISLEY PARK,Home & Living,General,251,684.97,31
23598,PAPER BUNTING VINTAGE PARTY,Home & Living,General,428,1218.48,47
23601,SET 10 CARDS SNOWY SNOWDROPS  17100,Gifts,Card,8,19.92,4
23602,SET 10 CARDS 3 WISE MEN 17107,Gifts,Card,1,2.91,1
23603,SET 10 CARD KRAFT REINDEER 17084,Gifts,Card,20,49.8,14
23604,SET 10 MINI SANTA & SNOWMAN  17087,Home & Living,General,4,6.64,2
23605,SET 10 CARDS 12 DAYS OF XMAS 17059,Gifts,Card,4,11.64,1
23607,SET 10 CARDS HATS & STOCKINGS 17081,Gifts,Card,8,13.28,7
23608,SET 10 CARDS RUDOLPHS NOSE 17097,Gifts,Card,4,11.64,3
23609,SET 10 CARDS SNOWY ROBIN 17099,Gifts,Card,1,2.91,1
23610,SET 10 CARDS CHRISTMAS ROBIN 17095,Gifts,Card,3,6.24,3
23611,SET 10 CARDS RED RIDING HOOD 17214,Gifts,Card,40,99.6,16
23612,SET 10 MINICARDS CUTE SNOWMAN 17071,Home & Living,General,5,8.3,2
23613,SET 10 XMAS CARDS & BADGES 17070,Gifts,Card,11,27.39,6
23614,SET 10 CARDS 12 DAYS WRAP  17058,Gifts,Wrap,26,86.58,11
23615,SET 10 CARDS PRINTED GRAPHIC 17219,Gifts,Card,4,9.96,4
23616,SET 10 CARDS JINGLE BELLS 17217,Gifts,Card,8,19.92,7
23617,SET 10 CARDS SWIRLY XMAS TREE 17104,Gifts,Card,2,5.82,1
23619,SET 10 CARDS POINSETTIA 17093,Gifts,Card,4,9.96,2
23620,SET 10 CARDS PERFECT POST 17090,Gifts,Card,10,24.9,7
23621,SET 10 CARDS DAVID'S MADONNA 17074,Gifts,Card,6,14.94,4
23623,SET 10 CARD CHRISTMAS WELCOME 17112,Gifts,Card,8,23.28,6
23624,SET 10 CARD PERFECT NATIVITY 17089,Gifts,Card,4,9.96,4
23625,SET 6 CARDS SPARKLY REINDEER 17262,Gifts,Card,9,44.91,4
23626,SET 10 CARDS DINKY TREE 17076,Gifts,Card,43,107.07,16
23627,SET 10 CARDS XMAS GRAPHIC  17218,Gifts,Card,7,17.43,2
23628,SET 10 CARDS TRIANGLE ICONS  17220,Gifts,Card,1,2.91,1
23629,SET 10 CARDS DRESSING UP 17077,Gifts,Card,24,59.76,10
23630,SET 10 CARDS HANGING BAUBLES 17080,Gifts,Card,2,5.48,2
23632,SET 10 CARDS CHEERFUL ROBIN 17065,Gifts,Card,15,31.2,10
23633,SET 10 CARDS WORLD CHILDREN 17067,Gifts,Card,3,7.47,3
23634,SET 10 CARDS XMAS CHOIR 17068,Gifts,Card,5,14.55,5
23635,SET 10 CARDS CHRISTMAS HOLLY  17259,Gifts,Card,3,12.48,3
23636,SET 10 CARDS WISHING TREE 17116,Gifts,Card,9,26.19,7
23637,SET 10 CARDS OUT OF ORDER 17216,Gifts,Card,11,27.39,9
23638,SET 10 CARDS ROBIN WATERPUMP  17096,Gifts,Card,2,5.82,2
23639,SET 10 CARDS MAGICAL TREE 17086,Gifts,Card,4,13.32,4
23640,SET 10 CARDS SCOTTIE DOG 17211,Gifts,Card,9,22.41,8
23643,SET 10 CARDS CHRISTMAS BAUBLE 16954,Gifts,Card,1,3.33,1
23644,SET 10 CARDS CHRISTMAS TREE 16955,Gifts,Card,5,16.65,5
23645,SET 10 CHRISTMAS CARDS HOHOHO 16956,Gifts,Card,9,22.41,4
23646,SET 10 CARDS JINGLE BELLS 16957,Gifts,Card,8,19.92,5
23649,SET 10 CARDS DECK THE HALLS 16960,Gifts,Card,2,4.98,2
23650,SET 10 CARDS FILIGREE BAUBLE 16961,Gifts,Card,4,9.96,4
23652,SET 10 CARD CHRISTMAS STAMPS 16963,Gifts,Card,2,5.82,1
23654,SET 10 CARD SNOWMAN 16965,Gifts,Card,5,12.45,4
23660,HENRIETTA HEN MUG,Home & Living,Mug,306,534.66,42
23661,MILK MAIDS MUG,Home & Living,Mug,219,393.59,33
23664,FLOWER SHOP DESIGN MUG,Home & Living,Mug,1,1.65,1
23681,LUNCH BAG RED VINTAGE DOILY,Accessories,Bag,1577,2526.69,132
23691,KEEP CALM BIRTHDAY WRAP,Gifts,Wrap,1175,481.5,38
23692,WRAP A PRETTY THANK YOU,Gifts,Wrap,50,21.0,2
23694,PAISLEY PARK CARD,Gifts,Card,376,165.08,41
23695,DOILY THANK YOU CARD,Gifts,Card,765,323.32,57
23697,A PRETTY THANK YOU CARD,Gifts,Card,456,194.58,35
23702,High Resolution Image,Home & Living,General,4,27.0,3
23843,"PAPER CRAFT , LITTLE BIRDIE",Home & Living,General,80995,168469.6,1
30086C,ASSORTED FRUIT STRAWS,Home & Living,General,1,1.7,1
35001B,HAND OPEN SHAPE BLACK,Home & Living,General,17,59.33,6
35001G,HAND OPEN SHAPE GOLD,Home & Living,General,760,2414.6,103
35001P,HAND OPEN SHAPE PINK,Home & Living,General,2,6.98,2
35001W,HAND OPEN SHAPE DECO.WHITE,Home & Living,General,973,3078.67,190
35004B,SET OF 3 BLACK FLYING DUCKS,Home & Living,General,1500,6932.15,275
35004C,SET OF 3 COLOURED  FLYING DUCKS,Home & Living,General,3284,17049.03,355
35004G,SET OF 3 GOLD FLYING DUCKS,Home & Living,General,363,1444.91,76
35004P,SET OF 3 PINK FLYING DUCKS,Home & Living,General,120,638.97,43
35004S,SET OF 3 SILVER FLYING DUCKS,Home & Living,General,145,505.4,24
35004c,SET OF 3 COLOURED  FLYING DUCKS,Home & Living,General,27,343.72,25
35004p,SET OF 3 PINK FLYING DUCKS,Home & Living,General,1,12.72,1
35004s,SET OF 3 SILVER FLYING DUCKS,Home & Living,General,1,13.0,1
35015,JACOBS LADDER SMALL,Home & Living,General,2072,134.08,39
35051B,PINK BEADED CONE CHRISTMAS,Gifts,Christmas,14,5.88,2
35071,ASSORTED SANTA CHRISTMAS DECORATION,Gifts,Christmas,50,51.14,7
35085E,IVORY ROSE LAMPSHADE,Electronics,Lamp,39,44.25,9
35095A,BLUE VICTORIAN FABRIC OVAL BOX,Gifts,Box,1813,728.92,166
35095B,RED VICTORIAN FABRIC OVAL BOX,Gifts,Box,1964,773.78,177
35096A,BLUE VICTORIAN FABRIC HEART BOX,Gifts,Box,777,277.49,50
35096B,RED VICTORIAN FABRIC HEART BOX,Gifts,Box,295,107.33,25
35160,BUDDHA INCENSE HOLDER ASSORTED,Home & Living,Holder,2180,1590.64,56
35233,PASTA ENAMEL/BRASS CONTAINER,Home & Living,General,12,45.0,8
35240,ENAMEL BLUE RIM OVAL TRAY SET/2,Home & Living,General,49,416.01,39
35241,ENAMEL BLUE RIM BISCUIT BIN,Home & Living,General,312,1651.49,130
35265,COLOURFUL FLOWER FRUIT BOWL,Gifts,Bow,22,86.95,16
35271S,GOLD PRINT PAPER BAG,Accessories,Bag,439,89.58,20
35400,WOODEN BOX ADVENT CALENDAR,Gifts,Box,1443,14070.7,419
35443,RASTA IN BATH W SPLIFF ASHTRAY,Home & Living,General,16,13.6,10
35471A,SET OF 3 BIRD L.BLUE FEATHER,Home & Living,General,421,499.31,83
35471D,SET OF 3 BIRD LIGHT PINK FEATHER,Electronics,Light,2278,1633.63,348
35537,CANDLE RING W/CLEAR BEADS,Accessories,Ring,13,5.46,3
35591T,TURQUOISE CHRISTMAS TREE,Gifts,Christmas,20,25.0,9
35594,WOODEN CHRISTMAS TREE 3 HANGING,Gifts,Christmas,171,105.58,39
35596,WOOD XMAS TREE 9 FIG SHELVES,Home & Living,General,29,24.65,4
35597A,DUSTY PINK CHRISTMAS TREE 30CM,Gifts,Christmas,11,13.75,4
35597B,BLACKCHRISTMAS TREE 30CM,Home & Living,General,79,225.35,7
35597D,PINK/WHITE CHRISTMAS TREE 30CM,Gifts,Christmas,58,25.28,7
35598A,DUSTY PINK CHRISTMAS TREE 60CM,Gifts,Christmas,10,29.5,3
35598B,BLACK CHRISTMAS TREE 60CM,Gifts,Christmas,961,911.77,57
35598C,WHITE CHRISTMAS TREE 60CM,Gifts,Christmas,3,8.85,3
35598D,PINK/WHITE CHRISTMAS TREE 60CM,Gifts,Christmas,1764,1359.17,103
35599B,BLACK CHRISTMAS TREE 120CM,Gifts,Christmas,276,1022.09,51
35599D,PINK AND WHITE CHRISTMAS TREE 120CM,Gifts,Christmas,409,1384.21,103
35600D,PINK AND WHITE CHRISTMAS TREE 180CM,Gifts,Christmas,141,497.7,13
35603B,S/16 BLACK SHINY/MAT BAUBLES,Home & Living,Mat,50,21.0,2
35603C,SET/16 WHITE SHINY & MATT BAUBLES,Home & Living,Mat,83,48.3,24
35607A,PINK FLUFFY CHRISTMAS DECORATION,Gifts,Christmas,556,118.81,31
35607B,BLACK FEATHER CHRISTMAS DECORATION,Gifts,Christmas,312,62.3,17
35609A,PINK FEATHER CHRISTMAS DECORATION,Gifts,Christmas,447,133.23,24
35610A,PINK CHRISTMAS FLOCK DROPLET,Gifts,Christmas,144,107.94,12
35610B,BLACK CHRISTMAS FLOCK DROPLET,Gifts,Christmas,179,144.07,13
35610C,WHITE CHRISTMAS FLOCK DROPLET,Gifts,Christmas,94,81.56,8
35611B,BLACK ASSORTED DROPLET DECORATION,Gifts,Decoration,62,45.76,3
35633B,BLUE TINSEL GARLAND,Home & Living,Tin,130,24.7,12
35637A,IVORY STRING CURTAIN WITH POLE,Home & Living,General,552,1464.58,53
35637C,PINK STRING CURTAIN WITH POLE,Home & Living,General,100,331.14,19
35638A,PINK AND BLACK STRING CURTAIN,Home & Living,General,39,88.05,6
35638B,PINK/BLUE STRING CURTAIN,Home & Living,General,118,313.29,11
35644,PAIR PINK/BLACK COATHANGERS,Home & Living,General,25,48.75,7
35645,VINTAGE BEAD PINK JEWEL BOX,Gifts,Box,61,301.81,34
35646,VINTAGE BEAD PINK EVENING BAG,Accessories,Bag,647,1068.91,104
35647,VINTAGE BEAD PINK SHADE,Home & Living,General,563,748.24,74
35648,VINTAGE BEAD PINK PURSE,Accessories,Purse,1057,1319.81,143
35649,VINTAGE BEAD COSMETIC BAG,Accessories,Bag,1826,1362.9,53
35650,VINTAGE BEAD PINK JEWEL STAND,Accessories,Jewel,3,14.85,3
35651,VINTAGE BEAD PINK SCARF,Accessories,Scarf,460,1073.75,63
35652,VINTAGE BEAD CHAISE LONG JEWEL BOX,Gifts,Box,18,21.5,2
35653,VINTAGE BEAD NOTEBOOK,Home & Living,General,320,1020.92,113
35654,VINTAGE BEAD FILLED PINK CUSHION,Home & Living,Cushion,12,59.4,5
35751C,PURPLE CURRENT CANDLE RING,Accessories,Ring,31,12.61,2
35751D,PINK CURRENT CANDLE RING,Accessories,Ring,28,5.32,1
35793,S/3 PUPPIES CHRISTMAS DECORATIONS,Gifts,Christmas,108,216.33,15
35809A,ENAMEL PINK TEA CONTAINER,Home & Living,General,1139,1671.82,177
35809B,ENAMEL BLUE RIM TEA CONTAINER,Home & Living,General,104,227.54,33
35809a,ENAMEL PINK TEA CONTAINER,Home & Living,General,11,45.75,10
35810A,ENAMEL PINK COFFEE CONTAINER,Home & Living,General,1206,1605.57,171
35810B,ENAMEL BLUE RIM COFFEE CONTAINER,Home & Living,General,326,519.81,68
35811A,ENAMEL PINK SUGAR CONTAINER,Home & Living,General,434,762.97,84
35815B,"ACRYLIC JEWEL SNOWFLAKE,BLUE",Accessories,Jewel,95,43.94,3
35815P,"ACRYLIC JEWEL SNOWFLAKE, PINK",Accessories,Jewel,168,75.88,7
35816B,"ACRYLIC JEWEL ANGEL,BLUE",Accessories,Jewel,139,58.07,3
35816P,"ACRYLIC JEWEL ANGEL,PINK",Accessories,Jewel,297,137.43,9
35817B,"ACRYLIC JEWEL SNOWFLAKE,BLUE",Accessories,Jewel,143,61.3,3
35817P,"ACRYLIC JEWEL SNOWFLAKE,PINK",Accessories,Jewel,420,216.7,11
35818B,"ACRYLIC JEWEL ICICLE, BLUE",Accessories,Jewel,408,180.05,11
35818C,"ACRYLIC JEWEL ICICLE, CLEAR",Accessories,Jewel,1,3.43,1
35818P,"ACRYLIC JEWEL ICICLE, PINK",Accessories,Jewel,563,246.65,25
35819B,"ACRYLIC HANGING JEWEL,BLUE",Accessories,Jewel,387,193.06,32
35819P,"ACRYLIC HANGING JEWEL,PINK",Accessories,Jewel,95,66.55,7
35821B,"JEWELLED DECORATION,BLUE",Gifts,Decoration,150,57.0,3
35821P,"JEWELLED DECORATION,PINK",Gifts,Decoration,2,5.9,2
35822B,"ACRYLIC BEAD CHAIN, BLUE",Home & Living,General,229,87.02,1
35822P,"ACRYLIC BEAD CHAIN, PINK",Home & Living,General,114,43.32,1
35823P,"ACRYLIC BEAD GARLAND,PINK",Home & Living,General,2,5.9,2
35824B,"HANGING FLOWERS+MIRROR,BLUE",Accessories,Mirror,528,203.24,6
35824C,"HANGING FLOWERS+MIRROR,CLEAR",Accessories,Mirror,235,117.05,8
35824P,"HANGING FLOWERS+MIRROR,PINK",Accessories,Mirror,324,136.44,3
35832,WOOLLY HAT SOCK GLOVE ADVENT STRING,Accessories,Hat,1739,5347.75,188
35833G,4 GOLD FLOCK CHRISTMAS BALLS,Gifts,Christmas,136,227.38,34
35833P,4 PINK FLOCK CHRISTMAS BALLS,Gifts,Christmas,190,352.64,64
35837,SET OF SIX SILVER+RED FLOCK BAUBLES,Home & Living,General,2,1.7,1
35838A,S/6 MULTICOLOUR ORNAMENETAL CANDLE,Home & Living,Candle,181,185.25,20
35838B,S/6 SILVER ORNAMENETAL CANDLE,Home & Living,Candle,100,85.0,23
35840,FLAT GLASS  BAUBLE WHITE FLOCK,Home & Living,Glass,45,107.13,11
35909A,RABBIT EASTER DECORATION,Gifts,Decoration,20,59.0,5
35909B,PINK FLOWERS RABBIT EASTER,Home & Living,General,16,47.2,6
35910A,MULTICOLOUR EASTER RABBIT,Home & Living,General,53,103.35,13
35910B,PINK FLOWERS RABBIT EASTER,Home & Living,General,29,61.07,8
35911A,MULTICOLOUR RABBIT EGG WARMER,Home & Living,General,389,468.79,96
35911B,PINK/FLOWER RABBIT EGG WARMER,Home & Living,General,159,184.76,24
35912B,WHITE/PINK CHICK DECORATION,Gifts,Decoration,290,358.08,30
35913B,WHITE/PINK CHICK EASTER DECORATION,Gifts,Decoration,104,95.79,21
35914,PINK CHICK EGG WARMER + EGG CUP,Home & Living,Cup,246,345.85,56
35915A,CREAM KNITTED HEN,Home & Living,General,288,365.76,1
35915B,BLUE KNITTED HEN,Home & Living,General,565,717.03,67
35915C,PEACH KNITTED HEN,Home & Living,General,662,793.32,82
35916A,YELLOW FELT HANGING HEART W FLOWER,Gifts,Heart,135,122.0,44
35916B,BLUE FELT HANGING HEART W FLOWER,Gifts,Heart,133,121.33,46
35916C,PINK FELT HANGING HEART W FLOWER,Gifts,Heart,159,170.87,42
35918B,BLUE FLORIBUNDA EGG WARMER,Home & Living,General,10,12.5,5
35920,FOUR RABBIT EASTER DECORATIONS,Gifts,Decoration,1070,296.34,24
35921,EASTER BUNNY HANGING GARLAND,Home & Living,General,183,330.32,49
35922,EASTER BUNNY WREATH,Home & Living,General,97,575.99,36
35923,CANDY HEART HANGING DECORATION,Gifts,Heart,1546,1025.02,112
35924,HANGING FAIRY CAKE DECORATION,Gifts,Decoration,2171,4068.32,188
35930,PINK HEART CHRISTMAS DECORATION,Gifts,Heart,1,0.38,1
35931,PINK STAR CHRISTMAS DECORATION,Gifts,Star,156,78.12,15
35932,PINK CHRISTMAS TREE DECORATION,Gifts,Christmas,37,15.63,10
35933,PINK STOCKING CHRISTMAS DECORATION,Gifts,Christmas,319,131.38,28
35936,CERISE+GOLD CHRISTMAS TREE DEC,Gifts,Christmas,36,13.68,9
35937,CERISE+GOLD CHRISTMAS STOCKING DEC,Gifts,Christmas,188,71.44,17
35945,GOLD CHRISTMAS STOCKING DECORATION,Gifts,Christmas,1,1.95,1
35950,FOLKART HEART CHRISTMAS DECORATIONS,Gifts,Heart,1,1.25,1
35951,FOLKART BAUBLE CHRISTMAS DECORATION,Gifts,Christmas,1352,717.99,46
35953,FOLKART STAR CHRISTMAS DECORATIONS,Gifts,Star,3930,2084.72,155
35954,SMALL FOLKART STAR CHRISTMAS DEC,Gifts,Star,2387,946.55,111
35955,SMALL FOLKART CHRISTMAS TREE DEC,Gifts,Christmas,135,34.62,4
35957,SMALLFOLKART BAUBLE CHRISTMAS DEC,Gifts,Christmas,3787,1392.78,148
35958,FOLKART ZINC STAR CHRISTMAS DEC,Gifts,Star,1145,996.53,82
35961,FOLKART ZINC HEART CHRISTMAS DEC,Gifts,Heart,11563,9668.33,637
35962,12 ASS ZINC CHRISTMAS DECORATIONS,Gifts,Christmas,593,1376.98,92
35963,FOLKART ZINC CLIP ON ANGEL WINGS,Home & Living,General,104,39.52,11
35964,FOLKART CLIP ON STARS,Gifts,Star,1192,694.25,132
35965,FOLKART HEART NAPKIN RINGS,Gifts,Heart,645,1476.16,174
35966,FOLKART CHRISTMAS TREE T-LIGHT HOLD,Electronics,Light,255,111.34,26
35967,FOLK ART METAL STAR T-LIGHT HOLDER,Electronics,Light,966,507.59,112
35968,FOLK ART METAL HEART T-LIGHT HOLDER,Electronics,Light,785,372.46,75
35969,FOLKART CROWN TABLE DECORATIONS,Gifts,Decoration,525,545.77,76
35970,ZINC FOLKART SLEIGH BELLS,Home & Living,General,8447,15257.26,692
35971,ROSE FOLKART HEART DECORATIONS,Gifts,Heart,2003,2001.52,217
35972,DAISY FOLKART HEART DECORATION,Gifts,Heart,440,611.38,87
35973,GERANIUM FOLKART HEART DECORATION,Gifts,Heart,51,63.75,13
35974,S/6 CHRISTMAS TREE PLACE SETTING,Gifts,Christmas,1,3.75,1
35976B,WHITE SCANDINAVIAN HEART CHRISTMAS,Gifts,Heart,1,1.25,1
35979,SIX STRING SCANDINAVIAN HEART DECS,Gifts,Heart,94,311.03,27
35980B,RED TOP SCANDINAVIAN HEART,Gifts,Heart,4,1.52,2
35980C,REDWHITE STRIPE SCANDINAVIAN HEART,Gifts,Heart,384,150.3,29
35981C,WHITE SNOW SCANDINAVIAN STOCKING,Home & Living,General,590,298.0,67
35991,SET/6 BLACK SNOWFLAKE T-LIGHTS,Electronics,Light,403,232.5,54
35995,SET/6 BLACK GLITTER REINDEER CANDLE,Home & Living,Candle,5,3.78,5
35999,S/6 SCANDINAVIAN HEART T-LIGHT,Electronics,Light,1,2.55,1
37112,YELLOW BIRDS FELT DES FOODCOVER,Home & Living,General,10,37.5,5
37326,FAIRY DESIGN MUGS,Home & Living,Mug,3,5.86,2
37327,ASSTD MULTICOLOUR CIRCLES MUG,Home & Living,Mug,1746,1062.22,88
37330,SPOTS MUG,Home & Living,Mug,517,927.46,28
37333,"RETRO ""TEA FOR ONE""",Home & Living,General,148,819.95,58
37340,MULTICOLOUR SPRING FLOWER MUG,Home & Living,Mug,13680,3932.18,204
37342,SPOTTY COFFEE CUP & SAUCER,Home & Living,Cup,1629,1731.4,131
37343,SPOTS DESIGN MUG W PINK INSIDE,Home & Living,Mug,1129,1792.1,104
37345,ASSTD HEARTS DESIGN MUGS,Gifts,Heart,321,561.05,9
37348,SET OF 4 PASTEL STACKING MUGS,Home & Living,Mug,14,35.7,7
37351,ORANGE FLOWER MUG,Home & Living,Mug,5404,612.51,11
37352,BIRD IN TREE MUG,Home & Living,Mug,4643,504.55,8
37370,RETRO COFFEE MUGS ASSORTED,Home & Living,Mug,7504,11582.36,492
37379A,PINK CHERRY BLOSSOM CUP & SAUCER,Home & Living,Cup,41,159.2,16
37379B,BLUE CHERRY BLOSSOM CUP & SAUCER,Home & Living,Cup,1122,181.5,3
37399,"ASS RETROSPOOF MUGS,SPORTS",Home & Living,Mug,143,75.0,6
37408,ASSORTED DESIGN GEISHA GIRL MUGS,Home & Living,Mug,5,6.25,1
37409,ASSORTED DESIGN FLOWER MUGS,Home & Living,Mug,8,6.8,3
37410,BLACK AND WHITE PAISLEY FLOWER MUG,Home & Living,Mug,25707,3288.65,33
37413,ICON MUG REVOLUTIONARY,Home & Living,Mug,703,284.49,81
37422,WHITE WITH BLACK CATS BOWL,Gifts,Bow,434,292.08,73
37423,WHITE WITH BLACK CATS PLATE,Home & Living,Plate,6168,843.88,70
37424,WHITE WITH BLACK CATS MUG,Home & Living,Mug,5251,1136.38,108
37432,MUG PINK AND PURPLE ARABIC DESIGN,Home & Living,Mug,6,3.9,1
37438,FUNKY FLOWER COFFEE POT,Home & Living,Pot,2,7.5,1
37441,ASSORTED WHITE EMBOSSED CHINA MUGS,Home & Living,Mug,706,1652.4,54
37444A,YELLOW BREAKFAST CUP AND SAUCER,Home & Living,Cup,2716,587.84,43
37444B,BLUE BREAKFAST CUP AND SAUCER,Home & Living,Cup,2012,415.5,28
37444C,PINK BREAKFAST CUP AND SAUCER,Home & Living,Cup,1659,689.27,54
37446,MINI CAKE STAND WITH HANGING CAKES,Home & Living,General,3813,5502.08,410
37447,CERAMIC CAKE DESIGN SPOTTED PLATE,Home & Living,Plate,2934,4625.49,364
37448,CERAMIC CAKE DESIGN SPOTTED MUG,Home & Living,Mug,4640,6962.8,528
37449,CERAMIC CAKE STAND + HANGING CAKES,Home & Living,General,2418,22702.46,477
37450,CERAMIC CAKE BOWL + HANGING CAKES,Gifts,Bow,2475,7129.39,391
37451,CERAMIC CAKE TEAPOT WITH CHERRY,Home & Living,General,1,4.95,1
37461,FUNKY MONKEY MUG,Home & Living,Mug,743,779.89,95
37462B,"PET MUG, BUDGIE",Home & Living,Mug,170,87.28,32
37462E,"PET MUG, GOLDFISH",Home & Living,Mug,110,49.64,28
37464,ROBOT MUG IN DISPLAY BOX,Gifts,Box,317,432.43,82
37467,PIG MUG IN TWO COLOUR DESIGNS,Home & Living,Mug,275,336.93,64
37468,HARDMAN MUG 3 ASSORTED,Home & Living,Mug,66,40.2,14
37471,MULTICOLOUR DOTS PLATE,Home & Living,Plate,1405,197.85,10
37474,SET/4 2 TONE EGG SHAPE MIXING BOWLS,Gifts,Bow,65,670.95,44
37475,SET/4 COLOURFUL MIXING BOWLS,Gifts,Bow,117,1170.51,72
37476,CONDIMENT TRAY 4 BOWLS AND 4 SPOONS,Gifts,Bow,212,2066.64,77
37477B,"FLOWER FAIRY MUG+COASTER,LAVENDER",Home & Living,Mug,16,60.0,8
37477C,"FLOWER FAIRY MUG+COASTER,ROSE",Home & Living,Mug,6,22.5,1
37479B,CUBIC MUG FLOCK BLUE ON BROWN,Home & Living,Mug,1256,1103.5,32
37479P,CUBIC MUG FLOCK PINK ON BROWN,Home & Living,Mug,184,169.86,34
37481,CUBIC MUG TEATIME CAKES,Home & Living,Mug,6,15.3,1
37482B,CUBIC MUG BLUE POLKA DOT,Home & Living,Mug,1251,1127.91,9
37482P,CUBIC MUG PINK POLKA DOT,Home & Living,Mug,680,913.54,83
37482b,CUBIC MUG BLUE POLKA DOT,Home & Living,Mug,1,17.35,1
37482p,CUBIC MUG PINK POLKA DOT,Home & Living,Mug,2,34.7,2
37483,ENGLISH ROSE MUG IN GIFT BOX,Gifts,Gift,144,235.44,10
37484,ENGLISH ROSE TEA FOR ONE GIFT BOX,Gifts,Gift,1,6.75,1
37485,ENGLISH ROSE TEA SET IN GIFT BOX,Gifts,Gift,49,207.69,15
37487B,YELLOW/ORANGE FLOWER DESIGN PLATE,Home & Living,Plate,68,19.72,2
37488A,YELLOW PINK FLOWER DESIGN BIG BOWL,Gifts,Bow,31,19.77,5
37489A,YELLOW/PINK FLOWER DESIGN BIG MUG,Home & Living,Mug,48,50.46,23
37489B,BLUE/YELLOW FLOWER DESIGN BIG MUG,Home & Living,Mug,39,32.37,17
37489C,GREEN/BLUE FLOWER DESIGN BIG MUG,Home & Living,Mug,29,29.96,12
37489D,PINK/GREEN FLOWER DESIGN BIG MUG,Home & Living,Mug,47,30.81,20
37491A,YELLOW/PINK CERAMIC CANDLE HOLDER,Home & Living,Candle,19,51.66,13
37491B,BLUE/YELLOW CERAMIC CANDLE HOLDER,Home & Living,Candle,14,30.08,8
37491C,GREEN/BLUE CERAMIC CANDLE HOLDER,Home & Living,Candle,59,169.17,10
37491D,PURPLE/BLUE CERAMIC CANDLE HOLDER,Home & Living,Candle,26,63.28,13
37492A,YELLOW RED FLOWER PIGGY BANK,Home & Living,General,108,216.07,11
37492B,BLUE YELLOW FLOWER PIGGY BANK,Home & Living,General,489,946.72,44
37492C,GREEN BLUE FLOWER PIGGY BANK,Home & Living,General,242,477.3,24
37492D,PURPLE GREEN FLOWER PIGGY BANK,Home & Living,General,361,682.99,26
37494A,FAIRY CAKE CERAMIC BUTTER DISH,Home & Living,General,238,796.39,51
37494a,FAIRY CAKE CERAMIC BUTTER DISH,Home & Living,General,4,24.16,3
37495,FAIRY CAKE BIRTHDAY CANDLE SET,Gifts,Birthday,1581,5811.35,330
37500,TEA TIME TEAPOT IN GIFT BOX,Gifts,Gift,887,6869.72,263
37501,TEA TIME TEA SET IN GIFT BOX,Gifts,Gift,490,3478.66,177
37502,TEA TIME MUG IN GIFT BOX,Gifts,Gift,872,2611.59,171
37503,TEA TIME CAKE STAND IN GIFT BOX,Gifts,Gift,2469,25471.33,522
37506,NEW ENGLAND MILK JUG W GIFT BOX,Gifts,Gift,34,202.3,26
37508,NEW ENGLAND CERAMIC CAKE SERVER,Home & Living,General,92,237.22,46
37509,NEW ENGLAND MUG W GIFT BOX,Gifts,Gift,31,79.05,14
40001,WHITE BAMBOO RIBS LAMPSHADE,Electronics,Lamp,2492,1920.88,121
40002,WHITE BAMBOO RIBS LAMPSHADE,Electronics,Lamp,78,66.3,1
40003,WHITE BAMBOO RIBS LAMPSHADE,Electronics,Lamp,1151,1258.27,60
40005B,BLUE ORGANDY ROUND LAMPSHADE W BEA,Electronics,Lamp,35,29.75,13
40016,CHINESE DRAGON PAPER LANTERNS,Home & Living,General,15694,5604.14,244
40018E,TEA TIME PAPER LANTERNS,Home & Living,General,386,840.92,81
40018F,CHERRY DESIGN PAPERLANTERNS,Home & Living,General,1093,2102.28,117
40046A,RED DAISY PAPER LAMPSHADE,Electronics,Lamp,355,472.07,62
40046C,PINK BUTTERFLY PAPER LAMPSHADE,Electronics,Lamp,3,3.75,3
44089A,PINK GAUZE BUTTERFLY LAMPSHADE,Electronics,Lamp,40,16.8,13
44089C,LILAC GAUZE BUTTERFLY LAMPSHADE,Electronics,Lamp,68,28.56,18
44091A,BLUE CRUSOE CHECK LAMPSHADE,Electronics,Lamp,20,8.4,6
44091C,MULTICOLOUR CRUSOE CHECK LAMPSHADE,Electronics,Lamp,61,30.66,17
44092B,BLUE WHITE PLASTIC RINGS LAMPSHADE,Electronics,Lamp,15,12.75,6
44092C,PURPLE/COPPER HANGING LAMPSHADE,Electronics,Lamp,25,21.25,10
44217M,MULTICOLOUR FEATHERS CURTAIN,Home & Living,General,72,236.4,3
44228,CANNABIS LEAF BEAD CURTAIN,Home & Living,General,48,40.8,3
44230,SQUARE MIRROR CURTAIN,Accessories,Mirror,347,3381.62,53
44234,ASSORTED CIRCULAR MOBILE,Home & Living,General,1246,270.22,56
44235,ASS COL CIRCLE MOBILE,Home & Living,General,824,307.2,22
44236,PINK/PURPLE CIRCLE CURTAIN,Home & Living,General,64,112.32,12
44241C,BLUE BUTTERFLY ON SPRING,Home & Living,General,70,59.5,8
44242A,LILAC FEATHERS CURTAIN,Home & Living,General,14,11.98,2
44242B,PINK FEATHERS CURTAIN,Home & Living,General,109,121.53,9
44265,M/COLOUR POM-POM CURTAIN,Home & Living,General,8,34.0,4
45008C,DECORATIVE NET CANOPY CREAM,Home & Living,General,83,792.07,34
45013,FOLDING SHOE TIDY,Home & Living,General,48,132.0,8
45014,FOLDING SHIRT TIDY,Home & Living,General,1,4.65,1
45016,DECORATIVE NET CANOPY LEOPARD,Home & Living,General,101,423.73,25
46000M,POLYESTER FILLER PAD 45x45cm,Home & Living,General,2537,3932.35,353
46000P,POLYESTER FILLER PAD 65CMx65CM,Home & Living,General,215,913.75,49
46000R,POLYESTER FILLER PAD 45x30cm,Home & Living,General,249,361.05,61
46000S,POLYESTER FILLER PAD 40x40cm,Home & Living,General,3486,5054.7,380
46000U,POLYESTER FILLER PAD 30CMx30CM,Home & Living,General,251,313.75,51
46037A,PINK CANVAS DES CUSHION COVER,Home & Living,Cushion,6,7.5,2
46115B,GREEN POP ART MAO CUSHION COVER,Home & Living,Cushion,292,55.48,22
46118,FUNKY MONKEY CUSHION COVER,Home & Living,Cushion,374,522.05,72
46126A,ELVIS WALLHANGING / CURTAIN,Home & Living,General,317,419.99,48
46137D,GREEN CHENILLE SHAGGY RUG,Home & Living,General,45,132.75,4
46138B,BLUE CHENILLE SHAGGY CUSHION COVER,Home & Living,Cushion,71,156.29,25
46138D,GREEN CHENILLE SHAGGY C/COVER,Home & Living,General,1,1.95,1
46307,ROSES BLUE BASE CUSHION COVER,Home & Living,Cushion,53,249.33,33
46775A,BUBBLE GUM CHUNKY KNITTED THROW,Home & Living,General,83,1044.23,32
46775B,BERRIES CHUNKY KNITTED THROW,Home & Living,General,5,84.75,4
46775D,SUNSET COLOUR CHUNKY KNITTED THROW,Home & Living,General,154,1949.21,95
46775E,CANDY POP CHUNKY KNITTED THROW,Home & Living,General,101,1282.9,51
46776A,WOVEN BUBBLE GUM CUSHION COVER,Home & Living,Cushion,408,1291.65,121
46776B,WOVEN BERRIES CUSHION COVER,Home & Living,Cushion,432,1386.07,153
46776C,WOVEN FROST CUSHION COVER,Home & Living,Cushion,260,913.52,96
46776D,WOVEN SUNSET CUSHION COVER,Home & Living,Cushion,153,658.07,76
46776E,WOVEN CANDY CUSHION COVER,Home & Living,Cushion,207,670.52,77
46776F,WOVEN ROSE GARDEN CUSHION COVER,Home & Living,Cushion,487,1675.73,157
46776a,WOVEN BUBBLE GUM CUSHION COVER,Home & Living,Cushion,5,20.65,1
46776b,WOVEN BERRIES CUSHION COVER,Home & Living,Cushion,1,4.13,1
46776e,WOVEN CANDY CUSHION COVER,Home & Living,Cushion,1,4.13,1
46776f,WOVEN ROSE GARDEN CUSHION COVER,Home & Living,Cushion,7,28.91,1
47013A,WINE BOTTLE DRESSING LT.BLUE,Home & Living,Bottle,141,39.87,25
47013C,WINE BOTTLE DRESSING DARK BLUE,Home & Living,Bottle,147,40.52,27
47016,LIGHT DECORATION BATTERY OPERATED,Electronics,Battery,31,65.1,5
47021G,SET/6 BEAD COASTERS GAUZE BAG GOLD,Accessories,Bag,716,549.52,70
47310M,"SMALL POP BOX,FUNKY MONKEY",Gifts,Box,747,1006.19,172
47341A,FUSCHIA TABLE RUN FLOWER,Home & Living,General,29,46.25,7
47341B,BLUE TABLE RUN FLOWER,Home & Living,General,48,67.5,14
47343A,FUSCHIA FLOWER PURSE WITH BEADS,Accessories,Purse,209,219.67,23
47344B,BLUE FLOWER DES PURSE,Accessories,Purse,54,56.16,10
47347B,BLUE FLOWER T-LIGHT HOLDER,Electronics,Light,240,179.88,11
47348A,FUSCHIA VOILE POINTY SHOE DEC,Home & Living,General,104,63.96,16
47351B,BLUE  VOILE LAMPSHADE,Electronics,Lamp,98,269.9,14
47367B,PAIR PADDED HANGERS PINK CHECK,Home & Living,Hanger,246,849.17,95
47369A,PINK GREEN EMBROIDERY COSMETIC BAG,Accessories,Bag,52,155.16,25
47369B,BLUE GREEN EMBROIDERY COSMETIC BAG,Accessories,Bag,58,164.98,29
47420,ASSORTED COLOUR SUCTION CUP HOOK,Home & Living,Cup,373,70.87,31
47421,ASSORTED COLOUR LIZARD SUCTION HOOK,Home & Living,General,1497,586.98,74
47422,ASSORTED MONKEY SUCTION CUP HOOK,Home & Living,Cup,1218,475.56,66
47469,ASSORTED SHAPES PHOTO CLIP SILVER,Home & Living,General,1225,597.53,29
47471,RAINBOW PEGS PHOTO CLIP STRING,Home & Living,General,435,301.11,63
47480,HANGING PHOTO CLIP ROPE LADDER,Home & Living,General,1737,2858.13,150
47481,50CM METAL STRING WITH  7 CLIPS,Home & Living,General,328,268.38,44
47502,POLKADOT CUTLERY 24 PCS IN TRAY,Home & Living,General,640,6855.75,79
47503A,ASS FLORAL PRINT MULTI SCREWDRIVER,Home & Living,General,2878,1416.84,195
47503E,ASS FLORAL PRINT SCISSORS,Home & Living,General,6842,1186.9,25
47503F,ASS FLORAL PRINT TORCH,Electronics,Torch,2571,736.55,11
47503G,ASS FLORAL PRINT TAPE MEASURE,Home & Living,General,284,367.36,35
47503H,ASS FLORAL PRINT SPIRIT LEVEL,Home & Living,General,164,256.18,60
47503J,SET/3 FLORAL GARDEN TOOLS IN BAG,Accessories,Bag,348,2759.36,75
47503K,ASSORTED FLORAL SECATEURS,Home & Living,General,3179,1393.34,42
47504E,ENGLISH ROSE SCISSORS,Home & Living,General,4387,931.86,48
47504F,ENGLISH ROSE TORCH,Electronics,Torch,528,198.11,14
47504G,ENGLISH ROSE TAPE MEASURE,Home & Living,General,267,368.06,57
47504H,ENGLISH ROSE SPIRIT LEVEL,Home & Living,General,1031,1118.92,140
47504J,ENGLISH ROSE SET/3 GARDEN TOOLS,Home & Living,Garden,5,67.25,4
47504K,ENGLISH ROSE GARDEN SECATEURS,Home & Living,Garden,2673,3138.49,312
47505,MINATURE COLOURED GARDENING SET,Home & Living,Garden,738,3532.37,178
47518F,ICON PLACEMAT POP ART ELVIS,Home & Living,General,903,153.14,34
47518f,ICON PLACEMAT POP ART ELVIS,Home & Living,General,9,37.75,9
47552A,DOTS IRONING BOARD COVER,Home & Living,General,13,25.35,11
47554,S/3 COLOURS FLOCK TEA TOWELS,Home & Living,Towel,1,2.55,1
47556,SET/2 SPOTTY + ROSE TEA TOWELS,Home & Living,Towel,1,2.55,1
47556B,TEA TIME TEA TOWELS,Home & Living,Towel,5202,13693.97,449
47556b,TEA TIME TEA TOWELS,Home & Living,Towel,4,23.64,4
47559B,TEA TIME OVEN GLOVE,Accessories,Glove,5232,6469.29,701
47559b,TEA TIME OVEN GLOVE,Accessories,Glove,171,568.58,44
47562,ENGLISH ROSE IRONING BOARD COVER,Home & Living,General,104,390.0,41
47563A,RETRO LONGBOARD IRONING BOARD COVER,Home & Living,General,347,853.44,151
47563B,WAVELINE SURF IRONING BOARD COVER,Home & Living,General,8,30.0,6
47566,PARTY BUNTING,Home & Living,General,28378,149187.05,2674
47566B,TEA TIME PARTY BUNTING,Home & Living,General,5838,25987.9,761
47566b,TEA TIME PARTY BUNTING,Home & Living,General,217,1803.61,113
47567B,TEA TIME KITCHEN APRON,Home & Living,Kitchen,2199,11886.39,348
47567b,TEA TIME KITCHEN APRON,Home & Living,Kitchen,3,38.72,3
47568,ENGLISH ROSE DESIGN PEG BAG,Accessories,Bag,2389,4993.52,410
47569,ENGLISH ROSE DESIGN SHOPPING BAG,Accessories,Bag,1,2.55,1
47570,ENGLISH ROSE TABLE CLOTH,Home & Living,General,220,2373.01,78
47570B,TEA TIME TABLE CLOTH,Home & Living,General,979,9686.17,224
47570b,TEA TIME TABLE CLOTH,Home & Living,General,9,190.63,8
47574A,ENGLISH ROSE SCENTED HANGING FLOWER,Home & Living,General,578,810.48,129
47574B,ENGLISH ROSE SCENTED HANGING HEART,Gifts,Heart,50,212.5,27
47578A,ENGLISH ROSE SMALL SCENTED FLOWER,Home & Living,General,324,294.33,69
47579,TEA TIME BREAKFAST BASKET,Home & Living,Basket,186,422.97,55
47580,TEA TIME DES TEA COSY,Home & Living,General,1697,4405.46,344
47581B,FAIRY CAKE WICKER PICNIC BASKET,Home & Living,Basket,47,766.52,36
47583A,SET OF 3 WICKER BASKET ROSE,Home & Living,Basket,71,612.82,6
47583B,SET OF 3 WICKER BASKET TEA AND CAKE,Home & Living,Basket,27,332.6,6
47585A,PINK FAIRY CAKE CUSHION COVER,Home & Living,Cushion,1086,2620.38,148
47586A,PINK FAIRY CAKE CUSHION COVER,Home & Living,Cushion,204,280.63,29
47587A,PINK FAIRY CAKE COASTER,Home & Living,General,2706,1099.88,26
47589,CONGRATULATIONS BUNTING,Home & Living,General,185,1019.63,76
47590A,BLUE HAPPY BIRTHDAY BUNTING,Gifts,Birthday,4829,24559.23,689
47590B,PINK HAPPY BIRTHDAY BUNTING,Gifts,Birthday,5778,29587.43,872
47590a,BLUE HAPPY BIRTHDAY BUNTING,Gifts,Birthday,1,11.02,1
47590b,PINK HAPPY BIRTHDAY BUNTING,Gifts,Birthday,13,140.5,10
47591A,CAROUSEL DES CHILD'S APRON,Home & Living,General,163,269.54,70
47591B,SCOTTIES DES CHILD'S APRON,Home & Living,General,1114,1795.5,281
47591C,BLUE FAIRY CAKE CHILD'S APRON,Home & Living,General,1051,2012.43,159
47591D,PINK FAIRY CAKE CHILD'S APRON,Home & Living,General,9520,17698.87,1140
47591b,SCOTTIES CHILDRENS APRON,Home & Living,General,8,33.6,4
47591c,BLUE FAIRY CAKE CHILD'S APRON,Home & Living,General,4,16.84,3
47591d,PINK FAIRY CAKE CHILDRENS APRON,Home & Living,General,290,1461.6,72
47592A,CAROUSEL DES CHILD'S OVERALL,Home & Living,General,331,637.37,101
47592B,SCOTTIES DESIGN CHILD'S OVERALL,Home & Living,General,67,131.9,29
47593A,CAROUSEL DESIGN BABY BIB,Home & Living,General,303,306.67,97
47593B,SCOTTIES DESIGN BABY BIB,Home & Living,General,2367,1343.89,356
47593a,CAROUSEL DESIGN BABY BIB,Home & Living,General,1,2.51,1
47593b,SCOTTIE DOGS BABY BIB,Home & Living,General,6,4.98,1
47594A,CAROUSEL DESIGN WASHBAG,Home & Living,General,346,684.46,105
47594B,SCOTTIES DESIGN WASHBAG,Home & Living,General,410,812.29,122
47594a,CAROUSEL DESIGN WASHBAG,Home & Living,General,1,4.21,1
47597,NEW ENGLAND TEATOWELS,Home & Living,General,322,644.88,124
47598,NEW ENGLAND EGG WARMER,Home & Living,General,138,89.12,32
47599A,PINK PARTY BAGS,Accessories,Bag,6046,11348.58,369
47599B,BLUE PARTY BAGS,Accessories,Bag,3568,6822.14,286
48103,DOOR MAT KISS MY.......,Home & Living,Mat,35,201.73,10
48111,DOOR MAT 3 SMILEY CATS,Home & Living,Mat,4309,26544.41,720
48116,DOOR MAT MULTICOLOUR STRIPE,Home & Living,Mat,3461,20803.16,496
48129,DOOR MAT TOPIARY,Home & Living,Mat,3150,19790.14,543
48138,DOOR MAT UNION FLAG,Home & Living,Mat,10175,67757.63,1664
48173A,DOOR MAT BLUE FLOCK,Home & Living,Mat,1,6.75,1
48173C,DOOR MAT BLACK FLOCK,Home & Living,Mat,4104,23335.25,500
48173c,DOOR MAT BLACK FLOCK,Home & Living,Mat,78,1259.39,37
48175,DOOR MAT CAMOUFLAGE,Home & Living,Mat,39,158.04,2
48179,DOOR MAT SWEET HOME,Home & Living,Mat,34,214.47,11
48184,DOOR MAT ENGLISH ROSE,Home & Living,Mat,4777,31603.65,851
48185,DOOR MAT FAIRY CAKE,Home & Living,Mat,6862,46104.34,983
48187,DOOR MAT NEW ENGLAND,Home & Living,Mat,7425,47265.11,1282
48188,DOOR MAT WELCOME PUPPIES,Home & Living,Mat,4892,28798.14,698
48189,DOOR MAT FRIENDSHIP,Home & Living,Mat,1323,8494.01,274
48194,DOORMAT HEARTS,Gifts,Heart,7847,49633.29,1349
48195,DOOR MAT GREEN PAISLEY,Home & Living,Mat,271,1642.97,87
48197,DOOR MAT BIRD ON THE WIRE,Home & Living,Mat,898,5905.64,225
51008,AFGHAN SLIPPER SOCK PAIR,Home & Living,General,2865,9179.25,80
51012C,"FEATHER DUSTER, COAL BLACK",Home & Living,General,171,213.75,27
51012L,"FEATHER DUSTER, LIGHT PINK",Electronics,Light,10,12.5,6
51014A,"FEATHER PEN,HOT PINK",Home & Living,General,6748,4603.92,376
51014C,"FEATHER PEN,COAL BLACK",Home & Living,General,4390,2845.78,265
51014L,"FEATHER PEN,LIGHT PINK",Electronics,Light,3493,2263.15,226
51014c,"FEATHER PEN,COAL BLACK",Home & Living,General,1,0.83,1
51020A,SUMMER FUN DESIGN SHOWER CAP,Home & Living,General,1305,465.81,50
51020B,STRIPY DESIGN SHOWER CAP,Home & Living,General,1087,491.87,60
62018,SOMBRERO,Home & Living,General,9570,12456.7,127
62043B,BLUE CHECK BAG W HANDLE 34X20CM,Accessories,Bag,54,75.16,10
62074B,ELEPHANT CLIP W SUCTION CUP,Home & Living,Cup,38,15.96,12
62086A,PINK RETRO BIG FLOWER BAG,Accessories,Bag,113,220.35,24
62094B,TURQ ICE CREAM BUM BAG,Accessories,Bag,306,683.05,67
62095B,TURQOISE ICE CREAM SUNHAT,Home & Living,General,292,310.83,21
62096A,PINK/YELLOW FLOWERS HANDBAG,Home & Living,General,395,607.79,89
62096B,PURPLE/TURQ FLOWERS HANDBAG,Home & Living,General,257,441.99,82
62097A,PINK STRIPES SHOULDER BAG,Accessories,Bag,3,8.85,3
62097B,BLUE STRIPES SHOULDER BAG,Accessories,Bag,11,13.37,4
70006,LOVE HEART POCKET WARMER,Gifts,Heart,4482,4239.52,290
70007,HI TEC ALPINE HAND WARMER,Home & Living,General,1373,1861.82,205
71028B,SILVER BLUE EGG T-LIGHT HOLDER,Electronics,Light,494,227.48,13
71038,WHITE HANGING BEADS CANDLE HOLDER,Home & Living,Candle,729,3854.65,144
71050,SMALL SINGLE FLAME CANDLE HOLDER,Home & Living,Candle,51,17.85,8
71053,WHITE METAL LANTERN,Home & Living,General,4993,19718.61,727
71101A,ANGEL ON KNEES METAL POLE 100CM H,Home & Living,General,6,5.1,1
71101E,STANDING FAIRY POLE SUPPORT,Home & Living,General,779,627.83,47
71143,SILVER BOOK MARK WITH BEADS,Home & Living,General,356,532.02,99
71215,METAL BASE FOR CANDLES,Home & Living,Candle,178,68.52,12
71270,PHOTO CLIP LINE,Home & Living,General,378,535.4,81
71279,PINK GLASS CANDLEHOLDER,Home & Living,Candle,304,1007.52,78
71403,"PINK/WHITE ""KEEP CLEAN"" BULLET BIN",Home & Living,General,179,664.9,69
71406C,BLACK ORANGE SQUEEZER,Home & Living,General,223,95.38,35
71434B,"BLACK RND BULLET""KEEP CLEAN"" BIN",Home & Living,General,2,5.1,2
71459,HANGING JAM JAR T-LIGHT HOLDER,Electronics,Light,33577,27192.51,1017
71477,COLOUR GLASS. STAR T-LIGHT HOLDER,Electronics,Light,15727,46546.53,809
71495A,CD WALL TIDY BLUE OFFICE,Home & Living,General,225,87.96,20
71495B,CD WALL TIDY RED FLOWERS,Home & Living,General,306,116.61,18
71496A,A4 WALL TIDY BLUE OFFICE,Home & Living,General,260,161.77,17
71496B,A4 WALL TIDY RED FLOWERS,Home & Living,General,15,8.67,6
71510,SQUARE METAL CANDLEHOLDER BASE,Home & Living,Candle,177,112.05,17
72008,FROSTED BOX 9 WHITE T-LIGHT CANDLES,Electronics,Light,3820,1531.82,215
72023F,RED ORGANIC CANDLE IN GLASS,Home & Living,Candle,640,669.62,49
72024U,LILAC VOTIVE CANDLE,Home & Living,Candle,220,46.2,11
72038P,PRICE'S CANDLE PEACH,Home & Living,Candle,1050,116.5,9
72045D,ROSES ON BLUE TEACUP CANDLE,Home & Living,Candle,539,918.65,6
72051S,BAG OF SILVER STONES,Accessories,Bag,307,194.25,54
72083A,STRAWBERY SWIRL FLARE CANDLE,Home & Living,Candle,24,50.4,7
72084B,CHOCOLATE ICE CREAM CANDLE,Home & Living,Candle,2,3.9,1
72122,COFFEE SCENT PILLAR CANDLE,Home & Living,Candle,588,595.23,120
72127,COLUMBIAN CANDLE ROUND,Home & Living,Candle,396,483.44,65
72128,COLUMBIAN CANDLE ROUND,Home & Living,Candle,730,455.84,88
72129,COLUMBIAN CANDLE ROUND,Home & Living,Candle,75,49.76,18
72130,COLUMBIAN CANDLE ROUND,Home & Living,Candle,814,341.68,57
72131,COLUMBIAN CANDLE RECTANGLE,Home & Living,Candle,763,721.53,56
72132,COLUMBIAN CUBE CANDLE,Home & Living,Candle,562,487.5,28
72133,COLUMBIAN CANDLE RECTANGLE,Home & Living,Candle,116,131.38,31
72134,COLUMBIAN  CUBE CANDLE,Home & Living,Candle,340,136.51,29
72140E,BEST DAD CANDLE LETTERS,Home & Living,Candle,219,157.57,29
72140F,HAPPY ANNIVERSARY CANDLE LETTERS,Home & Living,Candle,175,69.18,14
72225C,LAVENDER SCENT CAKE CANDLE,Home & Living,Candle,1926,466.38,38
72225D,VANILLA SCENT CAKE CANDLE,Home & Living,Candle,962,219.46,11
72232,FENG SHUI PILLAR CANDLE,Home & Living,Candle,6402,1216.38,118
72267,PREMIUM CHURCH CANDLE,Home & Living,Candle,273,546.96,45
72349B,SET/6 PURPLE BUTTERFLY T-LIGHTS,Electronics,Light,2025,4125.6,287
72349b,SET/6 PURPLE BUTTERFLY T-LIGHTS,Electronics,Light,218,907.35,112
72351A,SET/6 TURQUOISE BUTTERFLY T-LIGHTS,Electronics,Light,3762,7442.19,399
72351B,SET/6 PINK  BUTTERFLY T-LIGHTS,Electronics,Light,5821,11271.04,499
72351a,SET/6 TURQUOISE BUTTERFLY T-LIGHTS,Electronics,Light,40,167.52,28
72369A,PINK CLEAR GLASS CANDLE PLATE,Home & Living,Plate,67,101.29,14
72484,ROSES IN WHITE HEART CANDLE,Gifts,Heart,1818,991.38,64
72487,ROSES WHITE ROUND CANDLE,Home & Living,Candle,827,355.05,14
72529W,WHITE ADVENT CANDLE,Home & Living,Candle,464,918.75,47
72529w,WHITE ADVENT CANDLE,Home & Living,Candle,1,4.3,1
72586,"S/6 HALLOWEEN GHOST T LIGHTS, 5CM H",Electronics,Light,2309,1014.34,183
72598,SET/12 TAPER CANDLES,Home & Living,Candle,1270,1175.15,158
72606A,BROWN ANTIQUE CUBE CANDLE,Home & Living,Candle,226,94.92,18
72708,SCULPTED ROUND IVORY CANDLE,Home & Living,Candle,44,9.24,5
72709,IVORY SCULPTED RND CANDLE,Home & Living,Candle,92,78.2,13
72715,SPHERICAL IVORY CANDLE,Home & Living,Candle,88,36.96,13
72724,SET/6 CHRISTMAS ICICLE T-LIGHTS,Electronics,Light,36,45.0,10
72728,ROSE SCENT CANDLES IN GLASS,Home & Living,Candle,643,523.15,54
72739B,WHITE CHOCOLATE SCENT CANDLE,Home & Living,Candle,394,328.39,28
72739C,DARK CHOCOLATE SCENTCANDLE,Home & Living,General,326,279.08,23
72740A,LARGE STRAWBERRY CHOCOLATE CANDLE,Home & Living,Candle,65,141.23,12
72740B,LARGE WHITE CHOCOLATE CANDLE,Home & Living,Candle,1,5.06,1
72741,GRAND CHOCOLATECANDLE,Home & Living,General,20178,27915.13,920
72750A,"F.FAIRY S/3 CANDLE/GLASS,LILY/VALLY",Home & Living,Candle,383,766.85,16
72750B,"F.FAIRY S/3 CANDLE/GLASS,LAVENDER",Home & Living,Candle,496,1047.2,39
72750C,"F.FAIRY S/3 CANDLE/GLASS, ROSE",Home & Living,Candle,232,476.4,15
72750D,F.FAIRY S/3 CANDLE/GLASS,Home & Living,Candle,110,226.5,11
72751A,"F.FAIRY S/3 SML CANDLE,LILY/VALLEY",Home & Living,Candle,1,5.95,1
72751B,"F.FAIRY S/3 SML CANDLE, LAVENDER",Home & Living,Candle,1,5.95,1
72751C,"F.FAIRY S/3 SML CANDLE, ROSE",Home & Living,Candle,1,5.95,1
72752A,"F.FAIRY,CANDLE IN GLASS,LILY/VALLEY",Home & Living,Candle,1,4.25,1
72752B,"F.FAIRY,CANDLE IN GLASS,LAVENDER",Home & Living,Candle,3,12.75,2
72753A,S/3 FLWR FAIRY LILLY CANDLES,Home & Living,Candle,315,690.24,14
72753B,S/3 FLWR FAIRY LAVENDER CANDLES,Home & Living,Candle,445,957.73,14
72753C,S/3 FLWR FAIRY ROSE CANDLES,Home & Living,Candle,43,107.68,6
72753D,S/3 FLWR FAIRY SUMMER CANDLES,Home & Living,Candle,144,302.4,9
72754A,FLOWER FAIRY POTPOURRI CUSHION LILY,Home & Living,Cushion,292,201.24,5
72754B,F FAIRY POTPOURRI CUSHIONS LAVENDER,Home & Living,Cushion,170,137.54,8
72754D,F FAIRY POTPOURRI CUSHIONS SUMMER,Home & Living,Cushion,1,1.69,1
72755C,FLOWER FAIRY OIL BURNER SET ROSE,Home & Living,General,592,767.0,14
72755D,FLOWER FAIRY OIL BURNER SET SUMMER,Home & Living,General,533,693.25,13
72756,FAIRY CAKE CANDLES,Home & Living,Candle,4021,5472.89,129
72760B,VINTAGE CREAM 3 BASKET CAKE STAND,Home & Living,Basket,1739,16794.94,494
72771B,BURG FLOCK GOLD CUP/CANDLE,Home & Living,Cup,129,61.94,8
72771C,BLACK FLOCK GOLD CANDLE,Home & Living,Candle,54,42.08,6
72772,SET/4 SCENTED CANDLES IN RAMEKINS,Home & Living,Candle,457,615.84,9
72779,SET/6 BLACK ROSE T-LIGHT CANDLES,Electronics,Light,49,82.81,15
72780,BLACK SILOUETTE CANDLE PLATE,Home & Living,Plate,514,418.18,44
72781,BLACK SILOUETTE CANDLE PLATE,Home & Living,Plate,121,229.5,15
72783,BLACK SIL'T SQU CANDLE PLATE,Home & Living,Plate,43,90.3,9
72785A,S/4 CONTEMPORY PINK ROSEBUD CANDLES,Home & Living,Candle,8,16.8,4
72785B,S/4 CONTEMPORY RED ROSEBUD CANDLES,Home & Living,Candle,9,10.9,3
72789,BASKET/8 SCENTED LOVE TOKEN CANDLES,Home & Living,Candle,122,461.53,45
72793,BLACK BOX MIRROR LANTERN,Gifts,Box,55,268.75,10
72796A,S/3 ENGLISH LAVENDER SQU CANDLE,Home & Living,Candle,11,18.15,5
72796B,S/3 FRENCH VANILLA SQU CANDLE,Home & Living,Candle,27,44.55,12
72796C,S/3 ROSE GARDEN SCENT SQU CANDLE,Home & Living,Candle,1,1.65,1
72798C,SET/4 GARDEN ROSE DINNER CANDLE,Home & Living,Candle,29,54.76,15
72799A,BLACK PILLAR CANDLE SILVER FLOCK,Home & Living,Candle,612,877.8,18
72799B,PURPLE PILLAR CANDLE BLACK FLOCK,Home & Living,Candle,322,467.71,16
72799C,PINK PILLAR CANDLE SILVER FLOCK,Home & Living,Candle,471,783.1,48
72799D,BLUE PILLAR CANDLE SILVER FLOCK,Home & Living,Candle,78,260.67,18
72799E,IVORY PILLAR CANDLE SILVER FLOCK,Home & Living,Candle,1265,2699.22,178
72799F,IVORY PILLAR CANDLE GOLD FLOCK,Home & Living,Candle,1136,2116.01,102
72800A,S/4 BLACK DINNER CANDLE SILVER FLOC,Home & Living,Candle,677,750.91,46
72800B,S/4 PURPLE DINNER CANDLE BLK FLOCK,Home & Living,Candle,1002,1320.13,91
72800C,S/4 PINK DINNER CANDLE SILVER FLOCK,Home & Living,Candle,662,929.94,78
72800D,S/4 BLUE DINNER CANDLE SILVER FLOCK,Home & Living,Candle,651,1071.21,86
72800E,4 IVORY DINNER CANDLES SILVER FLOCK,Home & Living,Candle,1459,2772.4,286
72800F,4 IVORY DINNER CANDLES GOLD FLOCK,Home & Living,Candle,825,1067.84,67
72801C,S/4 ROSE PINK DINNER CANDLES,Home & Living,Candle,720,546.36,56
72801D,S/4 SKY BLUE DINNER CANDLES,Home & Living,Candle,566,462.42,61
72801E,S/4 FESTIVE GREEN DINNER CANDLES,Home & Living,Candle,769,404.75,24
72801F,S/4 FESTIVE RED DINNER CANDLES,Home & Living,Candle,234,292.5,25
72801G,S/4 BURGUNDY WINE DINNER CANDLES,Home & Living,Candle,1337,813.62,64
72801c,S/4 ROSE PINK DINNER CANDLES,Home & Living,Candle,62,153.67,36
72801d,S/4 SKY BLUE DINNER CANDLES,Home & Living,Candle,103,254.98,61
72801e,S/4 FESTIVE GREEN DINNER CANDLES,Home & Living,Candle,7,17.57,4
72801g,S/4 BURGUNDY WINE DINNER CANDLES,Home & Living,Candle,10,25.1,3
72802A,ROSE SCENT CANDLE IN JEWELLED BOX,Gifts,Box,946,3925.9,182
72802B,OCEAN SCENT CANDLE IN JEWELLED BOX,Gifts,Box,1590,4394.94,212
72802C,VANILLA SCENT CANDLE JEWELLED BOX,Gifts,Box,2228,6251.44,269
72802a,ROSE SCENT CANDLE IN JEWELLED BOX,Gifts,Box,9,74.97,4
72802c,VANILLA SCENT CANDLE JEWELLED BOX,Gifts,Box,1,8.29,1
72803A,ROSE SCENT CANDLE JEWELLED DRAWER,Accessories,Jewel,733,1591.75,97
72803B,OCEAN SCENT CANDLE JEWELLED DRAWER,Accessories,Jewel,94,416.38,36
72803b,OCEAN SCENT CANDLE JEWELLED DRAWER,Accessories,Jewel,2,16.94,1
72805,VANILLA CANDLE IN EMBOSSED ZINC POT,Home & Living,Candle,10,16.9,3
72807A,SET/3 ROSE CANDLE IN JEWELLED BOX,Gifts,Box,972,4476.62,216
72807B,SET/3 OCEAN SCENT CANDLE JEWEL BOX,Gifts,Box,1093,4803.03,225
72807C,SET/3 VANILLA SCENTED CANDLE IN BOX,Gifts,Box,2019,8667.49,345
72807a,SET/3 ROSE CANDLE IN JEWELLED BOX,Gifts,Box,9,74.79,6
72807b,SET/3 OCEAN SCENT CANDLE JEWEL BOX,Gifts,Box,26,220.94,19
72807c,SET/3 VANILLA SCENTED CANDLE IN BOX,Gifts,Box,60,511.98,44
72811,SMALL ZINC/GLASS CANDLEHOLDER,Home & Living,Candle,445,340.45,22
72812,LARGE ZINC/GLASS CANDLEHOLDER,Home & Living,Candle,105,288.46,31
72814,SET/3 CHRISTMAS BRIAR CANDLES,Gifts,Christmas,269,979.17,54
72815,3 WICK CHRISTMAS BRIAR CANDLE,Gifts,Christmas,283,1091.83,70
72816,SET/3 CHRISTMAS DECOUPAGE CANDLES,Gifts,Christmas,1456,1826.04,136
72817,SET/2 CHRISTMAS DECOUPAGE CANDLES,Gifts,Christmas,1590,1729.1,214
72818,CHRISTMAS DECOUPAGE CANDLE,Gifts,Christmas,2465,1345.1,127
72819,CUPID DESIGN SCENTED CANDLES,Home & Living,Cup,710,1219.83,92
72821,CUPID SCENTED CANDLE IN GLASS,Home & Living,Cup,61,100.65,14
75011,BLUE DAISY MOBILE,Home & Living,General,181,172.51,15
75013B,"STRING OF 8 BUTTERFLIES,PINK",Home & Living,General,395,677.87,76
75049L,LARGE CIRCULAR MIRROR MOBILE,Accessories,Mirror,13993,13186.31,344
75131,METAL TUBE CHIME ON BAMBOO,Home & Living,General,1220,1549.77,68
75149N,STRING CRYSTALS NATURAL,Home & Living,General,272,340.0,25
75172,PAINTED SEA SHELL METAL WINDCHIME,Home & Living,General,97,100.31,11
75178,ASSTD COL BUTTERFLY/CRYSTAL W/CHIME,Home & Living,General,499,276.43,25
77079,DOLPHIN WINDMILL,Home & Living,General,64,135.68,12
77081,FLOWER WINDMILL,Home & Living,General,242,308.38,33
77101A,UNION FLAG WINDSOCK,Home & Living,General,1088,1263.47,88
78026,SEAGRASS S/3 SQU LAUNDRY BOX,Gifts,Box,12,139.95,2
78027,SEAGRASS S/2 CORNER LAUNDRY,Home & Living,General,6,100.15,5
78033,FLAG OF ST GEORGE CHAIR,Home & Living,General,76,370.6,16
78034B,BLUE NETTING STORAGE HANGER,Home & Living,Hanger,16,31.2,9
78056,CAMOUFLAGE BACKPACK ON WHEELS,Home & Living,General,3,29.85,2
78124,MAGAZINE RACK GEBRA ASSORTED,Home & Living,General,737,987.36,31
79000,MOROCCAN TEA GLASS,Home & Living,Glass,12282,10001.32,436
79026B,"S/4 ICON COASTER,ELVIS LIVES",Home & Living,General,70,90.5,37
79029,GLASS HONEYPOT WASP CATCHER,Home & Living,Glass,2958,5501.12,343
79030A,"TUMBLER, ENGLISH ROSE",Home & Living,General,171,438.25,33
79030D,"TUMBLER, BAROQUE",Home & Living,General,1022,736.6,61
79030G,"TUMBLER, NEW ENGLAND",Home & Living,General,1766,1491.21,121
79051A,SMOKEY GREY COLOUR D.O.F. GLASS,Home & Living,Glass,954,389.3,54
79051a,SMOKEY GREY COLOUR D.O.F. GLASS,Home & Living,Glass,1,6.04,1
79062D,"RETRO TIN ASHTRAY,REVOLUTIONARY",Home & Living,Tin,52,19.4,4
79063C,"RETRO PILL BOX KEY CHAIN,THE KING",Gifts,Box,235,43.65,14
79063D,"RETRO PILL BOX , REVOLUTIONARY",Gifts,Box,190,35.33,11
79065A,TEATIME ROUND CAKE TINS,Home & Living,Tin,4,39.8,1
79066K,RETRO MOD TRAY,Home & Living,General,1434,1250.32,240
79066k,RETRO MOD TRAY,Home & Living,General,27,44.37,16
79067,CORONA MEXICAN TRAY,Home & Living,General,1662,6593.83,396
79070b,ENGLISH ROSE SQUARE CAKE TINS,Home & Living,Tin,1,11.26,1
79071B,ENGLISH ROSE METAL WASTE BIN,Home & Living,General,154,469.1,66
79072,TEATIME CAKE TIN WITH HANDLE,Home & Living,Tin,285,3093.15,107
79140,ASS WINDPROOF MARIJUANA LIGHTERS,Electronics,Light,15,6.3,2
79144B,PAINTED LIGHTBULB STAR+ MOON,Electronics,Light,360,186.91,91
79144C,PAINTED LIGHTBULB RAINBOW DESIGN,Electronics,Light,313,185.18,97
79149B,SILICON STAR BULB  BLUE,Gifts,Star,32,13.44,12
79151B,"SILICON CUBE 25W, BLUE",Home & Living,General,12,5.04,2
79157B,UBO-LIGHT TRIOBASE BLUE,Electronics,Light,5,4.25,3
79157V,UBO-LIGHT TRIOBASE PURPLE,Electronics,Light,5,4.25,3
79160,HEART SHAPE WIRELESS DOORBELL,Gifts,Heart,966,2019.27,210
79161A,ST GEORGE SET OF 10 PARTY LIGHTS,Electronics,Light,51,150.45,16
79163,BLACK CHAMPAGNE GLASS,Home & Living,Glass,1845,1260.63,64
79164,BLACK WINE GLASS,Home & Living,Glass,3689,3247.85,91
79172D,PURPLE TINT ACRYLIC FLOWER VASE,Home & Living,Vase,24,20.4,4
79190A,RETRO PLASTIC 70'S TRAY,Home & Living,General,808,372.67,119
79190B,RETRO PLASTIC POLKA TRAY,Home & Living,General,1503,611.93,136
79190D,RETRO PLASTIC DAISY TRAY,Home & Living,General,657,303.3,112
79191B,RETRO PLASTIC POLKA TRAY,Home & Living,General,485,403.28,70
79191C,RETRO PLASTIC ELEPHANT TRAY,Home & Living,General,1624,1298.01,157
79191D,RETRO PLASTIC DAISY TRAY,Home & Living,General,138,143.87,56
79192A,RETRO PLASTIC 70'S TRAY,Home & Living,General,114,152.64,35
79301,FEATHER HEART LIGHTS,Electronics,Light,1,2.95,1
79302M,"ART LIGHTS,FUNK MONKEY",Electronics,Light,654,1860.6,107
79302m,"ART LIGHTS,FUNK MONKEY",Electronics,Light,4,23.77,4
79303A,WHITE ROHMBIC BLOCK TABLE LAMP,Electronics,Lamp,2,5.9,1
79303B,BLUE STAR BLOCK TABLE LAMP,Electronics,Lamp,109,339.57,10
79303D,LILAC FLOWER BLOCK TABLE LAMP,Electronics,Lamp,78,272.45,19
79308B,MOSAIC CANDLE DISH BLUE PURPLE,Home & Living,Candle,144,122.4,2
79315W,FLYING SAUCER TABLE LIGHT IN WHITE,Electronics,Light,199,611.51,13
79320,FLAMINGO LIGHTS,Electronics,Light,904,4357.38,150
79321,CHILLI LIGHTS,Electronics,Light,16840,85489.91,1135
79323B,BLACK CHERRY LIGHTS,Electronics,Light,243,1572.45,58
79323G,GOLD  CHERRY LIGHTS,Electronics,Light,314,2007.88,61
79323GR,GREEN CHERRY LIGHTS,Electronics,Light,532,3209.36,83
79323LP,LIGHT PINK CHERRY LIGHTS,Electronics,Light,1433,8481.19,170
79323P,PINK CHERRY LIGHTS,Electronics,Light,2281,13787.93,265
79323S,SILVER CHERRY LIGHTS,Electronics,Light,334,2084.32,56
79323W,WHITE CHERRY LIGHTS,Electronics,Light,3004,18048.72,349
79328,BLUE FLOCK GLASS CANDLEHOLDER,Home & Living,Candle,594,260.76,17
79329,PINK FLOCK GLASS CANDLEHOLDER,Home & Living,Candle,100,65.94,7
79331,PINK FLOCK GLASS CANDLEHOLDER,Home & Living,Candle,60,73.6,9
79336,LIGHT PINK FLOCK GLASS CANDLEHOLDER,Electronics,Light,840,369.78,21
79337,BLUE FLOCK GLASS CANDLEHOLDER,Home & Living,Candle,1200,511.93,21
79338,DARK PINK FLOCK GLASS CANDLEHOLDER,Home & Living,Candle,553,252.29,13
79341,WILLOW BRANCH LIGHTS.,Electronics,Light,725,4423.69,79
79342B,BROWN FLOWER LIGHTS,Electronics,Light,119,824.95,34
79342b,BROWN FLOWER LIGHTS,Electronics,Light,1,13.57,1
79403,FROSTED WHITE BASE,Home & Living,General,217,200.68,36
79406,FROSTED WHITE BASE,Home & Living,General,259,65.62,21
79413,GLASS WINE GLASS DECORATIONS,Gifts,Decoration,30,37.5,9
79532,MOSAIC GLASS BALL CANDLEHOLDER,Home & Living,Candle,97,121.25,18
79534,MULTICOLOUR GLASS PLATE,Home & Living,Plate,116,63.8,16
81950B,FLOWER BLUE CLOCK W/SUCKER,Electronics,Clock,217,127.03,34
81950V,FLOWER PURPLE CLOCK W/SUCKER,Electronics,Clock,33,19.09,10
81952B,ROUND BLUE CLOCK W/SUCKER,Electronics,Clock,254,84.56,20
81952V,ROUND PURPLE CLOCK W/SUCKER,Electronics,Clock,466,160.25,46
81953B,ROUND ARTICULATED BLUE CLOCK W/SUCK,Electronics,Clock,14,4.64,6
81953P,ROUND ARTICULATED PINK CLOCK W/SUCK,Electronics,Clock,33,9.57,6
81985A,"ICON ALARM CLOCK,FUSCHIA  PIN UP",Electronics,Clock,23,58.65,7
82001S,VINYL RECORD FRAME SILVER,Home & Living,Frame,2956,10646.87,230
82001s,VINYL RECORD FRAME SILVER,Home & Living,Frame,125,932.98,29
82011A,"BATHROOM SCALES, TROPICAL BEACH",Home & Living,General,59,246.58,34
82011B,BATHROOM SCALES RUBBER DUCKS,Home & Living,General,94,352.55,48
82011C,BATHROOM SCALES FOOTPRINTS IN SAND,Home & Living,General,133,602.68,71
82011E,"BATHROOM SCALES, FAG BREAK",Home & Living,General,2,7.5,2
82069,BEECH WOOD P/FRAME,Home & Living,Frame,17,109.85,11
82072,WHITE WOOD SINGLE P/FRAME,Home & Living,Frame,5,6.25,3
82076,BEECH WOOD PHOTO FRAME,Home & Living,Frame,290,403.64,19
82081,PINK HEARTS PHOTO ALBUM,Gifts,Heart,174,451.35,23
82093,HEART SHAPE BUTTON FRAME,Gifts,Heart,139,283.49,28
82095,HEART BUTTONS JEWELLERY BOX,Gifts,Box,102,616.21,48
82482,WOODEN PICTURE FRAME WHITE FINISH,Home & Living,Frame,17198,42546.58,2006
82483,WOOD 2 DRAWER CABINET WHITE FINISH,Home & Living,Drawer,5103,30213.89,1123
82484,WOOD BLACK BOARD ANT WHITE FINISH,Home & Living,General,11054,62842.02,1176
82486,WOOD S/3 CABINET ANT WHITE FINISH,Home & Living,General,4899,39382.5,1274
82494L,WOODEN FRAME ANTIQUE WHITE,Home & Living,Frame,15645,44796.9,1973
82494l,WOODEN FRAME ANTIQUE WHITE,Home & Living,Frame,424,3545.55,86
82545A,COGNAC AUX OEUFS METAL 1 HOOK,Home & Living,General,31,38.75,11
82551,LAUNDRY 15C METAL SIGN,Home & Living,General,5690,8163.85,751
82552,WASHROOM METAL SIGN,Home & Living,General,7046,9659.57,794
82553,POP'S GREASY SPOON METAL SIGN,Home & Living,General,114,237.73,42
82567,"AIRLINE LOUNGE,METAL SIGN",Home & Living,General,1231,2559.93,489
82578,KITCHEN METAL SIGN,Home & Living,Kitchen,5645,3160.39,704
82580,BATHROOM METAL SIGN,Home & Living,General,13400,7558.36,1336
82581,TOILET METAL SIGN,Home & Living,General,8507,4712.05,913
82582,AREA PATROLLED METAL SIGN,Home & Living,General,7637,15461.77,796
82583,HOT BATHS METAL SIGN,Home & Living,General,13090,28496.81,1176
82585,SWEET VALENCIA CANDLE+CUP,Home & Living,Cup,165,237.15,47
82587,TEXRIO TOMATOES CANDLE+CUP,Home & Living,Cup,133,173.03,40
82597,BOMBS AWAY METAL SIGN,Home & Living,General,1236,2624.26,215
82599,FANNY'S REST STOPMETAL SIGN,Home & Living,General,2585,5706.52,506
82600,NO SINGING METAL SIGN,Home & Living,General,12908,26212.86,1201
82605,OLD DOC.RUSSEL METAL SIGN,Home & Living,General,270,599.27,125
82607A,GLASS BONBON JAR PARFUME AUX FLEURE,Home & Living,Glass,670,932.47,159
82607C,GLASS BONBON JAR. SUPERFINES,Home & Living,Glass,115,175.61,43
82607E,GLASS BONBON JAR. D'AMANDES,Home & Living,Glass,101,126.25,25
82613A,"METAL SIGN,CUPCAKE SINGLE HOOK",Home & Living,Cup,533,718.72,116
82613B,"METAL SIGN,CUPCAKE SINGLE HOOK",Home & Living,Cup,905,1005.64,223
82613C,"METAL SIGN,CUPCAKE SINGLE HOOK",Home & Living,Cup,776,833.81,187
82613D,METAL SIGN CUPCAKE SINGLE HOOK,Home & Living,Cup,1198,1309.46,271
82613a,"METAL SIGN,CUPCAKE SINGLE HOOK",Home & Living,Cup,3,7.48,3
82613b,"METAL SIGN,CUPCAKE SINGLE HOOK",Home & Living,Cup,14,35.04,11
82613c,"METAL SIGN,CUPCAKE SINGLE HOOK",Home & Living,Cup,13,32.48,12
82615,PINK MARSHMALLOW SCARF KNITTING KIT,Accessories,Scarf,619,1698.72,90
82616A,BUBBLE GUM SCARF KNITTING KIT,Accessories,Scarf,316,624.21,52
82616B,FRAPPUCINO SCARF KNITTING KIT,Accessories,Scarf,614,1000.27,126
82616C,MIDNIGHT GLAMOUR SCARF KNITTING KIT,Accessories,Scarf,640,1045.94,142
84006,MAGIC TREE -PAPER FLOWERS,Home & Living,General,1964,1844.45,212
84007,MAGIC GARDEN MOUNT FUJI,Home & Living,Garden,159,418.22,39
84012,MAGIC SHEEP WOOL GROWING FROM PAPER,Home & Living,General,1841,2638.63,179
84016,FLAG OF ST GEORGE CAR FLAG,Home & Living,General,1004,3791.67,62
84029C,BROWN FURRY HOT WATER BOTTLE,Home & Living,Bottle,204,766.19,48
84029D,LEOPARD PRINT HOT WATER BOTTLE,Home & Living,Bottle,51,183.98,15
84029E,RED WOOLLY HOTTIE WHITE HEART.,Gifts,Heart,11830,47737.38,1145
84029G,KNITTED UNION FLAG HOT WATER BOTTLE,Home & Living,Bottle,7343,32054.49,1009
84029c,BROWN FURRY HOT WATER BOTTLE,Home & Living,Bottle,1,7.78,1
84030B,KNITTED POM POM HOT WATER BOTTLE,Home & Living,Bottle,5,18.75,3
84030C,KNITTED RAINBOW HOT WATER BOTTLE,Home & Living,Bottle,21,82.78,6
84030E,ENGLISH ROSE HOT WATER BOTTLE,Home & Living,Bottle,2252,9625.51,485
84030b,KNITTED POM POM HOT WATER BOTTLE,Home & Living,Bottle,1,8.46,1
84030c,KNITTED RAINBOW HOT WATER BOTTLE,Home & Living,Bottle,32,248.0,13
84030e,ENGLISH ROSE HOT WATER BOTTLE,Home & Living,Bottle,128,1047.16,46
84031A,CHARLIE+LOLA RED HOT WATER BOTTLE,Home & Living,Bottle,1153,4706.52,314
84031B,CHARLIE LOLA BLUE HOT WATER BOTTLE,Home & Living,Bottle,868,3428.64,271
84031a,CHARLIE+LOLA RED HOT WATER BOTTLE,Home & Living,Bottle,1,16.63,1
84031b,CHARLIE LOLA BLUE HOT WATER BOTTLE,Home & Living,Bottle,1,16.63,1
84032A,CHARLIE+LOLA PINK HOT WATER BOTTLE,Home & Living,Bottle,3427,9427.62,662
84032B,CHARLIE + LOLA RED HOT WATER BOTTLE,Home & Living,Bottle,3430,8228.09,601
84033,FLAG OF ST GEORGE,Home & Living,General,393,737.03,49
84050,PINK HEART SHAPE EGG FRYING PAN,Gifts,Heart,10529,15443.92,715
84051,ASS COLOUR GLOWING TIARAS,Home & Living,General,761,620.73,60
84077,WORLD WAR 2 GLIDERS ASSTD DESIGNS,Home & Living,General,110138,25259.9,1019
84078A,SET/4 WHITE RETRO STORAGE CUBES,Home & Living,Storage,1129,43921.51,328
84081,WHITE CERAMIC PARTY SET (5PCS),Home & Living,General,100,389.3,20
84086B,YELLOW/BLUE RETRO RADIO,Electronics,Radio,24,70.8,12
84086C,PINK/PURPLE RETRO RADIO,Electronics,Radio,305,913.39,88
84192,ASSORTED COLOUR METAL CAT,Home & Living,General,245,294.85,38
84199,GLOW IN DARK DOLPHINS,Home & Living,General,558,121.92,69
84201B,HAPPY BIRTHDAY CARD STRIPEY TEDDY,Gifts,Card,39,7.41,8
84201C,HAPPY BIRTHDAY CARD TEDDY/CAKE,Gifts,Card,10,1.9,3
84205C,HAPPY BIRTHDAY GINGER CAT CARD,Gifts,Card,2,0.38,1
84206A,3 BLACK CATS W HEARTS BLANK CARD,Gifts,Card,79,15.01,9
84206B,CAT W SUNGLASSES BLANK CARD,Gifts,Card,9,1.71,2
84206C,CHAMPAGNE TRAY BLANK CARD,Gifts,Card,10,1.9,4
84212,"ASSORTED FLOWER COLOUR ""LEIS""",Home & Living,General,24801,11966.04,277
84218,BOX/12 CHICK & EGG IN BASKET,Gifts,Box,263,507.41,96
84219,BOX/12 MOTHER & CHICK IN BASKET/BOW,Gifts,Box,140,311.51,28
84226,HEN HOUSE W FAMILY IN BARN & NEST,Home & Living,General,77,58.31,18
84227,HEN HOUSE W CHICK IN NEST,Home & Living,General,112,47.04,13
84228,HEN HOUSE W CHICK STANDING,Home & Living,General,356,157.75,46
84231,EASTER BUNNY WITH BASKET ON BACK,Home & Living,Basket,230,166.21,50
84247C,PACK/12 BLUE REINDEER CARD,Gifts,Card,73,215.35,22
84247E,PACK/12 XMAS FUN CARD,Gifts,Card,386,1093.55,96
84247G,"DECOUPAGE,GREETING CARD,",Gifts,Card,1511,643.84,107
84247H,PACK/12 DECOUPAGE CARD,Gifts,Card,42,109.13,20
84247J,PACK/12 RUSSIAN DOLL CARDS,Gifts,Card,10,12.78,9
84247K,"FOLK ART GREETING CARD,pack/12",Gifts,Card,77,239.38,28
84247L,FAWN AND MUSHROOM GREETING CARD,Gifts,Card,1173,513.33,110
84247N,PACK/12 BLUE FOLKART CARDS,Gifts,Card,115,303.38,53
84249A,"GREETING CARD,SQUARE, DOUGHNUTS",Gifts,Card,252,113.22,34
84249D,FAIRY CAKE GREETINGS CARD,Gifts,Card,835,352.34,64
84250M,"GREETING CARD, BLACKPOOL ROCK",Gifts,Card,28,15.9,13
84251B,"GREETING CARD, STICKY GORDON",Gifts,Card,321,86.54,61
84251C,"GREETING CARD, TWO SISTERS.",Gifts,Card,259,78.96,53
84251F,"GREETING CARD, RITA",Gifts,Card,341,83.97,50
84251G,"GREETING CARD, OVERCROWDED POOL.",Gifts,Card,474,128.6,91
84251J,"GREETING CARD, THE BLACK CAT",Gifts,Card,74,37.04,17
84255A,PINK GLASS COCKTAIL LAMP,Electronics,Lamp,2,4.2,2
84255B,ORANGE COCKTAIL GLASS LAMP,Electronics,Lamp,66,192.26,18
84270,ASSTD DESIGN BUBBLE GUM RING,Accessories,Ring,23013,4840.47,476
84279B,CHERRY BLOSSOM DECORATIVE FLASK,Home & Living,General,811,3088.17,215
84279P,CHERRY BLOSSOM  DECORATIVE FLASK,Home & Living,General,1157,4540.55,299
84288B,SET/2 BLUE  NOODLE BASKETS,Home & Living,Basket,62,120.9,24
84292,ROSE PINK METAL FOLDING CHAIR,Home & Living,General,44,385.98,14
84292B,BLUE COL METAL FOLDING CHAIR,Home & Living,General,9,59.75,5
84306,S/3 PINK SQUARE PLANTERS ROSES,Home & Living,General,48,557.48,31
84311,CAMOFLAGE CUSHION COVER,Home & Living,Cushion,11,18.15,1
84313A,PINK TV TRAY TABLE,Home & Living,General,38,212.42,19
84313B,BLUE TV TRAY TABLE,Home & Living,General,229,1198.0,83
84313C,ORANGE TV TRAY TABLE,Home & Living,General,548,1442.39,73
84327A,PINK JUMPER LARRY THE LAMB,Home & Living,General,961,1824.47,123
84340,LARGE FIBRE OPTIC CHRISTMAS TREE,Gifts,Christmas,21,65.76,11
84341B,SMALL PINK MAGIC CHRISTMAS TREE,Gifts,Christmas,1791,954.32,121
84347,ROTATING SILVER ANGELS T-LIGHT HLDR,Electronics,Light,32525,74448.92,756
84352,SILVER CHRISTMAS TREE BAUBLE STAND,Gifts,Christmas,216,3684.13,126
84356,POMPOM CURTAIN,Home & Living,General,751,3777.99,133
84358,FLOOR LAMP SHADE WOOD BASE,Electronics,Lamp,122,1107.43,29
84360,TABLE LAMP WHITE SHADE WOOD BASE,Electronics,Lamp,217,1136.19,40
84366,VENDETTA CANVAS PICTURE,Home & Living,General,3,11.25,3
84367,LA STREGA CANVAS PICTURE,Home & Living,General,74,126.3,8
84371,BIG PINK POODLE,Home & Living,General,30,257.1,6
84375,SET OF 20 KIDS COOKIE CUTTERS,Home & Living,General,7909,16504.32,796
84378,SET OF 3 HEART COOKIE CUTTERS,Gifts,Heart,11784,15596.13,1248
84380,SET OF 3 BUTTERFLY COOKIE CUTTERS,Home & Living,General,10540,14338.18,1114
84387A,BIRD ON BRANCH CANVAS SCREEN,Home & Living,General,11,21.45,1
84388,WISE MAN STAR SHAPE EGG PAN,Gifts,Star,73,93.99,22
84396,6 HOOK JEWELLERY STAND BLACK DRESS,Accessories,Jewel,552,1380.52,49
84402B,PURPLE DRESS JEWELLERY STAND,Accessories,Jewel,63,54.09,4
84402D,PINK DRESS JEWELLERY STAND,Accessories,Jewel,373,358.93,13
84405A,S/3 PINK COL METAL BASKET W HANDLE,Home & Living,Basket,129,1042.16,50
84406B,CREAM CUPID HEARTS COAT HANGER,Gifts,Heart,7384,23820.8,841
84406b,CREAM CUPID HEARTS COAT HANGER,Gifts,Heart,2,13.82,2
84414B,FUSCHIA/GREEN STRIPE WOOLLY BLANKET,Home & Living,General,78,536.24,9
84415A,PINK FLOCK SUEDE CUSHION COVER,Home & Living,Cushion,27,71.25,6
84415B,BLUE FLOCK CUSHION COVER,Home & Living,Cushion,26,87.5,7
84422,PINK/BLUE DISC/MIRROR STRING,Accessories,Mirror,783,429.61,38
84424A,FOUR PICTURE WHITE GLASS FRAME,Home & Living,Frame,23,86.25,10
84425A,WHITE GLASS TV TRIPLE FRAME,Home & Living,Frame,18,76.6,9
84427B,BLACK GLASS TV DOUBLE P/FRAME 15X10,Home & Living,Frame,17,72.25,5
84429A,MEDIUM PINK BUDDHA HEAD,Home & Living,General,112,386.55,42
84437A,S/6 PINK EASTER DECS IN BOX,Gifts,Box,106,90.95,18
84447,6 RABBIT CHAIN EASTER,Home & Living,General,70,73.27,19
84450A,PINK RABBIT SITTING EASTER,Home & Living,General,52,24.18,5
84450B,YELLOW RABBIT SAT EASTER,Home & Living,General,139,84.55,35
84452,METAL RABBIT LADDER EASTER,Home & Living,General,198,186.16,44
84454,WOBBLING METAL CHICKEN EASTER,Home & Living,General,93,85.53,18
84455,SET OF 3 RABBIT CARROTS EASTER,Home & Living,General,86,78.81,20
84456,SET OF 3 RABBIT EGG EASTER,Home & Living,General,37,33.15,16
84457,SET/3 RABBITS FLOWER SKIPPPING ROPE,Home & Living,General,293,280.43,64
84458,S/3 RABBIT FLOWER/EGG/CARROT ROPE,Home & Living,General,124,105.4,20
84459A,PINK METAL CHICKEN HEART,Gifts,Heart,1272,2066.32,201
84459B,YELLOW METAL CHICKEN HEART,Gifts,Heart,1480,2358.57,213
84461,12 PINK HEN+CHICKS IN BASKET,Home & Living,Basket,99,253.79,40
84462,3 PINK HEN+CHICKS IN BASKET,Home & Living,Basket,100,114.86,14
84464,S/60 PINK FLUFFY CHICKS IN BOX,Gifts,Box,83,181.65,11
84465,15 PINK FLUFFY CHICKS IN BOX,Gifts,Box,33,99.46,23
84466,TOP SECRET PEN SET,Home & Living,General,1259,1352.11,73
84467,ENGLISH ROSE DESIGN QUILTED THROW,Home & Living,General,816,17477.66,83
84469,ROSE DES PADDED FLOOR CUSHION,Home & Living,Cushion,664,2249.41,44
84472,PINK AND LILAC QUILTED THROW,Home & Living,General,87,3402.32,30
84482,BUTTONS DESIGN JEWELLERY BOX,Gifts,Box,76,296.77,32
84493,BLUE/PINK NEST STRIPE BOX,Gifts,Box,1142,111.12,5
84497,BUTTONS AND STRIPES NOTEBOOK,Home & Living,General,100,398.38,37
84499,BLACK FLOWER CANDLE PLATE,Home & Living,Plate,326,272.17,41
84507B,STRIPES DESIGN MONKEY DOLL,Home & Living,General,1349,1764.03,115
84507C,BLUE CIRCLES DESIGN MONKEY DOLL,Home & Living,General,435,639.74,70
84508A,CAMOFLAGE DESIGN TEDDY,Gifts,Teddy,3811,8096.58,108
84508B,STRIPES DESIGN TEDDY,Gifts,Teddy,178,476.71,74
84508C,BLUE CIRCLES DESIGN TEDDY,Gifts,Teddy,109,297.63,43
84509A,ENGLISH ROSE PLACEMATS,Home & Living,General,1535,5962.14,404
84509B,FAIRY CAKE PLACEMATS,Home & Living,General,657,2486.54,196
84509C,DOTTY PLACEMATS,Home & Living,General,279,1097.33,96
84509E,CAROUSEL PLACEMATS,Home & Living,General,161,323.36,32
84509F,NEW ENGLAND PLACEMATS,Home & Living,General,2781,2456.1,46
84509G,FAIRY CAKE PLACEMATS,Home & Living,General,806,2060.45,159
84509a,ENGLISH ROSE PLACEMATS,Home & Living,General,113,844.74,75
84509b,SET OF 4 FAIRY CAKE PLACEMATS,Home & Living,General,5,37.3,4
84509c,DOTTY PLACEMATS,Home & Living,General,73,550.98,44
84509e,SET OF 4 CAROUSEL PLACEMATS,Home & Living,General,2,15.24,1
84509g,SET OF 4 FAIRY CAKE PLACEMATS,Home & Living,General,2,14.92,2
84510A,SET OF 4 ENGLISH ROSE COASTERS,Home & Living,General,2439,3309.21,474
84510B,SET OF 4 FAIRY CAKES COASTERS,Home & Living,General,1187,1501.05,147
84510C,SET OF 4 POLKADOTS COASTERS,Home & Living,General,277,406.6,101
84510E,SET OF 4 GREEN CAROUSEL COASTERS,Home & Living,General,148,117.77,28
84510F,SET OF 4 NEW ENGLAND COASTERS,Home & Living,General,1101,435.25,38
84510a,SET OF 4 ENGLISH ROSE COASTERS,Home & Living,General,76,188.21,58
84510b,SET OF 4 FAIRY CAKES COASTERS,Home & Living,General,1,2.15,1
84510c,SET OF 4 POLKADOTS COASTERS,Home & Living,General,59,146.39,34
84510e,SET OF 4 GREEN CAROUSEL COASTERS,Home & Living,General,14,35.09,6
84519A,TOMATO CHARLIE+LOLA COASTER SET,Home & Living,General,1208,2815.01,203
84519B,CARROT CHARLIE+LOLA COASTER SET,Home & Living,General,871,1905.47,214
84520B,PACK 20 ENGLISH ROSE PAPER NAPKINS,Home & Living,General,7465,6389.42,722
84520D,PACK OF 20 FAIRY CAKE PAPER NAPKINS,Home & Living,General,701,641.17,94
84520b,PACK 20 ENGLISH ROSE PAPER NAPKINS,Home & Living,General,110,257.4,10
84522,PINK PARTY SUNGLASSES,Home & Living,General,187,313.81,26
84526,GIANT BLACK SUNGLASSES,Home & Living,General,538,1503.64,34
84527,FLAMES SUNGLASSES PINK LENSES,Home & Living,General,79,150.01,22
84529A,PINK KNITTED KIDS RUCKSACK,Home & Living,General,50,290.78,19
84529B,BLUE KNITTED KID'S RUCKSACK,Home & Living,General,13,62.35,5
84529C,YELLOW KNITTED KIDS RUCKSACK,Home & Living,General,78,414.74,37
84531A,PINK KNITTED EGG COSY,Home & Living,General,197,181.06,45
84531B,BLUE KNITTED EGG COSY,Home & Living,General,201,177.66,42
84532B,FAIRY CAKES RECTANGLUAR BOXES,Gifts,Box,54,417.58,31
84533B,FAIRY CAKES ROUND NESTING BOXES,Gifts,Box,59,377.93,24
84534B,FAIRY CAKE NOTEBOOK A5 SIZE,Home & Living,General,871,825.43,187
84534b,FAIRY CAKE NOTEBOOK A5 SIZE,Home & Living,General,6,9.96,4
84535A,ENGLISH ROSE NOTEBOOK A6 SIZE,Home & Living,General,607,346.93,64
84535B,FAIRY CAKES NOTEBOOK A6 SIZE,Home & Living,General,2712,1767.18,327
84536A,ENGLISH ROSE NOTEBOOK A7 SIZE,Home & Living,General,5198,2349.58,613
84536B,FAIRY CAKES NOTEBOOK A7 SIZE,Home & Living,General,3541,1583.91,399
84536a,ENGLISH ROSE NOTEBOOK A7 SIZE,Home & Living,General,25,19.97,12
84536b,FAIRY CAKES NOTEBOOK A7 SIZE,Home & Living,General,13,10.53,4
84537B,FAIRY CAKES GIFT BAG,Gifts,Gift,117,49.14,11
84539,KNITTED RABBIT DOLL,Home & Living,General,68,112.2,11
84546,CROCHET POODLE KEYRING,Accessories,Keyring,21,34.65,3
84548,CROCHET BEAR RED/BLUE  KEYRING,Accessories,Keyring,48,79.2,13
84549,CROCHET WHITE RABBIT KEYRING,Accessories,Keyring,75,137.27,16
84550,CROCHET LILAC/RED BEAR KEYRING,Accessories,Keyring,15,24.75,5
84551,CROCHET DOG KEYRING,Accessories,Keyring,39,64.35,8
84555A,YELLOW VW BEETLE CERAMIC MONEY BOX,Gifts,Box,47,133.85,16
84558A,3D DOG PICTURE PLAYING CARDS,Gifts,Card,1324,3825.78,199
84558a,3D DOG PICTURE PLAYING CARDS,Gifts,Card,23,136.99,19
84559A,3D SHEET OF DOG STICKERS,Home & Living,General,1359,1227.51,230
84559B,3D SHEET OF CAT STICKERS,Home & Living,General,1234,1102.02,195
84559D,3D SHEET OF SEA WORLD STICKERS,Home & Living,General,149,128.41,31
84559a,3D SHEET OF DOG STICKERS,Home & Living,General,59,99.08,40
84559b,3D SHEET OF CAT STICKERS,Home & Living,General,33,55.23,25
84559d,3D SHEET OF SEA WORLD STICKERS,Home & Living,General,2,3.38,1
84562A,PINK/WHITE RIBBED MELAMINE JUG,Home & Living,General,171,1394.16,78
84562B,BLUE/WHITE RIBBED MELAMINE JUG,Home & Living,General,10,106.59,7
84563A,PINK & WHITE BREAKFAST TRAY,Home & Living,General,142,703.0,62
84563B,BLUE & WHITE BREAKFAST TRAY,Home & Living,General,133,607.79,59
84564,6 SEGMENT COLOURED SNACK BOWL,Gifts,Bow,21,175.48,11
84567,FROSTED GLASS WITH SILVER SURROUND,Home & Living,Glass,9,14.85,1
84568,GIRLS ALPHABET IRON ON PATCHES,Home & Living,General,38574,8062.71,310
84569A,PACK 3 IRON ON DOG PATCHES,Home & Living,General,576,722.44,112
84569B,PACK 3 FIRE ENGINE/CAR PATCHES,Home & Living,General,463,594.68,76
84569C,PACK 4 FLOWER/BUTTERFLY PATCHES,Home & Living,General,415,584.93,89
84569D,PACK 6 HEART/ICE-CREAM PATCHES,Gifts,Heart,1059,1335.06,179
84570B,WHITE SATIN DRESS JEWEL STAND,Accessories,Jewel,4,19.8,2
84572,6 HOOK JEWEL STAND LILAC DRESS,Accessories,Jewel,1,8.49,1
84575A,PINK DOG CANNISTER,Home & Living,General,24,98.8,13
84575B,BROWN DOG CANNISTER W BONE,Home & Living,General,4,23.8,3
84576,BLUE CAT BISCUIT BARREL PINK HEART,Gifts,Heart,96,337.04,32
84578,ELEPHANT TOY WITH BLUE T-SHIRT,Gifts,Toy,223,858.66,112
84580,MOUSE TOY WITH PINK T-SHIRT,Gifts,Toy,1086,4163.45,442
84581,DOG TOY WITH PINK CROCHET SKIRT,Gifts,Toy,513,1947.65,234
84582,PINK CROCHET CAT WITH SCARF,Accessories,Scarf,15,63.75,11
84584,PINK GINGHAM CAT WITH SCARF,Accessories,Scarf,282,696.75,75
84586L,"PINK ROSES/GINGHAM PATCH RABBIT 8""",Home & Living,General,15,44.25,9
84592,CROCHET ROSE PURSE WITH SUEDE BACK,Accessories,Purse,175,542.3,47
84593,CROCHET ROSE DES CLOTHES HANGER,Home & Living,Hanger,26,76.7,7
84595B,LARGE TRIFLE DESIGN L BLUE BOWL,Gifts,Bow,230,408.9,16
84595E,LARGE TORTILLA DESIGN RED BOWL,Gifts,Bow,367,723.57,43
84596B,SMALL DOLLY MIX DESIGN ORANGE BOWL,Gifts,Bow,6301,4131.54,725
84596E,SMALL LICORICE DES PINK BOWL,Gifts,Bow,1136,1149.52,201
84596F,SMALL MARSHMALLOWS PINK BOWL,Gifts,Bow,4743,3218.6,600
84596G,SMALL CHOCOLATES PINK BOWL,Gifts,Bow,2233,1448.67,348
84596I,WRAP SWEETS LIGHT PINK SMALL BOWL,Electronics,Light,72,80.62,10
84596J,MIXED NUTS LIGHT GREEN BOWL,Electronics,Light,814,629.26,138
84596K,JELLY BABIES YELLOW SMALL BOWL,Gifts,Bow,428,543.41,93
84596L,BISCUITS SMALL BOWL LIGHT BLUE,Electronics,Light,1543,1023.14,255
84596b,SMALL DOLLY MIX DESIGN ORANGE BOWL,Gifts,Bow,13,32.63,8
84596e,SMALL LICORICE DES PINK BOWL,Gifts,Bow,35,87.85,17
84596f,SMALL MARSHMALLOWS PINK BOWL,Gifts,Bow,19,46.89,14
84596g,SMALL CHOCOLATES PINK BOWL,Gifts,Bow,5,12.4,2
84596j,MIXED NUTS LIGHT GREEN BOWL,Electronics,Light,2,5.02,2
84596l,BISCUITS SMALL BOWL LIGHT BLUE,Electronics,Light,1,2.46,1
84597B,RETRO BROWN BALL ASHTRAY,Home & Living,General,205,259.37,27
84597C,RETRO PINK BALL ASHTRAY,Home & Living,General,365,452.23,44
84598,BOYS ALPHABET IRON ON PATCHES,Home & Living,General,20799,4360.46,217
84599,CANDY STRIPE ROSE FLOOR CUSHION,Home & Living,Cushion,15,160.15,6
84600,NEW BAROQUE JEWELLERY BOX,Gifts,Box,108,918.27,52
84601A,NEW BAROQUE IVORY CUSHION COVER,Home & Living,Cushion,260,638.34,15
84608,ORNATE EDWARDIAN CANDLE HOLDER,Home & Living,Candle,6,47.7,4
84609,TALL ROCOCO CANDLE HOLDER,Home & Living,Candle,144,1306.22,38
84611B,BLACK NEW BAROQUE FLOCK BOX,Gifts,Box,7,41.65,4
84612B,SET/4 BLACK  BAROQUE FLOCK COASTER,Home & Living,General,20,51.0,4
84613A,PINK NEW BAROQUE FLOCK CANDLESTICK,Home & Living,Candle,22,102.3,10
84613C,BLUE NEW BAROQUE FLOCK CANDLESTICK,Home & Living,Candle,63,262.71,12
84614A,PINK BAROQUE FLOCK CANDLE HOLDER,Home & Living,Candle,19,136.73,10
84614C,BLUE BAROQUE FLOCK CANDLE HOLDER,Home & Living,Candle,3,17.85,1
84615,PINK ROUND BUTTERFLY MIRROR,Accessories,Mirror,240,748.48,21
84616,SILVER ROCCOCO CHANDELIER,Home & Living,General,72,1472.62,25
84617,NEW BAROQUE BLACK BOXES,Gifts,Box,11,140.25,7
84619,BLUE GINGHAM ROSE QUILT,Home & Living,General,72,1622.96,29
84620,BLUE GINGHAM ROSE CUSHION COVER,Home & Living,Cushion,123,758.51,50
84621,BLUE GINGHAM ROSE FLOOR CUSHION,Home & Living,Cushion,29,247.26,15
84622,PINK GINGHAM ROSE CUSHION COVER,Home & Living,Cushion,23,152.6,9
84623,PINK GINGHAM ROSE FLOOR CUSHION,Home & Living,Cushion,56,310.44,14
84625A,PINK NEW BAROQUECANDLESTICK CANDLE,Home & Living,Candle,861,1287.49,81
84625B,BLCK NEW BAROQUE CANDLESTICK CANDLE,Home & Living,Candle,180,279.0,17
84625C,BLUE NEW BAROQUE CANDLESTICK CANDLE,Home & Living,Candle,804,1130.37,71
84625D,WHITE NEWBAROQUE CANDLESTICK CANDLE,Home & Living,Candle,651,796.29,51
84626,CANDY STRIPE ROSE QUILT,Home & Living,General,1,45.95,1
84627,CANDY STRIPE ROSE C/COVER,Home & Living,General,51,303.45,19
84629,WHITE 3 FRAME BIRDS AND TREE,Home & Living,Frame,24,237.8,13
84630,FLOWERS AND BIRDS WALL PLAQUE,Home & Living,General,2,15.9,1
84631,FRUIT TREE AND BIRDS WALL PLAQUE,Home & Living,General,289,1114.11,50
84632,DECORATIVE HANGING SHELVING UNIT,Home & Living,General,15,859.25,11
84637,KITCHEN FLOWER POTS WALL PLAQUE,Home & Living,Kitchen,586,1467.21,114
84638,SMALL KITCHEN FLOWER POTS PLAQUE,Home & Living,Kitchen,400,1101.55,69
84648,NEW BAROQUE WALL MIRROR,Accessories,Mirror,1,12.75,1
84653,GREEN ROSE QUILT,Home & Living,General,14,750.48,12
84656,WHITE ROSE C/COVER,Home & Living,General,22,130.9,13
84657,GREEN ROSE CUSHION COVER,Home & Living,Cushion,247,523.43,20
84658,WHITE STITCHED CUSHION COVER,Home & Living,Cushion,231,1317.81,64
84659A,WHITE TRAVEL ALARM CLOCK,Electronics,Clock,611,1527.32,224
84660A,WHITE STITCHED WALL CLOCK,Electronics,Clock,860,855.26,51
84660B,BLACK STITCHED WALL CLOCK,Electronics,Clock,747,901.06,61
84660C,PINK STITCHED WALL CLOCK,Electronics,Clock,726,995.6,85
84660a,WHITE STITCHED WALL CLOCK,Electronics,Clock,7,52.7,5
84660b,BLACK STITCHED WALL CLOCK,Electronics,Clock,8,60.8,6
84660c,PINK STITCHED WALL CLOCK,Electronics,Clock,34,256.84,28
84661A,WHITE SQUARE TABLE CLOCK,Electronics,Clock,222,308.99,43
84661B,BLACK SQUARE TABLE CLOCK,Electronics,Clock,244,535.28,51
84661C,PINK SQUARE TABLE CLOCK,Electronics,Clock,150,179.75,25
84661a,WHITE SQUARE TABLE CLOCK,Electronics,Clock,2,10.02,2
84661b,BLACK SQUARE TABLE CLOCK,Electronics,Clock,1,4.96,1
84661c,PINK SQUARE TABLE CLOCK,Electronics,Clock,2,10.12,2
84663A,GRASS HOPPER WOODEN WALL CLOCK,Electronics,Clock,377,770.11,64
84664,CHERRY BLOSSOM BATHROOM CABINET,Home & Living,General,193,955.35,51
84665,SQUARE CHERRY BLOSSOM CABINET,Home & Living,General,230,1388.5,47
84666,SQUARE CHERRY BLOSSOM CABINET,Home & Living,General,226,892.7,33
84670,JAPANESE CROCHETED ANIMAL,Home & Living,General,5223,2140.06,182
84671B,CROCHET BEAR WITH BLUE STRIPES,Home & Living,General,111,311.87,32
84673A,PINK FLY SWAT,Home & Living,General,502,316.14,99
84673B,BLUE FLY SWAT,Home & Living,General,510,398.38,133
84674,FLYING PIG WATERING CAN,Home & Living,General,468,1202.49,106
84675,FROG KING WATERING CAN,Home & Living,General,206,571.71,62
84676,BATH DUCK WATERING CAN,Home & Living,General,848,2102.46,110
84678,CLASSICAL ROSE SMALL VASE,Home & Living,Vase,623,1196.29,81
84679,CLASSICAL ROSE TABLE LAMP,Electronics,Lamp,14,103.3,4
84680,CLASSICAL ROSE URN,Home & Living,General,94,372.3,17
84682,CLASSICAL ROSE DISH,Home & Living,General,295,596.94,49
84683,CLASSICAL ROSE CANDLESTAND,Home & Living,Candle,564,551.86,46
84684,BEACH HUT PHOTO FRAME,Home & Living,Frame,609,720.7,40
84685,BEACH HUT KEY CABINET,Home & Living,General,439,1388.91,125
84686,BEACH HUT MIRROR,Accessories,Mirror,389,1027.79,76
84687,BEACH HUT SHELF W 3 DRAWERS,Home & Living,Drawer,315,1214.01,73
84688,BEACH HUT DESIGN BLACKBOARD,Home & Living,General,422,1313.52,81
84689,S/2 BEACH HUT TREASURE CHESTS,Home & Living,General,312,742.9,40
84690,S/2 BEACH HUT STOOLS,Home & Living,General,28,222.6,14
84691,PACK 20 DOLLY PEGS,Home & Living,General,2754,2231.45,235
84692,BOX OF 24 COCKTAIL PARASOLS,Gifts,Box,19467,9530.48,1122
84705A,ENGLISH ROSE PHOTO FRAME,Home & Living,Frame,15,69.75,7
84705B,FAIRY CAKES PHOTO FRAME,Home & Living,Frame,84,113.27,3
84705C,PINK FLOCK PHOTO FRAME,Home & Living,Frame,162,227.33,8
84705D,CHERRY BLOSSOM PHOTO FRAME,Home & Living,Frame,22,97.9,14
84705F,RED PEONY PHOTO FRAME,Home & Living,Frame,10,46.5,5
84705b,FAIRY CAKES PHOTO FRAME,Home & Living,Frame,2,6.86,2
84706A,ENGLISH ROSE TABLE CLOCK,Electronics,Clock,137,325.88,7
84706B,FAIRY CAKES TABLE CLOCK,Electronics,Clock,20,188.73,9
84706C,PINK FLOCK TABLE CLOCK,Electronics,Clock,84,170.8,4
84706D,CHERRY BLOSSOM TABLE CLOCK,Electronics,Clock,221,518.09,16
84706F,RED PEONY TABLE CLOCK,Electronics,Clock,34,208.3,17
84707A,SILVER JEWELLED MIRROR TRINKET TRAY,Accessories,Jewel,130,1095.63,64
84707B,PINK JEWELLED MIRROR TRINKET TRAY,Accessories,Jewel,81,636.94,51
84708B,PINK JEWELLED PHOTO FRAME,Accessories,Jewel,142,732.79,53
84709A,SILVER OVAL JEWELLED MIRROR,Accessories,Jewel,25,148.75,13
84709B,PINK OVAL JEWELLED MIRROR,Accessories,Jewel,179,1032.33,86
84711A,SILVER OVAL SHAPE TRINKET BOX,Gifts,Box,44,410.85,24
84711B,PINK OVAL SHAPE TRINKET BOX,Gifts,Box,39,357.71,30
84712B,PINK JEWELLED PHOTO FRAME,Accessories,Jewel,101,791.01,60
84715,SET OF 6 ICE CREAM SKITTLES,Home & Living,General,241,734.89,47
84720,DOT MATRIX CANVAS ART PICTURE,Home & Living,Mat,35,147.05,3
84721,MANHATTAN CANVAS ART PICTURE,Home & Living,General,20,87.8,2
84723,CHERRY BLOSSOM CANVAS ART PICTURE,Home & Living,General,54,201.3,12
84725,FREESTYLE CANVAS ART PICTURE,Home & Living,General,135,220.75,29
84726,LILLIES CANVAS PICTURE,Home & Living,General,233,394.85,5
84731,3 BIRDS CANVAS SCREEN,Home & Living,General,3,3.69,3
84732B,CUTE BIRD CEATURE SCREEN,Home & Living,General,28,18.48,6
84732D,CUTE RABBIT CEATURE SCREEN,Home & Living,General,15,10.89,6
84741C,CITRUS GARLAND FELT FLOWERS,Home & Living,General,186,374.09,51
84743C,ORANGE FELT VASE + FLOWERS,Home & Living,Vase,10,12.5,5
84744,S/6 SEW ON CROCHET FLOWERS,Home & Living,General,169,215.03,31
84745A,PINK HANGING GINGHAM EASTER HEN,Home & Living,General,74,31.08,15
84745B,BLUE HANGING GINGHAM EASTER HEN,Home & Living,General,85,35.7,17
84746,PINK EASTER HENS+FLOWER,Home & Living,General,24,75.81,16
84748,FOLK FELT HANGING MULTICOL GARLAND,Home & Living,General,1174,1796.12,93
84750A,PINK SMALL GLASS CAKE STAND,Home & Living,Glass,544,1189.23,105
84750B,BLACK SMALL GLASS CAKE STAND,Home & Living,Glass,609,1142.02,78
84751B,BLACK MEDIUM GLASS CAKE STAND,Home & Living,Glass,40,117.44,19
84753A,PINK EAU DE COLOGNE BOTTLE,Home & Living,Bottle,97,92.17,24
84754,S/15 SILVER GLASS BAUBLES IN BAG,Accessories,Bag,2213,2810.95,218
84755,COLOUR GLASS T-LIGHT HOLDER HANGING,Electronics,Light,40839,25475.05,1259
84757,ENCHANTED GARDEN WROUGHT IRON TABLE,Home & Living,Garden,5,74.75,4
84760L,LARGE HANGING GLASS+ZINC LANTERN,Home & Living,Glass,560,896.0,1
84760S,SMALL HANGING GLASS+ZINC LANTERN,Home & Living,Glass,240,386.31,36
84761,IVORY HANGING BIRD PLANTER,Home & Living,General,279,776.5,61
84762A,WHITE PICNIC BARBECUE BUCKET,Home & Living,General,59,517.43,29
84762B,PINK PICNIC BARBECUE BUCKET,Home & Living,General,113,837.77,48
84762C,GREEN PICNIC BARBECUE BUCKET,Home & Living,General,105,761.25,43
84763,ZINC FINISH 15CM PLANTER POTS,Home & Living,Pot,1638,2039.79,170
84765,SILVER ROCOCO CANDELABRA,Home & Living,General,9,140.23,6
84766,SILVER ROCOCO CANDLE STICK,Home & Living,Candle,201,643.95,27
84767,ZINC POLICE BOX LANTERN,Gifts,Box,195,806.22,6
84770,ROUND GEORGIAN SILVER MIRROR,Accessories,Mirror,135,419.25,16
84773,RED ROSE AND LACE C/COVER,Home & Living,General,193,569.35,48
84782A,PINK 3 TIER GLASS PLATE STAND,Home & Living,Plate,119,840.45,26
84782B,BLACK 3 TIER GLASS PLATE STAND,Home & Living,Plate,10,127.5,6
84782C,GREEN 3 TIER GLASS PLATE STAND,Home & Living,Plate,74,509.9,18
84789,ENCHANTED BIRD PLANT CAGE,Home & Living,General,448,1573.51,124
84791,GINGHAM HEART DECORATION,Gifts,Heart,337,1094.98,106
84792,ENCHANTED BIRD COATHANGER 5 HOOK,Home & Living,General,2327,10268.35,519
84795A,PASTEL STRIPE HAMMOCK,Home & Living,General,209,1703.97,70
84795B,SUNSET CHECK HAMMOCK,Home & Living,General,306,2442.69,96
84795C,OCEAN STRIPE HAMMOCK,Home & Living,General,325,2752.59,131
84795D,SEASIDE STRIPE HAMMOCK,Home & Living,General,189,1538.79,83
84795E,RIO PINK STRIPE HAMMOCK,Home & Living,General,10,79.5,5
84795b,SUNSET CHECK HAMMOCK,Home & Living,General,19,317.72,17
84796A,PINK HAWAIIAN PICNIC HAMPER FOR 2,Home & Living,General,284,2072.95,111
84796B,BLUE SAVANNAH PICNIC HAMPER FOR 2,Home & Living,General,600,4999.79,180
84796a,PINK HAWAIIAN PICNIC HAMPER FOR 2,Home & Living,General,28,234.28,20
84796b,BLUE SAVANNAH PICNIC HAMPER FOR 2,Home & Living,General,2,17.12,2
84797A,PINK HAWAIIAN PICNIC HAMPER FOR 4,Home & Living,General,481,3361.25,44
84797B,BLUE SAVANNAH PICNIC HAMPER FOR 4,Home & Living,General,323,1845.2,33
84797a,PINK HAWAIIAN PICNIC HAMPER FOR 4,Home & Living,General,18,198.84,17
84797b,BLUE SAVANNAH PICNIC HAMPER FOR 4,Home & Living,General,21,232.62,19
84798A,PINK FOXGLOVE ARTIIFCIAL FLOWER,Home & Living,General,195,432.45,10
84798B,PURPLE FOXGLOVE ARTIIFCIAL FLOWER,Home & Living,General,326,492.9,10
84798C,WHITE FOXGLOVE ARTIIFCIAL FLOWER,Home & Living,General,16,40.8,3
84799,SPRIG LAVENDER ARTIFICIAL FLOWER,Home & Living,General,679,530.03,31
84800L,LARGE WHITE/PINK ROSE ART FLOWER,Home & Living,General,650,970.79,38
84800M,MEDIUM WHITE/PINK ROSE ART FLOWER,Home & Living,General,250,357.22,27
84800S,SMALL WHITE/PINK ROSE ART FLOWER,Home & Living,General,394,299.54,19
84801A,PINK HYDRANGEA ART FLOWER,Home & Living,General,272,427.44,15
84801B,WHITE HYDRANGEA ART FLOWER,Home & Living,General,214,345.0,18
84802A,WHITE ANEMONE ARTIFICIAL FLOWER,Home & Living,General,209,353.21,24
84802B,PURPLE ANEMONE ARTIFICIAL FLOWER,Home & Living,General,435,430.35,17
84803A,PINK ALLIUM  ARTIFICIAL FLOWER,Home & Living,General,112,189.28,17
84803B,WHITE ALLIUM  ARTIFICIAL FLOWER,Home & Living,General,42,70.98,11
84804A,CREAM DELPHINIUM ARTIFICIAL FLOWER,Home & Living,General,224,414.08,18
84804B,BLUE DELPHINIUM ARTIFICIAL FLOWER,Home & Living,General,367,537.37,19
84805A,CREAM CLIMBING HYDRANGA ART FLOWER,Home & Living,General,147,212.85,8
84805B,BLUE CLIMBING HYDRANGA ART FLOWER,Home & Living,General,340,551.4,9
84806A,PINK CANDYSTUFT ARTIFICIAL FLOWER,Home & Living,General,319,261.91,20
84806B,WHITE CANDYSTUFT ARTIFICIAL FLOWER,Home & Living,General,450,568.02,32
84807,RED POPPY ARTIFICIAL FLOWER,Home & Living,General,233,215.93,7
84809A,WHITE CHRYSANTHEMUMS ART FLOWER,Home & Living,General,288,500.04,21
84809B,PINK CHRYSANTHEMUMS ART FLOWER,Home & Living,General,296,351.6,8
84813,SET OF 4 DIAMOND NAPKIN RINGS,Accessories,Ring,426,3364.5,99
84814A,HEXAGONAL CRYSTAL PERFUME BOTTLE,Home & Living,Bottle,1,1.95,1
84814B,RHOMBUS CRYSTAL PERFUME BOTTLE,Home & Living,Bottle,7,13.65,3
84815,SET OF 3 DANISH ROSE PLANTERS,Home & Living,General,930,1200.82,53
84816,DANISH ROSE BEDSIDE CABINET,Home & Living,General,33,1278.35,20
84817,DANISH ROSE DECORATIVE PLATE,Home & Living,Plate,1059,937.44,79
84818,DANISH ROSE PHOTO FRAME,Home & Living,Frame,1790,2385.59,214
84819,DANISH ROSE ROUND SEWING BOX,Gifts,Box,914,1393.76,95
84820,DANISH ROSE TRINKET TRAYS,Home & Living,General,325,900.95,54
84821,DANISH ROSE DELUXE COASTER,Home & Living,General,1330,752.7,74
84823,DANISH ROSE FOLDING CHAIR,Home & Living,General,120,1210.0,29
84824,DANISH ROSE UMBRELLA STAND,Accessories,Umbrella,38,676.45,32
84826,ASSTD DESIGN 3D PAPER STICKERS,Home & Living,General,1805,929.43,51
84827,ASS DES PHONE SPONGE CRAFT STICKER,Electronics,Phone,1093,532.69,29
84828,JUNGLE POPSICLES ICE LOLLY HOLDERS,Home & Living,Holder,2521,3352.8,353
84830,LARGE ENGLISH ARBORETUM,Home & Living,General,113,1195.15,7
84832,ZINC WILLIE WINKIE  CANDLE STICK,Home & Living,Candle,6888,6233.23,630
84836,ZINC METAL HEART DECORATION,Gifts,Heart,20251,24805.67,1408
84837,WHITE SWEETHEARTS CABINET 4 DRAWERS,Home & Living,Drawer,253,3235.54,143
84838,ANT WHITE HIGH RISE BIRD BOX,Gifts,Box,50,312.5,4
84839,SWEETHEART KEY CABINET,Home & Living,General,1538,8848.3,393
84840,SWEETHEART CARRY-ALL BASKET,Home & Living,Basket,287,2498.76,140
84842,HELLO SAILOR BATHROOM SET,Home & Living,General,1506,747.9,35
84843,WHITE SOAP RACK WITH 2 BOTTLES,Home & Living,Bottle,283,1748.91,110
84845A,HOLLYHOCK SQUARE HANDY TIN,Home & Living,Tin,1,1.25,1
84845C,CARNATION SQUARE HANDY TIN,Home & Living,Tin,42,52.5,14
84845D,GERANIUM SQUARE HANDY TIN,Home & Living,Tin,41,51.25,11
84846A,SCENTED CANDLE IN DIGITALIS TIN,Electronics,Digital,265,601.17,54
84847,FLORAL BATHROOM SET,Home & Living,General,2332,1157.23,49
84849A,HELLO SAILOR BLUE SOAP HOLDER,Home & Living,Holder,484,857.23,103
84849B,FAIRY SOAP SOAP HOLDER,Home & Living,Holder,1972,3309.99,293
84849D,HOT BATHS SOAP HOLDER,Home & Living,Holder,1574,2645.31,260
84854,GIRLY PINK TOOL SET,Home & Living,General,387,2109.17,110
84855,BLOKEY SILVER TOOL SET,Home & Living,General,36,196.7,15
84856L,LARGE TAHITI BEACH BAG,Accessories,Bag,239,1504.15,81
84856S,SMALL TAHITI BEACH BAG,Accessories,Bag,467,1877.21,33
84857A,SILVER MONTE CARLO HANDBAG,Home & Living,General,8,68.0,3
84857B,BLUE MONTE CARLO HANDBAG,Home & Living,General,24,46.8,1
84857C,PINK MONTE CARLO HANDBAG,Home & Living,General,197,445.03,17
84858A,NATURAL RIVIERA HANDBAG,Home & Living,General,53,128.83,8
84858B,BLUE RIVIERA HANDBAG,Home & Living,General,326,431.0,9
84858C,PINK RIVIERA HANDBAG,Home & Living,General,347,611.07,30
84859A,SILVER DISCO HANDBAG,Home & Living,General,293,613.53,58
84859B,BLUE DISCO HANDBAG,Home & Living,General,283,435.41,18
84859C,PINK DISCO HANDBAG,Home & Living,General,304,552.72,39
84864A,PINK PAISLEY PHOTO ALBUM,Home & Living,General,7,67.71,4
84865,NEW BAROQUE BLACK PHOTO ALBUM,Home & Living,General,83,687.8,48
84867A,PINK BABY GIRLS PHOTO ALBUM,Home & Living,General,16,105.82,4
84867a,PINK BABY GIRLS PHOTO ALBUM,Home & Living,General,1,13.57,1
84867b,BLUE BABY BOY'S PHOTO ALBUM,Home & Living,General,2,27.14,1
84868A,PINK BABY GIRL'S MEMORY BOX,Gifts,Box,2,13.9,2
84868B,BLUE BABY BOY'S MEMORY BOX,Gifts,Box,5,34.75,4
84869,CANDY BUTTON PHOTO ALBUM,Home & Living,General,302,703.54,26
84870B,BLUE GEISHA GIRL,Home & Living,General,96,345.11,40
84870C,GREEN GEISHA GIRL,Home & Living,General,99,352.86,41
84872A,TEATIME FUNKY FLOWER BACKPACK FOR 2,Home & Living,General,177,1983.54,102
84872a,TEATIME FUNKY FLOWER BACKPACK FOR 2,Home & Living,General,64,702.59,45
84873A,FUNKY FLOWER PICNIC BAG FOR 4,Accessories,Bag,33,411.1,16
84873a,FUNKY FLOWER PICNIC BAG FOR 4,Accessories,Bag,88,973.36,59
84874B,BLUE TRAVEL FIRST AID KIT,Accessories,Travel,87,143.41,36
84875A,PINK SQUARE COMPACT MIRROR,Accessories,Mirror,16,60.0,12
84875B,GREEN SQUARE COMPACT MIRROR,Accessories,Mirror,377,526.01,40
84875D,BLUE SQUARE COMPACT MIRROR,Accessories,Mirror,371,483.75,37
84876B,GREEN HEART COMPACT MIRROR,Gifts,Heart,346,490.81,40
84876C,SILVER HEART COMPACT MIRROR,Gifts,Heart,8,30.0,4
84876D,BLUE HEART COMPACT MIRROR,Gifts,Heart,336,619.27,35
84877A,PINK ROUND COMPACT MIRROR,Accessories,Mirror,74,185.66,17
84877B,GREEN ROUND COMPACT MIRROR,Accessories,Mirror,291,504.43,43
84877D,BLUE ROUND COMPACT MIRROR,Accessories,Mirror,167,395.21,43
84879,ASSORTED COLOUR BIRD ORNAMENT,Gifts,Ornament,81809,132187.92,2807
84880,WHITE WIRE EGG HOLDER,Home & Living,Holder,1807,10308.11,375
84881,BLUE WIRE SPIRAL CANDLE HOLDER,Home & Living,Candle,54,355.64,24
84882,GREEN WIRE STANDING CANDLE HOLDER,Home & Living,Candle,68,296.93,36
84884A,ANT WHITE WIRE HEART SPIRAL,Gifts,Heart,1722,6312.62,312
84884a,ANT WHITE WIRE HEART SPIRAL,Gifts,Heart,56,470.18,35
84886,BLUE METAL WALL SHELF,Home & Living,Shelf,13,129.35,9
84891B,GREEN WIRE GOBLET CANDLEHOLDER,Home & Living,Candle,12,95.4,6
84893,ANT WHITE IRON BASKET,Home & Living,Basket,34,192.3,15
84898F,YELLOW FLOWERS FELT HANDBAG KIT,Home & Living,General,172,367.45,52
84899E,YELLOW + BROWN BEAR FELT PURSE KIT,Accessories,Purse,53,73.93,21
84899F,YELLOW PURPLE DAISY FELT PURSE KIT,Accessories,Purse,121,192.17,53
84901,BLACK FACE LAMB WITH PANTS,Home & Living,General,126,482.38,74
84902,PINK KNITTED COW STUFFED TOY,Gifts,Toy,84,326.33,53
84905,PINK BUTTERFLY C/COVER,Home & Living,General,269,1007.91,105
84906,PINK B'FLY C/COVER W BOBBLES,Home & Living,General,67,313.42,21
84907,PINK/YELLOW PATCH CUSHION COVER,Home & Living,Cushion,391,999.17,36
84908A,PINK 5 PATCH FLOWER CUSHION COVER,Home & Living,Cushion,433,1052.11,36
84908B,BLUE 5 PATCH FLOWER CUSHION COVER,Home & Living,Cushion,435,1052.29,35
84909A,PINK PAISLEY QUILT,Home & Living,General,209,2797.55,30
84910A,PINK PAISLEY CUSHION COVER,Home & Living,Cushion,434,1242.29,53
84912A,PINK ROSE WASHBAG,Home & Living,General,1097,3007.69,231
84912B,GREEN ROSE WASHBAG,Home & Living,General,1149,3156.4,259
84912a,PINK ROSE WASHBAG,Home & Living,General,2,15.56,1
84913A,SOFT PINK ROSE TOWEL,Home & Living,Towel,629,2287.26,266
84913B,MINT GREEN ROSE TOWEL,Home & Living,Towel,442,1672.37,200
84914A,PINK ROSE PICNIC RUG,Home & Living,General,6,155.7,5
84915,HAND TOWEL PINK FLOWER AND DAISY,Home & Living,Towel,241,507.83,37
84916,HAND TOWEL PALE BLUE W FLOWERS,Home & Living,Towel,267,676.91,58
84917,WHITE HAND TOWEL WITH BUTTERFLY,Home & Living,Towel,232,698.66,53
84918,CREAM C/COVER W YELLOW/GREEN FLOWER,Home & Living,General,208,995.12,63
84919,L BLUE C/COVER W PINK/YELLOW FLOWER,Home & Living,General,291,1619.84,43
84920,PINK FLOWER FABRIC PONY,Home & Living,General,208,831.63,88
84921,CREAM AND PINK FLOWERS PONY,Home & Living,General,31,116.25,14
84922,PINK BUTTERFLY WASHBAG,Home & Living,General,342,808.22,17
84923,PINK BUTTERFLY HANDBAG W BOBBLES,Home & Living,General,248,1080.87,150
84924A,WAKE UP COCKEREL CALENDAR SIGN,Home & Living,General,139,593.5,62
84924D,LA PALMIERA METAL SIGN CALENDAR,Home & Living,General,764,272.61,15
84924F,PSYCHEDELIC METAL SIGN CALENDAR,Home & Living,General,975,274.55,10
84925A,WAKE UP COCKEREL WALL THERMOMETER,Home & Living,General,179,339.29,17
84925C,FAIRY CAKES  WALL THERMOMETER,Home & Living,General,28,71.4,10
84925D,LA PALMIERA WALL THERMOMETER,Home & Living,General,453,680.0,26
84925E,FLOWERS WALL THERMOMETER,Home & Living,General,75,130.05,3
84925F,PSYCHEDELIC WALL THERMOMETER,Home & Living,General,716,878.21,34
84926A,WAKE UP COCKEREL TILE COASTER,Home & Living,General,673,305.59,51
84926B,SCOTTS ROSES TILE COASTER,Home & Living,General,54,67.5,10
84926C,FAIRY CAKES TILE COASTER,Home & Living,General,140,192.1,31
84926D,LA PALMIERA TILE COASTER,Home & Living,General,777,370.35,47
84926E,FLOWERS TILE COASTER,Home & Living,General,1108,482.28,52
84926F,PSYCHEDELIC TILE COASTER,Home & Living,General,485,279.15,42
84927A,WAKE UP COCKEREL TILE HOOK,Home & Living,General,227,161.82,33
84927D,LA PALMIERA TILE HOOK,Home & Living,General,955,215.89,28
84927E,FLOWERS TILE HOOK,Home & Living,General,494,224.31,29
84927F,PSYCHEDELIC TILE HOOK,Home & Living,General,336,277.53,62
84929,ASSTD FRUIT+FLOWERS FRIDGE MAGNETS,Home & Living,General,3120,1020.72,93
84931A,PINK SCOTTIE DOG W FLOWER PATTERN,Home & Living,General,209,526.44,82
84931B,BLUE SCOTTIE DOG W FLOWER PATTERN,Home & Living,General,279,701.48,83
84932A,SMALL GREEN PEONY FOLDING STOOL,Home & Living,General,262,602.6,24
84932B,SMALL PINK PEONY FOLDING STOOL,Home & Living,General,189,401.3,17
84932C,SMALL ORIENTAL BLUE FOLDING STOOL,Home & Living,General,282,615.4,34
84932D,SMALL ORIENTAL RED FOLDING STOOL,Home & Living,General,239,574.71,21
84933A,LARGE GREEN PEONY FOLDING STOOL,Home & Living,General,131,314.35,6
84933B,LARGE PINK PEONY FOLDING STOOL,Home & Living,General,136,309.15,6
84933C,LARGE BLUE ORIENTAL FOLDING STOOL,Home & Living,General,136,317.0,6
84934,ASSTD DESIGN POP ART SLIM PEN,Home & Living,General,687,586.5,13
84937,KASHMIR FOLKART TUMBLERS,Home & Living,General,2543,5396.64,124
84942,KASHMIR FOLKART HEART DISHES,Gifts,Heart,3,5.07,3
84944,SET OF 6 KASHMIR FOLKART BAUBLES,Home & Living,General,1168,3291.53,194
84945,MULTI COLOUR SILVER T-LIGHT HOLDER,Electronics,Light,22662,18617.8,653
84946,ANTIQUE SILVER TEA GLASS ETCHED,Home & Living,Glass,38064,51329.72,1769
84947,ANTIQUE SILVER TEA GLASS ENGRAVED,Home & Living,Glass,16199,19223.04,680
84948,SILVER HANGING T-LIGHT HOLDER DOME,Electronics,Light,279,469.11,36
84949,SILVER HANGING T-LIGHT HOLDER,Electronics,Light,12286,19568.46,693
84950,ASSORTED COLOUR T-LIGHT HOLDER,Electronics,Light,8027,5331.65,274
84951A,S/4 PISTACHIO LOVEBIRD COASTERS,Home & Living,General,624,852.1,135
84951B,S/4 BLACK LOVEBIRD COASTERS,Home & Living,General,565,802.73,120
84951b,S/4 BLACK LOVEBIRD COASTERS,Home & Living,General,10,51.26,5
84952A,CLEAR LOVE BIRD T-LIGHT HOLDER,Electronics,Light,167,467.65,39
84952B,BLACK LOVE BIRD T-LIGHT HOLDER,Electronics,Light,427,701.74,44
84952C,MIRROR LOVE BIRD T-LIGHT HOLDER,Electronics,Light,413,765.13,42
84962,SET/3 COLOUR PAINTED KASHMIRI STOOL,Home & Living,General,3,179.85,2
84963A,PINK PAINTED KASHMIRI CHAIR,Home & Living,General,27,935.15,9
84963B,BLUE PAINTED KASHMIRI CHAIR,Home & Living,General,18,591.5,6
84964A,PINK PAINTED KASHMIRI TABLE,Home & Living,General,11,630.0,2
84964B,BLUE PAINTED KASHMIRI TABLE,Home & Living,General,17,990.0,2
84965A,PINK KASHMIRI COFFEE TABLE,Home & Living,General,20,1050.0,3
84965B,BLUE KASHMIRI COFFEE TABLE,Home & Living,General,27,1359.95,4
84966A,PINK KASHMIRI BOXED MIRROR,Gifts,Box,13,225.95,4
84966B,BLUE KASHMIRI BOXED MIRROR,Gifts,Box,33,428.0,4
84966C,GREEN KASHMIRI BOXED MIRROR,Gifts,Box,23,276.0,2
84967A,PINK KASHMIRI OCCASIONAL TABLE,Home & Living,General,3,174.9,3
84967B,BLUE KASHMIRI OCCASIONAL TABLE,Home & Living,General,24,1249.45,11
84967C,GREEN KASHMIRI OCCASIONAL TABLE,Home & Living,General,9,419.85,4
84968A,S/16 VINTAGE ROSE CUTLERY,Home & Living,General,533,6589.08,204
84968B,S/16 VINTAGE IVORY CUTLERY,Home & Living,General,432,5732.41,135
84968C,S/16 VINTAGE PISTACHIO CUTLERY,Home & Living,General,644,7731.24,191
84968D,S/16 VINTAGE RED CUTLERY,Home & Living,General,474,5419.21,106
84968E,S/16 VINTAGE BLACK CUTLERY,Home & Living,General,387,4490.48,98
84968F,S/16 VINTAGE SKY BLUE CUTLERY,Home & Living,General,301,3622.76,131
84968a,S/16 VINTAGE ROSE CUTLERY,Home & Living,General,7,176.31,4
84968b,S/16 VINTAGE IVORY CUTLERY,Home & Living,General,2,50.98,2
84968d,S/16 VINTAGE RED CUTLERY,Home & Living,General,4,100.37,4
84968e,S/16 VINTAGE BLACK CUTLERY,Home & Living,General,17,429.62,13
84968f,SET OF 16 VINTAGE SKY BLUE CUTLERY,Home & Living,General,2,50.98,2
84969,ASSORTED COLOUR SET 6 TEASPOONS,Home & Living,General,1000,4453.88,341
84970L,SINGLE HEART ZINC T-LIGHT HOLDER,Electronics,Light,17637,17431.99,1080
84970S,HANGING HEART ZINC T-LIGHT HOLDER,Electronics,Light,26844,22132.18,1425
84970l,SINGLE HEART ZINC T-LIGHT HOLDER,Electronics,Light,247,516.96,65
84970s,HANGING HEART ZINC T-LIGHT HOLDER,Electronics,Light,387,813.86,98
84971L,LARGE HEART FLOWERS HOOK,Gifts,Heart,588,727.26,58
84971S,SMALL HEART FLOWERS HOOK,Gifts,Heart,6636,5627.17,459
84971l,LARGE HEART FLOWERS HOOK,Gifts,Heart,2,4.92,1
84971s,SMALL HEART FLOWERS HOOK,Gifts,Heart,6,9.96,3
84972L,GIANT PINK HEART MEMO HOLDER,Gifts,Heart,117,462.15,46
84974,S/2 ZINC HEART DESIGN PLANTERS,Gifts,Heart,92,909.4,57
84975,HEART SHAPED MIRROR,Gifts,Heart,2015,3308.65,212
84976,RECTANGULAR SHAPED MIRROR,Accessories,Mirror,675,726.12,56
84977,WIRE FLOWER T-LIGHT HOLDER,Electronics,Light,224,282.58,44
84978,HANGING HEART JAR T-LIGHT HOLDER,Electronics,Light,21903,28734.82,1425
84984A,GREEN PEONY DES C/COVER,Home & Living,General,266,462.12,17
84984B,RED PEONY DES C/COVER,Home & Living,General,322,541.3,16
84984C,ORIENTAL BLUE C/COVER,Home & Living,General,232,401.16,16
84984D,ORIENTAL RED C/COVER,Home & Living,General,159,404.91,21
84985A,SET OF 72 GREEN PAPER DOILIES,Home & Living,General,655,1034.08,153
84985B,SET OF 72 BLACK PAPER DOILIES,Home & Living,General,128,194.96,24
84985a,SET OF 72 GREEN PAPER DOILIES,Home & Living,General,10,29.8,8
84985b,SET OF 72 BLACK PAPER DOILIES,Home & Living,General,1,2.98,1
84986B,SET OF 36 SILVER PAPER DOILIES,Home & Living,General,464,685.46,75
84986b,SET OF 36 SILVER PAPER DOILIES,Home & Living,General,6,17.88,5
84987,SET OF 36 TEATIME PAPER DOILIES,Home & Living,General,8154,11896.7,812
84988,SET OF 72 PINK HEART PAPER DOILIES,Gifts,Heart,8404,13075.15,1019
84989A,75 GREEN FAIRY CAKE CASES,Accessories,Case,2123,1095.07,152
84989B,75 BLACK FAIRY CAKE CASES,Accessories,Case,1010,510.7,57
84989a,75 GREEN FAIRY CAKE CASES,Accessories,Case,75,152.7,41
84989b,75 BLACK FAIRY CAKE CASES,Accessories,Case,10,12.8,6
84990,60 GOLD AND SILVER FAIRY CAKE CASES,Accessories,Case,4276,2077.59,193
84991,60 TEATIME FAIRY CAKE CASES,Accessories,Case,54716,27404.22,2127
84992,72 SWEETHEART FAIRY CAKE CASES,Accessories,Case,35438,17585.16,1460
84993A,75 GREEN PETIT FOUR CASES,Accessories,Case,1498,660.79,177
84993B,75 BLACK PETIT FOUR CASES,Accessories,Case,565,249.54,86
84993a,75 GREEN PETIT FOUR CASES,Accessories,Case,51,42.71,30
84993b,75 BLACK PETIT FOUR CASES,Accessories,Case,20,16.99,13
84997A,GREEN 3 PIECE MINI DOTS CUTLERY SET,Home & Living,General,5265,19704.57,589
84997B,RED 3 PIECE MINI DOTS CUTLERY SET,Home & Living,General,9388,34987.06,1019
84997C,BLUE 3 PIECE MINI DOTS CUTLERY SET,Home & Living,General,8865,32992.01,951
84997D,PINK 3 PIECE MINI DOTS CUTLERY SET,Home & Living,General,10761,40308.03,1085
84997a,GREEN 3 PIECE MINI DOTS CUTLERY SET,Home & Living,General,178,1481.78,81
84997b,RED 3 PIECE MINI DOTS CUTLERY SET,Home & Living,General,539,4534.32,85
84997c,BLUE 3 PIECE MINI DOTS CUTLERY SET,Home & Living,General,356,2984.28,75
84997d,PINK 3 PIECE MINI DOTS CUTLERY SET,Home & Living,General,390,3258.31,82
85006,SET 4 NURSERY DES ROUND BOXES,Gifts,Box,3049,1289.31,37
85007,SET OF 3 VINTAGE TEA TIME BOXES,Gifts,Box,143,399.62,21
85008,SET OF 3 CONEY ISLAND OVAL BOXES,Gifts,Box,274,1088.69,99
85014A,BLACK/BLUE DOTS RUFFLED UMBRELLA,Accessories,Umbrella,4665,22054.25,684
85014B,RED/WHITE DOTS RUFFLED UMBRELLA,Accessories,Umbrella,6202,31123.93,900
85014C,BLUE/BROWN DOTS RUFFLED UMBRELLA,Accessories,Umbrella,547,2270.73,72
85014D,PINK/BROWN DOTS RUFFLED UMBRELLA,Accessories,Umbrella,1919,6670.4,90
85014a,BLACK/BLUE DOTS RUFFLED UMBRELLA,Accessories,Umbrella,37,467.0,28
85014b,RED/WHITE DOTS RUFFLED UMBRELLA,Accessories,Umbrella,45,567.74,35
85015,SET OF 12  VINTAGE POSTCARD SET,Home & Living,General,2925,2789.19,254
85016,SET OF 6 VINTAGE NOTELETS KIT,Home & Living,General,1688,2056.16,167
85017A,ENVELOPE 50 ROMANTIC IMAGES,Home & Living,General,1167,800.65,174
85017B,ENVELOPE 50 BLOSSOM IMAGES,Home & Living,General,2251,1407.39,317
85017C,ENVELOPE 50 CURIOUS IMAGES,Home & Living,General,1097,728.17,119
85018A,S/6 PAPER BOXES ROMANTIC IMAGES,Gifts,Box,15,63.75,10
85018B,S/6 PAPER BOXES BLOSSOM IMAGES,Gifts,Box,15,63.75,10
85018C,S/6 PAPER BOXES CURIOUS IMAGES,Gifts,Box,36,127.2,4
85018D,YULETIDE IMAGES S/6 PAPER BOXES,Gifts,Box,799,1000.5,80
85019A,ROMANTIC IMAGES NOTEBOOK SET,Home & Living,General,651,932.04,49
85019B,BLOSSOM  IMAGES NOTEBOOK SET,Home & Living,General,718,982.47,47
85019C,CURIOUS  IMAGES NOTEBOOK SET,Home & Living,General,426,663.94,25
85020,ROUND PINK HEART MIRROR,Gifts,Heart,251,558.69,58
85023A,CRYSTAL LARGE JEWELLED PHOTO FRAME,Accessories,Jewel,22,56.1,10
85023B,EAU DE NILE JEWELLED PHOTOFRAME,Accessories,Jewel,293,682.35,38
85023C,PINK LARGE JEWELED PHOTOFRAME,Accessories,Jewel,23,58.65,11
85024A,CRYSTAL SMALL JEWELLED PHOTOFRAME,Accessories,Jewel,1,1.65,1
85024B,EAU DE NILE JEWELLED PHOTOFRAME,Accessories,Jewel,218,330.9,20
85024C,PINK SMALL JEWELLED PHOTOFRAME,Accessories,Jewel,100,165.0,42
85025B,EAU DE NILE HEART SHAPE PHOTO FRAME,Gifts,Heart,575,995.36,95
85025C,PINK HEART SHAPE PHOTO FRAME,Gifts,Heart,729,1304.18,125
85026B,EAU DE NILE JEWELLED T-LIGHT HOLDER,Electronics,Light,313,378.6,29
85027L,FRENCH CHATEAU LARGE PLATTER,Home & Living,General,191,546.45,40
85028L,FRENCH CHATEAU LARGE FRUIT BOWL,Gifts,Bow,271,654.01,27
85028S,FRENCH CHATEAU SMALL FRUITBOWL,Home & Living,General,430,656.82,33
85030,FRENCH CHATEAU OVAL PLATTER,Home & Living,General,213,547.35,29
85031A,ROMANTIC IMAGES SCRAP BOOK SET,Home & Living,General,477,943.44,102
85031B,BLOSSOM IMAGES SCRAP BOOK SET,Home & Living,General,497,901.04,85
85031C,CURIOUS IMAGES SCRAP BOOK SET,Home & Living,General,481,1017.48,106
85032A,ROMANTIC IMAGES GIFT WRAP SET,Gifts,Gift,1448,1336.76,161
85032B,BLOSSOM IMAGES GIFT WRAP SET,Gifts,Gift,994,961.14,152
85032C,CURIOUS IMAGES GIFT WRAP SET,Gifts,Gift,894,960.49,161
85032D,YULETIDE IMAGES GIFT WRAP SET,Gifts,Gift,1193,1417.78,133
85033G,SET/6 GOLD REINDEER T-LIGHT CANDLES,Electronics,Light,236,376.05,32
85033S,SET/6 SILVER REINDEER T-LIGHTS,Electronics,Light,260,319.95,49
85034A,3 GARDENIA MORRIS BOXED CANDLES,Gifts,Box,859,2411.07,135
85034B,3 WHITE CHOC MORRIS BOXED CANDLES,Gifts,Box,1195,2645.64,152
85034C,3 ROSE MORRIS BOXED CANDLES,Gifts,Box,1325,2643.12,197
85034a,3 GARDENIA MORRIS BOXED CANDLES,Gifts,Box,3,24.87,3
85034b,3 WHITE CHOC MORRIS BOXED CANDLES,Gifts,Box,1,8.29,1
85035A,GARDENIA 3 WICK MORRIS BOXED CANDLE,Gifts,Box,663,2429.81,178
85035B,CHOCOLATE 3 WICK MORRIS BOX CANDLE,Gifts,Box,999,2598.76,131
85035C,ROSE 3 WICK MORRIS BOX CANDLE,Gifts,Box,1380,2759.29,197
85035a,GARDENIA 3 WICK MORRIS BOXED CANDLE,Gifts,Box,4,33.88,3
85035b,CHOCOLATE 3 WICK MORRIS BOX CANDLE,Gifts,Box,6,50.82,6
85035c,ROSE 3 WICK MORRIS BOX CANDLE,Gifts,Box,3,25.41,2
85036A,GARDENIA 1 WICK MORRIS BOXED CANDLE,Gifts,Box,638,2463.96,165
85036B,CHOCOLATE 1 WICK MORRIS BOX CANDLE,Gifts,Box,612,1583.66,87
85036C,ROSE 1 WICK MORRIS BOXED CANDLE,Gifts,Box,898,1684.02,128
85036a,GARDENIA 1 WICK MORRIS BOXED CANDLE,Gifts,Box,2,16.58,1
85036b,CHOCOLATE 1 WICK MORRIS BOX CANDLE,Gifts,Box,3,25.41,2
85038,6 CHOCOLATE LOVE HEART T-LIGHTS,Electronics,Light,2905,6057.64,382
85039A,SET/4 RED MINI ROSE CANDLE IN BOWL,Gifts,Bow,1466,1691.23,251
85039B,S/4 IVORY MINI ROSE CANDLE IN BOWL,Gifts,Bow,1666,2200.05,266
85039C,S/4 BLACK MINI ROSE CANDLE IN BOWL,Gifts,Bow,546,532.86,114
85039a,SET/4 RED MINI ROSE CANDLE IN BOWL,Gifts,Bow,67,222.53,44
85039b,S/4 IVORY MINI ROSE CANDLE IN BOWL,Gifts,Bow,4,13.44,1
85040A,S/4 PINK FLOWER CANDLES IN BOWL,Gifts,Bow,2090,3684.56,400
85040B,SET/4 BLUE FLOWER CANDLES IN BOWL,Gifts,Bow,2480,3865.05,252
85040a,S/4 PINK FLOWER CANDLES IN BOWL,Gifts,Bow,51,169.75,34
85040b,SET/4 BLUE FLOWER CANDLES IN BOWL,Gifts,Bow,7,23.52,3
85041,SET/4 PINK ORCHID CANDLES IN BOWL,Gifts,Bow,1858,2498.12,92
85042,ANTIQUE LILY FAIRY LIGHTS,Electronics,Light,2686,12239.51,292
85043,RED HEART CANDY POP LIGHTS,Electronics,Light,1,4.95,1
85044,RED REINDEER STRING OF 20 LIGHTS,Electronics,Light,150,806.35,40
85045,GREEN CHRISTMAS TREE STRING 20LIGHT,Gifts,Christmas,476,2264.09,83
85047,WHITE BEADED GARLAND STRING 20LIGHT,Home & Living,General,1054,6683.38,236
85048,15CM CHRISTMAS GLASS BALL 20 LIGHTS,Electronics,Light,2755,21826.9,517
85049A,TRADITIONAL CHRISTMAS RIBBONS,Gifts,Ribbon,6337,8362.4,667
85049B,LUSH GREENS RIBBONS,Gifts,Ribbon,2136,2665.8,338
85049C,ROMANTIC PINKS RIBBONS,Gifts,Ribbon,3037,3817.55,500
85049D,BRIGHT BLUES RIBBONS,Gifts,Ribbon,2378,2982.96,400
85049E,SCANDINAVIAN REDS RIBBONS,Gifts,Ribbon,6524,8750.01,830
85049F,BABY BOOM RIBBONS,Gifts,Ribbon,2140,2671.5,314
85049G,CHOCOLATE BOX RIBBONS,Gifts,Box,3902,4813.65,510
85049H,URBAN BLACK RIBBONS,Gifts,Ribbon,2076,2080.94,334
85049a,TRADITIONAL CHRISTMAS RIBBONS,Gifts,Ribbon,499,1669.64,51
85049b,LUSH GREENS RIBBONS,Gifts,Ribbon,4,9.94,3
85049c,ROMANTIC PINKS RIBBONS,Gifts,Ribbon,1,2.46,1
85049d,BRIGHT BLUES RIBBONS,Gifts,Ribbon,2,4.92,2
85049e,SCANDINAVIAN REDS RIBBONS,Gifts,Ribbon,297,990.69,61
85049g,CHOCOLATE BOX RIBBONS,Gifts,Box,115,281.44,52
85050,FRENCH ENAMEL SOAP DISH WITH LID,Home & Living,General,48,100.8,1
85053,FRENCH ENAMEL CANDLEHOLDER,Home & Living,Candle,2046,4401.12,378
85054,FRENCH ENAMEL POT W LID,Home & Living,Pot,923,2518.63,204
85055,FRENCH ENAMEL UTENSIL HOLDER,Home & Living,Holder,371,1491.81,107
85059,FRENCH ENAMEL WATER BASIN,Home & Living,General,702,2403.64,211
85060,WOOD FAN WITH FLOWER DESIGN,Home & Living,General,1448,1745.62,87
85061W,WHITE JEWELLED HEART DECORATION,Gifts,Heart,6440,5567.01,469
85062,PEARL CRYSTAL PUMPKIN T-LIGHT HLDR,Electronics,Light,4049,6638.25,342
85063,CREAM SWEETHEART MAGAZINE RACK,Home & Living,General,310,5460.64,180
85064,CREAM SWEETHEART LETTER RACK,Home & Living,General,1789,8327.01,279
85065,CREAM SWEETHEART TRAYS,Home & Living,General,624,7575.44,256
85066,CREAM SWEETHEART MINI CHEST,Home & Living,General,3148,39428.65,929
85067,CREAM SWEETHEART WALL CABINET,Home & Living,General,504,8347.59,175
85068,CREAM SWEETHEART SHELF + HOOKS,Home & Living,Shelf,961,6655.19,197
85069,CREAM SWEETHEART DOUBLE SHELF,Home & Living,Shelf,3,50.85,1
85070,ANT WHITE SWEETHEART TABLE W 3 DRAW,Home & Living,General,3,320.0,3
85071A,BLUE CHARLIE+LOLA PERSONAL DOORSIGN,Home & Living,General,1914,1436.34,147
85071B,RED CHARLIE+LOLA PERSONAL DOORSIGN,Home & Living,General,2448,1360.2,165
85071C,"CHARLIE+LOLA""EXTREMELY BUSY"" SIGN",Home & Living,General,1291,852.53,141
85071D,CHARLIE+LOLA MY ROOM DOOR SIGN,Home & Living,General,890,564.16,112
85072,OCCASIONS GIFT CARD ASSORTMENT,Gifts,Gift,120,66.0,1
85077,KISSING REINDEER TABLE RUNNER,Home & Living,General,1,5.95,1
85078,SCANDINAVIAN 3 HEARTS NAPKIN RING,Gifts,Heart,2284,1079.44,162
85079,EMBROIDERED REINDEER DECORATION,Gifts,Decoration,24,33.1,8
85080,PADDED RED HEART DECORATION,Gifts,Heart,114,56.18,22
85081,PADDED HOLLY CHRISTMAS DECORATION,Gifts,Christmas,107,47.43,21
85083,KISS REINDEER SCANDINAVIAN STOCKING,Home & Living,General,5,12.75,2
85084,HOLLY TOP CHRISTMAS STOCKING,Gifts,Christmas,684,683.1,84
85086A,CANDY SPOT HEART DECORATION,Gifts,Heart,587,568.73,152
85087,CANDY SPOT CUSHION COVER,Home & Living,Cushion,421,1401.11,146
85088,CANDY SPOT HAND BAG,Accessories,Bag,347,723.85,78
85089,CANDY SPOT BUNNY,Home & Living,General,104,332.29,29
85090,CANDY SPOT APRON,Home & Living,General,106,559.28,53
85091,CANDY SPOT BREAD BASKETS,Home & Living,Basket,343,548.81,20
85092,CANDY SPOT TEA COSY,Home & Living,General,391,622.57,24
85093,CANDY SPOT EGG WARMER HARE,Home & Living,General,1363,1094.97,152
85094,CANDY SPOT EGG WARMER RABBIT,Home & Living,General,763,364.94,108
85095,THREE CANVAS LUGGAGE TAGS,Home & Living,General,175,261.04,49
85096,HILDA CANDY SPOT RABBIT,Home & Living,General,167,695.91,66
85097B,BLUE ROCKING SINGING CANARY,Home & Living,General,107,420.92,40
85098B,BLUE FLYING SINGING CANARY,Home & Living,General,366,1456.94,114
85099B,JUMBO BAG RED WHITE SPOTTY,Accessories,Bag,98349,183454.83,3989
85099C,JUMBO  BAG BAROQUE BLACK WHITE,Accessories,Bag,31249,60292.32,1868
85099F,JUMBO BAG STRAWBERRY,Accessories,Bag,37124,68488.81,1830
85099b,JUMBO BAG RED RETROSPOT,Accessories,Bag,419,2111.64,25
85099c,JUMBO  BAG BAROQUE BLACK WHITE,Accessories,Bag,17,85.17,10
85099f,JUMBO BAG STRAWBERRY,Accessories,Bag,213,1077.08,25
85103,SILVER T-LIGHT SETTING,Electronics,Light,319,2166.93,87
85104,SILVER GLASS T-LIGHT SET,Electronics,Light,359,1048.09,56
85106,CUT GLASS HEXAGON T-LIGHT HOLDER,Electronics,Light,1208,2333.74,59
85107,CUT GLASS T-LIGHT HOLDER OCTAGON,Electronics,Light,1231,2346.19,70
85109,PINK BOUDOIR T-LIGHT HOLDER,Electronics,Light,4211,475.43,20
85110,BLACK SILVER FLOWER T-LIGHT HOLDER,Electronics,Light,11520,1138.04,23
85111,SILVER GLITTER FLOWER VOTIVE HOLDER,Home & Living,Holder,2931,972.63,77
85112,S/3 TEAR DROP CUT GLASS DECORATION,Gifts,Decoration,466,414.02,34
85113,POLKA DOT PISTACHIO PAIL,Home & Living,General,285,591.66,48
85114A,BLACK ENCHANTED FOREST PLACEMAT,Home & Living,General,1410,2341.84,103
85114B,IVORY ENCHANTED FOREST PLACEMAT,Home & Living,General,2076,3747.89,223
85114C,RED ENCHANTED FOREST PLACEMAT,Home & Living,General,1221,2335.78,161
85114a,BLACK ENCHANTED FOREST PLACEMAT,Home & Living,General,56,185.64,17
85114b,IVORY ENCHANTED FOREST PLACEMAT,Home & Living,General,56,186.76,19
85114c,RED ENCHANTED FOREST PLACEMAT,Home & Living,General,188,622.72,42
85115B,S/4 BLACK DISCO PARTITION PANEL,Home & Living,General,6,37.62,2
85116,BLACK CANDELABRA T-LIGHT HOLDER,Electronics,Light,2040,2480.9,181
85117,NIGHTINGALE COATHOOK WHITE,Home & Living,General,351,600.92,61
85118,HEART T-LIGHT HOLDER,Electronics,Light,2132,1189.42,81
85119,WATERING CAN SINGLE HOOK PISTACHIO,Home & Living,General,414,570.84,39
85121B,RETRO LAUNDRY TUB PINK,Home & Living,General,86,936.74,48
85121C,RETRO LAUNDRY TUB PISTACHIO,Home & Living,General,98,918.91,53
85123A,WHITE HANGING HEART T-LIGHT HOLDER,Electronics,Light,96147,263109.67,5365
85123a,WHITE HANGING HEART T-LIGHT HOLDER,Electronics,Light,597,3992.39,99
85123b,ZINC HANGING HEART T-LITE HLDR,Gifts,Heart,1,6.04,1
85124A,PINK JUICY FRUIT PHOTO FRAME,Home & Living,Frame,377,1037.13,95
85124B,BLUE JUICY FRUIT PHOTO FRAME,Home & Living,Frame,366,971.62,102
85124C,GREEN JUICY FRUIT PHOTO FRAME,Home & Living,Frame,449,1185.05,121
85124a,PINK JUICY FRUIT PHOTO FRAME,Home & Living,Frame,10,50.6,9
85124b,BLUE JUICY FRUIT PHOTO FRAME,Home & Living,Frame,2,10.23,2
85124c,GREEN JUICY FRUIT PHOTO FRAME,Home & Living,Frame,3,15.18,2
85125,SMALL ROUND CUT GLASS CANDLESTICK,Home & Living,Candle,317,1539.99,62
85126,LARGE ROUND CUTGLASS CANDLESTICK,Home & Living,Candle,157,1075.91,34
85127,SMALL SQUARE CUT GLASS CANDLESTICK,Home & Living,Candle,292,1800.31,81
85128,PLANTPOT SINGLE HOOK PISTACHIO,Home & Living,General,167,188.95,4
85129A,"WHITE PEARL BEADED HEART, SMALL",Gifts,Heart,445,570.41,75
85129B,BEADED CRYSTAL HEART GREEN SMALL,Gifts,Heart,254,342.62,56
85129C,BEADED CRYSTAL HEART BLUE SMALL,Gifts,Heart,420,548.99,65
85129D,BEADED CRYSTAL HEART PINK SMALL,Gifts,Heart,800,1204.83,168
85130A,BEADED PEARL HEART WHITE LARGE,Gifts,Heart,737,1262.09,86
85130B,BEADED CRYSTAL HEART GREEN LARGE,Gifts,Heart,912,921.69,83
85130C,BEADED CRYSTAL HEART BLUE  LARGE,Gifts,Heart,684,779.14,68
85130D,BEADED CRYSTAL HEART PINK LARGE,Gifts,Heart,795,970.4,107
85131A,BEADED PEARL HEART WHITE ON STICK,Gifts,Heart,2083,1688.13,199
85131B,BEADED CRYSTAL HEART GREEN ON STICK,Gifts,Heart,980,758.34,216
85131C,BEADED CRYSTAL HEART BLUE ON STICK,Gifts,Heart,447,327.35,72
85131D,BEADED CRYSTAL HEART PINK\ON STICK,Gifts,Heart,1466,1112.66,267
85132A,CHARLIE + LOLA BISCUITS TINS,Home & Living,Tin,1365,5293.38,250
85132B,CHARLIE AND LOLA TABLE TINS,Home & Living,Tin,922,2795.9,123
85132C,CHARLIE AND LOLA FIGURES TINS,Home & Living,Tin,2069,5881.19,302
85132a,CHARLIE + LOLA BISCUITS TINS,Home & Living,Tin,12,177.59,10
85132b,CHARLIE AND LOLA TABLE TINS,Home & Living,Tin,10,95.84,10
85132c,CHARLIE AND LOLA FIGURES TINS,Home & Living,Tin,4,46.1,4
85135A,YELLOW DRAGONFLY HELICOPTER,Home & Living,General,96,770.49,63
85135B,BLUE DRAGONFLY HELICOPTER,Home & Living,General,174,1413.0,115
85135C,RED DRAGONFLY HELICOPTER,Home & Living,General,179,1459.83,111
85136A,YELLOW SHARK HELICOPTER,Home & Living,General,156,1269.06,106
85136B,BLUE SHARK HELICOPTER,Home & Living,General,59,473.77,47
85136C,RED SHARK HELICOPTER,Home & Living,General,190,1541.22,122
85141,JARDIN ETCHED GLASS FRUITBOWL,Home & Living,Glass,191,1355.99,71
85142,JARDIN ETCHED GLASS GINGER JAR,Home & Living,Glass,61,534.38,34
85144,JARDIN ETCHED GLASS BUTTER DISH,Home & Living,Glass,291,1065.25,70
85145,JARDIN ETCHED GLASS LARGE BELL JAR,Home & Living,Glass,92,813.0,30
85146,JARDIN ETCHED GLASS SMALL BELL JAR,Home & Living,Glass,118,599.38,29
85147,JARDIN ETCHED GLASS CANDLEHLDR LONG,Home & Living,Candle,61,301.95,16
85150,LADIES & GENTLEMEN METAL SIGN,Home & Living,General,8519,20668.23,1110
85151,WELCOME METAL SIGN,Home & Living,General,44,55.0,8
85152,HAND OVER THE CHOCOLATE   SIGN,Home & Living,General,16645,32064.76,1460
85157,SET OF 2 CHESTS CHOCOLAT AU LAIT,Home & Living,General,1,12.72,1
85159A,"BLACK TEA,COFFEE,SUGAR JARS",Home & Living,General,494,1261.68,82
85159B,"WHITE TEA,COFFEE,SUGAR JARS",Home & Living,General,659,1503.5,88
85159b,"WHITE TEA,COFFEE,SUGAR JARS",Home & Living,General,1,13.0,1
85160A,WHITE BIRD GARDEN DESIGN MUG,Home & Living,Mug,8816,1493.75,32
85160B,BLACK BIRD GARDEN DESIGN MUG,Home & Living,Mug,6155,1032.7,36
85160a,WHITE BIRD GARDEN DESIGN MUG,Home & Living,Mug,8,129.04,3
85160b,BLACK BIRD GARDEN DESIGN MUG,Home & Living,Mug,1,16.13,1
85161,ACRYLIC GEOMETRIC LAMP,Electronics,Lamp,51,863.85,32
85162A,SILVER RETRODISC LAMPSHADE,Electronics,Lamp,607,1234.27,20
85162B,BLACK RETRODISC LAMPSHADE,Electronics,Lamp,977,1905.15,13
85162C,WHITE RETRODISC LAMPSHADE,Electronics,Lamp,904,1841.7,46
85163A,WHITE BAROQUE WALL CLOCK,Electronics,Clock,104,1070.92,57
85163B,BLACK BAROQUE WALL CLOCK,Electronics,Clock,115,1268.66,66
85164B,BLACK BAROQUE CUCKOO CLOCK,Electronics,Clock,140,1825.18,65
85164b,BLACK BAROQUE CUCKOO CLOCK,Electronics,Clock,1,26.04,1
85165,CANDY PINK FRENCH BOUDOIR CLOCK,Electronics,Clock,90,872.76,58
85166A,WHITE METAL BAROQUE PHOTO FRAME,Home & Living,Frame,77,158.9,12
85166B,BLACK METAL BAROQUE PHOTO FRAME,Home & Living,Frame,510,864.1,38
85167A,WHITE GRAND BAROQUE PHOTO FRAME,Home & Living,Frame,176,396.8,14
85167B,BLACK GRAND BAROQUE PHOTO FRAME,Home & Living,Frame,727,1493.53,59
85168A,WHITE BAROQUE CARRIAGE CLOCK,Electronics,Clock,22,218.9,15
85168B,BLACK BAROQUE CARRIAGE CLOCK,Electronics,Clock,73,662.12,52
85169A,IVORY LOVE BIRD CANDLE,Home & Living,Candle,1284,1427.08,151
85169B,BLACK LOVE BIRD CANDLE,Home & Living,Candle,483,574.18,93
85169C,EAU DE NIL LOVE BIRD CANDLE,Home & Living,Candle,506,569.33,71
85169D,PINK LOVE BIRD CANDLE,Home & Living,Candle,522,606.49,88
85170A,SET/6 IVORY BIRD T-LIGHT CANDLES,Electronics,Light,849,1587.16,84
85170B,SET/6 BLACK BIRD T-LIGHT CANDLES,Electronics,Light,293,496.91,58
85170C,SET/6 EAU DE NIL BIRD T-LIGHTS,Electronics,Light,549,1009.85,107
85170D,SET/6 PINK BIRD T-LIGHT CANDLES,Electronics,Light,727,1311.09,151
85171,S/2 HYACINTH BULB CANDLES,Home & Living,Candle,1,2.55,1
85172,HYACINTH BULB T-LIGHT CANDLES,Electronics,Light,4479,2361.92,150
85173,SET/6 FROG PRINCE T-LIGHT CANDLES,Electronics,Light,1021,1841.25,150
85174,S/4 CACTI CANDLES,Home & Living,Candle,1534,7555.39,357
85175,CACTI T-LIGHT CANDLES,Electronics,Light,15922,6808.38,442
85176,SEWING SUSAN 21 NEEDLE SET,Home & Living,General,2776,2331.38,306
85177,BASKET OF FLOWERS SEWING KIT,Home & Living,Basket,1838,1534.13,143
85178,VICTORIAN SEWING KIT,Home & Living,General,5628,6218.32,313
85179A,GREEN BITTY LIGHT CHAIN,Electronics,Light,222,538.99,70
85179B,WHITE BITTY LIGHT CHAIN,Electronics,Light,247,1061.25,45
85179C,PINK BITTY LIGHT CHAIN,Electronics,Light,116,257.15,40
85179a,GREEN BITTY LIGHT CHAIN,Electronics,Light,2,11.78,2
85180A,RED HEARTS LIGHT CHAIN,Electronics,Light,629,1636.42,99
85180B,PINK HEARTS LIGHT CHAIN,Electronics,Light,365,1031.48,67
85183A,CHARLIE & LOLA WASTEPAPER BIN BLUE,Home & Living,General,1512,2275.75,141
85183B,CHARLIE & LOLA WASTEPAPER BIN FLORA,Home & Living,General,1775,2799.26,171
85184B,SET 4 EASTER DECOUPAGE OVAL BOXES,Gifts,Box,14,41.3,7
85184C,S/4 VALENTINE DECOUPAGE HEART BOX,Gifts,Box,2296,4953.66,345
85184D,S/4 BLUE ROUND DECOUPAGE BOXES,Gifts,Box,8312,4549.73,66
85184c,S/4 VALENTINE DECOUPAGE HEART BOX,Gifts,Box,6,35.35,6
85184d,S/4 BLUE ROUND DECOUPAGE BOXES,Gifts,Box,1,5.91,1
85185B,PINK HORSE SOCK PUPPET,Home & Living,General,628,1961.51,182
85185C,COW  SOCK PUPPET,Home & Living,General,58,171.1,27
85185D,FROG SOCK PUPPET,Home & Living,General,199,647.91,66
85185E,DUCK SOCK PUPPET,Home & Living,General,4,11.8,2
85185F,LION SOCK PUPPET,Home & Living,General,37,109.15,19
85186A,EASTER BUNNY GARLAND OF FLOWERS,Home & Living,General,1548,718.66,159
85186B,BUNNY BUNCH OF FLOWERS,Home & Living,General,14,5.88,2
85186C,BUNNY EGG GARLAND,Home & Living,General,1400,658.19,152
85187,S/12 MINI RABBIT EASTER,Home & Living,General,481,819.78,109
85188A,GREEN METAL SWINGING BUNNY,Home & Living,General,945,825.82,105
85188B,PINK METAL SWINGING BUNNY,Home & Living,General,749,661.73,74
85189,HANGING BUTTERFLY  EGG,Home & Living,General,1180,971.35,68
85190,PINK FLOWER HANGING HEART,Gifts,Heart,140,124.16,17
85192S,HANGING SPRING FLOWER HEART SMALL,Gifts,Heart,3,1.95,2
85194L,HANGING SPRING FLOWER EGG LARGE,Home & Living,General,1820,1562.33,147
85194S,HANGING SPRING FLOWER EGG SMALL,Home & Living,General,1760,889.46,131
85195,HANGING HEART BASKET,Gifts,Heart,146,269.44,17
85196,EASTER BUNNIES ON A STICK,Home & Living,General,1564,831.04,71
85197,SET OF 12 MINI BUNNIES IN A BUCKET,Home & Living,General,1673,967.86,74
85198,ASSORTED FARMYARD ANIMALS IN BUCKET,Home & Living,General,3871,1479.7,51
85199L,LARGE HANGING IVORY & RED WOOD BIRD,Home & Living,General,3545,2344.15,272
85199S,SMALL HANGING IVORY/RED WOOD BIRD,Home & Living,General,6156,2855.45,486
85200,BUNNY EGG BOX,Gifts,Box,1047,1321.59,105
85202,HANGING WOOD AND FELT HEART,Gifts,Heart,1225,581.01,208
85203,HANGING WOOD AND FELT BUTTERFLY,Home & Living,General,1469,670.11,224
85204,HANGING WOOD AND FELT FLOWER,Home & Living,General,2360,462.76,154
85205A,IVORY FELT EASTER RABBIT GARLAND,Home & Living,General,66,168.3,21
85205B,PINK FELT EASTER RABBIT GARLAND,Home & Living,General,241,669.38,61
85206A,CREAM FELT EASTER EGG BASKET,Home & Living,Basket,2358,4034.06,318
85206B,PINK FELT EASTER EGG BASKET,Home & Living,Basket,1543,2485.55,183
85208,SET/12 FUNKY FELT FLOWER PEG IN BAG,Accessories,Bag,429,855.84,87
85211,S/4 GROOVY CAT MAGNETS,Home & Living,General,307,469.05,75
85212,MINI PAINTED GARDEN DECORATION,Gifts,Decoration,2872,1134.65,121
85213,MINI  ZINC GARDEN DECORATIONS,Gifts,Decoration,1391,834.14,80
85214,TUB 24 PINK FLOWER PEGS,Home & Living,General,533,917.58,169
85215,ASSORTED CHEESE FRIDGE MAGNETS,Home & Living,General,850,656.24,66
85216,ASSORTED CAKES FRIDGE MAGNETS,Home & Living,General,2867,2165.92,187
85217,ASSORTED ICE CREAM FRIDGE MAGNETS,Home & Living,General,2875,1985.75,164
85218,S/5 MINI ICE CREAM FRIDGE MAGNETS,Home & Living,General,1992,625.2,2
85220,SMALL FAIRY CAKE FRIDGE MAGNETS,Home & Living,General,12236,6875.0,5
85221,ASSORTED COLOUR SILK COIN PURSE,Accessories,Purse,3558,1685.46,47
85222,ASSORTED COLOUR SILK COSMETIC PURSE,Accessories,Purse,1407,1581.78,50
85224,ASSORTED COLOUR SILK GLASSES CASE,Accessories,Case,2008,1129.36,61
85225,BLING KEY RING STAND,Accessories,Ring,19,22.5,11
85226A,WHITE/BLUE PULL BACK RACING CAR,Home & Living,General,1717,934.72,144
85226C,BLUE PULL BACK RACING CAR,Home & Living,General,991,523.41,83
85227,SET/6 3D KIT CARDS FOR KIDS,Gifts,Card,3553,3197.07,442
85230A,OPIUM SCENTED VOTIVE CANDLE,Home & Living,Candle,1992,497.04,48
85230B,CINNAMON SCENTED VOTIVE CANDLE,Home & Living,Candle,2216,588.88,68
85230C,ROSE SCENTED VOTIVE CANDLE,Home & Living,Candle,24,6.96,1
85230D,VANILLA SCENTED VOTIVE CANDLE,Home & Living,Candle,24,6.96,1
85230E,STRAWBRY SCENTED VOTIVE CANDLE,Home & Living,Candle,2445,628.41,66
85230F,JASMINE VOTIVE CANDLE,Home & Living,Candle,2970,732.66,62
85230G,ORANGE VOTIVE CANDLE,Home & Living,Candle,1728,439.68,46
85231B,CINAMMON SET OF 9 T-LIGHTS,Electronics,Light,2156,1979.93,384
85231E,STRAWBERRY SCENTED SET/9 T-LIGHTS,Electronics,Light,836,696.08,106
85231G,ORANGE SCENTED SET/9 T-LIGHTS,Electronics,Light,1496,1304.06,253
85231L,LAVENDER SCENTED SET/9 T-LIGHTS,Electronics,Light,1043,841.75,116
85231b,CINAMMON SET OF 9 T-LIGHTS,Electronics,Light,4,6.58,4
85231e,STRAWBERRY SCENTED SET/9 T-LIGHTS,Electronics,Light,1,1.66,1
85231g,ORANGE SCENTED SET/9 T-LIGHTS,Electronics,Light,6,9.78,6
85232A,SET/3 POLKA DOT STACKING TINS,Home & Living,Tin,376,1894.83,138
85232B,SET/3 RUSSIAN DOLL STACKING TINS,Home & Living,Tin,3088,15466.18,539
85232C,RUSSIAN FOLKART STACKING TINS,Home & Living,Tin,1,4.95,1
85232D,SET/3 DECOUPAGE STACKING TINS,Home & Living,Tin,724,3766.17,223
85232a,SET/3 POLKA DOT STACKING TINS,Home & Living,Tin,2,20.34,2
85232b,SET/3 RUSSIAN DOLL STACKING TINS,Home & Living,Tin,25,254.47,22
85232d,SET/3 DECOUPAGE STACKING TINS,Home & Living,Tin,1,10.17,1
90000A,RASPBERRY ANT COPPER FLOWER NECKLAC,Home & Living,General,33,198.98,21
90000B,MIDNIGHT BLUE COPPER FLOWER NECKLAC,Home & Living,General,30,183.66,21
90000C,OPAL WHITE/SILVER FLOWER NECKLACE,Accessories,Necklace,2,12.32,2
90000D,COPPER/OLIVE GREEN FLOWER NECKLACE,Accessories,Necklace,54,332.86,34
90001A,ANTIQUE RASPBERRY FLOWER EARRINGS,Home & Living,General,11,46.6,10
90001B,ANTIQUE MID BLUE FLOWER EARRINGS,Home & Living,General,13,55.12,10
90001C,ANTIQUE OPAL WHITE FLOWER EARRINGS,Home & Living,General,12,50.94,10
90001D,ANTIQUE OLIVE GREEN FLOWER EARRINGS,Home & Living,General,21,89.2,11
90002A,FLOWER BURST SILVER RING OPAL,Accessories,Ring,39,146.25,14
90002B,FLOWER BURST SILVER RING ROSE,Accessories,Ring,22,82.74,11
90002C,FLOWER BURST SILVER RING MIDN'T BLU,Accessories,Ring,33,124.38,19
90002D,FLOWER BURST SILVER RING CRYSTAL,Accessories,Ring,110,388.24,34
90002E,FLOWER BURST SILVER RING GREEN,Accessories,Ring,18,67.77,11
90003B,ROSE COLOUR PAIR HEART HAIR SLIDES,Gifts,Heart,45,169.62,25
90003C,MIDNIGHT BLUE PAIR HEART HAIR SLIDE,Gifts,Heart,53,199.16,35
90003D,CRYSTAL PAIR HEART HAIR SLIDES,Gifts,Heart,60,226.17,32
90003E,GREEN PAIR HEART HAIR SLIDES,Gifts,Heart,35,131.62,22
90004A,JADE GREEN PAIR ENAMEL HAIR SLIDES,Home & Living,General,1,3.75,1
90005A,JADE GREEN ENAMEL HAIR COMB,Home & Living,General,108,221.09,57
90010A,MIDNIGHT BLUE GLASS/SILVER BRACELET,Accessories,Bracelet,50,452.8,30
90010B,BLACK/WHITE GLASS/SILVER BRACELET,Accessories,Bracelet,65,596.74,34
90010E,AMBER GLASS/SILVER BRACELET,Accessories,Bracelet,60,539.01,35
90011A,MIDNIGHT BLUE CRYSTAL DROP EARRINGS,Home & Living,General,15,44.28,15
90011B,BLACK CRYSTAL DROP EARRINGS,Home & Living,General,20,59.06,15
90011C,GREEN CRYSTAL DROP EARRINGS,Home & Living,General,12,35.33,7
90011D,PURPLE CRYSTAL DROP EARRINGS,Home & Living,General,5,14.75,5
90011E,AMBER CRYSTAL DROP EARRINGS,Home & Living,General,8,23.61,8
90012A,MIDNIGHT BLUE DROP CRYSTAL NECKLACE,Accessories,Necklace,13,74.38,7
90012B,BLACK DROP CRYSTAL NECKLACE,Accessories,Necklace,17,85.9,6
90013A,MIDNIGHT BLUE VINTAGE EARRINGS,Home & Living,General,118,445.7,77
90013B,BLACK VINTAGE EARRINGS,Home & Living,General,108,445.88,79
90013C,GREEN VINTAGE EARRINGS,Home & Living,General,92,370.51,56
90013D,PURPLE VINTAGE EARRINGS,Home & Living,General,46,178.11,17
90013E,AMBER VINTAGE EARRINGS,Home & Living,General,2,8.57,2
90014A,SILVER/MOP ORBIT NECKLACE,Accessories,Necklace,55,502.01,40
90014B,GOLD M PEARL  ORBIT NECKLACE,Accessories,Necklace,36,354.28,28
90014C,SILVER/BLACK ORBIT NECKLACE,Accessories,Necklace,29,284.68,20
90016A,SILVER/M.O.P PENDANT ORBIT NECKLACE,Accessories,Necklace,29,207.86,16
90016B,GOLD/M.O.P PENDANT ORBIT NECKLACE,Accessories,Necklace,37,312.14,30
90016C,SILVER/BLACK PENDANT ORBIT NECKLACE,Accessories,Necklace,17,144.07,14
90018A,SILVER M.O.P ORBIT DROP EARRINGS,Home & Living,General,79,333.97,56
90018B,GOLD M.O.P ORBIT DROP EARRINGS,Home & Living,General,41,173.1,31
90018C,SILVER BLACK ORBIT DROP EARRINGS,Home & Living,General,28,118.51,20
90019A,SILVER M.O.P ORBIT BRACELET,Accessories,Bracelet,70,365.61,51
90019B,GOLD M.O.P ORBIT BRACELET,Accessories,Bracelet,33,174.13,28
90019C,SILVER BLACK ORBIT BRACELET,Accessories,Bracelet,42,224.4,34
90020,FILIGREE DIAMANTE CHAIN,Home & Living,General,6,76.23,4
90021,LASER CUT MULTI STRAND NECKLACE,Accessories,Necklace,5,59.75,4
90022,EDWARDIAN DROP EARRINGS JET BLACK,Home & Living,General,42,158.6,32
90023,FILIGREE DIAMANTE EARRINGS,Home & Living,General,32,135.98,21
90024A,NEW BAROQUE B'FLY NECKLACE BLACK,Accessories,Necklace,5,42.5,4
90024B,NEW BAROQUE B'FLY NECKLACE RED,Accessories,Necklace,26,220.74,22
90024C,NEW BAROQUE B'FLY NECKLACE GREEN,Accessories,Necklace,12,101.97,10
90024D,NEW BAROQUE B'FLY NECKLACE PINK,Accessories,Necklace,15,127.5,13
90024E,NEW BAROQUE B'FLY NECKLACE MONTANA,Accessories,Necklace,16,135.98,11
90024F,NEW BAROQUE B'FLY NECKLACE CRYSTAL,Accessories,Necklace,8,67.61,6
90025A,BAROQUE BUTTERFLY EARRINGS BLACK,Home & Living,General,2,7.5,2
90025B,BAROQUE BUTTERFLY EARRINGS RED,Home & Living,General,3,11.29,3
90025C,BAROQUE BUTTERFLY EARRINGS GREEN,Home & Living,General,6,22.56,6
90025D,BAROQUE BUTTERFLY EARRINGS PINK,Home & Living,General,5,18.69,5
90025E,BAROQUE BUTTERFLY EARRINGS MONTANA,Home & Living,General,7,26.5,7
90025F,BAROQUE BUTTERFLY EARRINGS CRYSTAL,Home & Living,General,8,30.23,8
90026A,GLASS BEAD HOOP NECKLACE BLACK,Accessories,Necklace,11,93.47,9
90026B,GLASS BEAD HOOP NECKLACE MONTANA,Accessories,Necklace,8,67.82,7
90026C,GLASS BEAD HOOP NECKLACE GREEN,Accessories,Necklace,8,67.82,6
90026D,GLASS BEAD HOOP NECKLACE AMETHYST,Accessories,Necklace,10,85.0,8
90027A,GLASS BEAD HOOP EARRINGS BLACK,Home & Living,Glass,10,29.48,6
90027B,GLASS BEAD HOOP EARRINGS MONTANA,Home & Living,Glass,13,38.28,10
90027C,GLASS BEAD HOOP EARRINGS GREEN,Home & Living,Glass,14,41.17,12
90027D,GLASS BEAD HOOP EARRINGS AMETHYST,Home & Living,Glass,23,72.18,16
90028,NEW BAROQUE LARGE NECKLACE BLK/WHIT,Accessories,Necklace,32,270.27,24
90029,NEW BAROQUE SMALL NECKLACE BLACK,Accessories,Necklace,23,195.14,12
90030A,SPOTTED WHITE NATURAL SEED NECKLACE,Accessories,Necklace,79,113.76,10
90030B,RED KUKUI COCONUT SEED NECKLACE,Accessories,Necklace,140,298.02,36
90030C,BROWN KUKUI COCONUT SEED NECKLACE,Accessories,Necklace,88,157.24,16
90031,BILI NUT AND WOOD NECKLACE,Accessories,Necklace,52,71.9,9
90032,IVORY SHELL HEART NECKLACE,Gifts,Heart,48,271.88,24
90033,IVORY SHELL HEART EARRINGS,Gifts,Heart,23,58.43,18
90034,WHITE SILVER NECKLACE SHELL GLASS,Accessories,Necklace,6,60.67,5
90035A,"PEARL & SHELL 42""NECKL. GREEN",Home & Living,General,24,257.55,16
90035B,"PEARL & SHELL 42""NECKL. PINK",Home & Living,General,43,380.89,4
90035C,"PEARL & SHELL 42""NECKL. IVORY",Home & Living,General,28,301.0,5
90036A,FLOWER GARLAND NECKLACE RED,Accessories,Necklace,27,215.76,20
90036B,"FLOWER GLASS GARLAND NECKL.36""GREEN",Home & Living,Glass,18,143.1,10
90036C,"FLOWER GLASS GARLAND NECKL.36""BLUE",Home & Living,Glass,31,246.83,15
90036D,"FLOWER GLASS GARLAND NECKL.36""BLACK",Home & Living,Glass,39,310.24,16
90036E,"FLOWER GLASS GARLD NECKL36""AMETHYST",Home & Living,Glass,45,358.87,28
90036F,"FLOWER GLASS GARLD NECKL36""TURQUOIS",Home & Living,Glass,26,208.31,15
90037A,TINY CRYSTAL BRACELET RED,Accessories,Bracelet,26,66.31,12
90037B,TINY CRYSTAL BRACELET GREEN,Accessories,Bracelet,28,71.17,10
90037C,TINY CRYSTAL BRACELET BLUE,Accessories,Bracelet,27,68.63,13
90037D,TINY CRYSTALS BRACELET BLACK,Accessories,Bracelet,14,35.87,8
90038A,GLASS AND PAINTED BEADS BRACELET TO,Accessories,Bracelet,36,135.8,22
90038B,GLASS AND PAINTED BEADS BRACELET OL,Accessories,Bracelet,21,79.19,13
90038C,GLASS AND BEADS BRACELET IVORY,Accessories,Bracelet,19,71.46,9
90039A,FIRE POLISHED GLASS BRACELET RED,Accessories,Bracelet,10,37.61,5
90039B,FIRE POLISHED GLASS BRACELET MONTAN,Accessories,Bracelet,22,82.8,11
90039C,FIRE POLISHED GLASS BRACELET BLACK,Accessories,Bracelet,24,90.46,12
90039D,FIRE POLISHED GLASS BRACELET GREEN,Accessories,Bracelet,44,166.47,24
90040A,MURANO STYLE GLASS BRACELET RED,Accessories,Bracelet,53,207.05,34
90040B,MURANO STYLE GLASS BRACELET BLACK,Accessories,Bracelet,73,263.59,36
90040C,MURANO STYLE GLASS BRACELET GOLD,Accessories,Bracelet,42,150.56,21
90040D,MURANO STYLE GLASS BRACELET PINK,Accessories,Bracelet,41,148.87,25
90041,PEARL AND CHERRY QUARTZ BRACLET,Home & Living,General,7,25.67,6
90042A,FRESHWATER PEARL BRACELET GOLD,Accessories,Bracelet,63,160.79,33
90042B,FRESHWATER PEARL BRACELET PINK,Accessories,Bracelet,17,43.35,6
90042C,FRESHWATER PEARL BRACELET IVORY,Accessories,Bracelet,59,150.21,26
90043,COPPER AND BRASS BAG CHARM,Accessories,Bag,10,54.51,6
90046,WHITE WITH METAL BAG CHARM,Accessories,Bag,13,64.35,7
90048,GREEN WITH METAL BAG CHARM,Accessories,Bag,31,158.89,8
90049,IVORY GOLD METAL BAG CHARM,Accessories,Bag,20,114.24,6
90050,CRACKED GLAZE NECKLACE IVORY,Accessories,Necklace,11,77.11,6
90051,CRACKED GLAZE NECKLACE RED,Accessories,Necklace,17,119.89,11
90052,CRACKED GLAZE NECKLACE BROWN,Accessories,Necklace,7,49.58,5
90053,CRACKED GLAZE EARRINGS IVORY,Home & Living,General,11,27.78,10
90054,CRACKED GLAZE EARRINGS RED,Home & Living,General,19,48.11,17
90055,CRACKED GLAZE EARRINGS BROWN,Home & Living,General,10,25.28,10
90056,CHUNKY CRACKED GLAZE NECKLACE IVORY,Accessories,Necklace,20,218.99,14
90057,DIAMANTE RING ASSORTED IN BOX.,Gifts,Box,1804,2675.88,37
90058A,CRYSTAL STUD EARRINGS CLEAR DISPLAY,Home & Living,General,576,218.88,13
90058B,CRYSTAL STUD EARRINGS ASSORTED COL,Home & Living,General,1118,547.24,29
90059A,DIAMANTE HAIR GRIP PACK/2 CRYSTAL,Home & Living,General,96,160.36,48
90059B,DIAMANTE HAIR GRIP PACK/2 BLACK DIA,Home & Living,General,31,51.55,16
90059C,DIAMANTE HAIR GRIP PACK/2 MONTANA,Home & Living,General,42,69.83,23
90059D,DIAMANTE HAIR GRIP PACK/2 PERIDOT,Home & Living,General,65,108.43,40
90059E,DIAMANTE HAIR GRIP PACK/2 RUBY,Home & Living,General,57,94.95,33
90059F,DIAMANTE HAIR GRIP PACK/2 LT ROSE,Home & Living,General,48,79.87,27
90060B,FIRE POLISHED GLASS NECKL GOLD,Home & Living,Glass,7,41.65,4
90060C,FIRE POLISHED GLASS NECKL SILVER,Home & Living,Glass,7,41.65,3
90060D,FIRE POLISHED GLASS NECKL BRONZE,Home & Living,Glass,13,77.35,8
90060F,FIRE POLISHED GLASS NECKL GREEN,Home & Living,Glass,30,178.03,18
90062,CARNIVAL BRACELET,Accessories,Bracelet,208,2642.42,109
90063A,WHITE VINT ART DECO CRYSTAL NECKLAC,Home & Living,General,21,178.48,13
90063B,BLACK VINT ART DEC CRYSTAL NECKLACE,Accessories,Necklace,20,170.17,14
90064A,WHITE VINTAGE CRYSTAL EARRINGS,Home & Living,General,20,79.14,12
90064B,BLACK VINTAGE  CRYSTAL EARRINGS,Home & Living,General,21,78.75,12
90065A,WHITE VINTAGE CRYSTAL BRACELET,Accessories,Bracelet,28,193.96,16
90065B,BLACK VINT ART DEC CRYSTAL BRACELET,Accessories,Bracelet,24,168.37,16
90066A,PINK VINTAGE VICTORIAN CHOKER,Home & Living,General,5,33.75,2
90067A,PINK VINTAGE VICTORIAN EARRINGS,Home & Living,General,33,97.24,16
90067B,BROWN VINTAGE VICTORIAN EARRINGS,Home & Living,General,16,47.12,6
90068,"RUBY GLASS NECKLACE 42""",Accessories,Necklace,2,15.0,2
90069,RUBY GLASS CLUSTER NECKLACE,Accessories,Necklace,11,82.5,5
90070,RUBY GLASS CLUSTER BRACELET,Accessories,Bracelet,63,385.15,35
90071,RUBY GLASS CLUSTER EARRINGS,Home & Living,Glass,92,115.29,73
90072,RUBY DROP CHANDELIER EARRINGS,Home & Living,General,44,176.31,30
90073,VINTAGE ENAMEL & CRYSTAL EARRINGS,Home & Living,General,52,260.52,34
90074,BLACK DIAMOND CLUSTER NECKLACE,Accessories,Necklace,8,73.86,6
90075,MONTANA DIAMOND CLUSTER NECKLACE,Accessories,Necklace,10,92.18,8
90076,MONTANA DIAMOND CLUSTER EARRINGS,Home & Living,General,12,33.0,7
90077,BLACK DIAMOND CLUSTER EARRINGS,Home & Living,General,6,17.36,5
90078,PINK/WHITE GLASS DEMI CHOKER,Home & Living,Glass,9,67.64,5
90079,VINTAGE ENAMEL & CRYSTAL NECKLACE,Accessories,Necklace,21,104.77,13
90081A,LILY BROOCH AMETHYST COLOUR,Home & Living,General,51,252.7,24
90081B,LILY BROOCH WHITE/SILVER COLOUR,Home & Living,General,7,34.65,3
90081C,LILY BROOCH OLIVE COLOUR,Home & Living,General,51,255.56,36
90082A,DIAMANTE BOW BROOCH GREEN COLOUR,Gifts,Bow,60,385.46,32
90082B,DIAMANTE BOW BROOCH RED COLOUR,Gifts,Bow,68,431.8,25
90082C,DIAMANTE BOW BROOCH WHITE COLOUR,Gifts,Bow,3,19.93,3
90082D,DIAMANTE BOW BROOCH BLACK COLOUR,Gifts,Bow,111,715.15,51
90083,CRYSTAL CZECH CROSS PHONE CHARM,Electronics,Phone,52,48.08,15
90084,PINK CRYSTAL GUITAR PHONE CHARM,Electronics,Phone,64,54.4,9
90085,CRYSTAL STILETTO PHONE CHARM,Electronics,Phone,313,278.85,29
90086,CRYSTAL FROG PHONE CHARM,Electronics,Phone,219,186.96,46
90087,CRYSTAL SEA HORSE PHONE CHARM,Electronics,Phone,313,252.88,53
90088,CRYSTAL KEY+LOCK PHONE CHARM,Electronics,Phone,101,86.7,14
90089,PINK CRYSTAL SKULL PHONE CHARM,Electronics,Phone,117,95.84,26
90090,PINK CRYSTAL HEART PHONE CHARM,Electronics,Phone,263,227.72,22
90091,CRYSTAL DRAGONFLY PHONE CHARM,Electronics,Phone,3,2.55,2
90092,BLUE CRYSTAL BOOT PHONE CHARM,Electronics,Phone,102,87.51,10
90093,CLEAR CRYSTAL STAR PHONE CHARM,Electronics,Phone,210,167.0,25
90094,NECKLACE+BRACELET SET FRUIT SALAD,Accessories,Necklace,76,192.72,38
90095,NECKLACE+BRACELET SET PINK BLOSSOM,Accessories,Necklace,8,22.91,3
90096,NECKLACE+BRACELET SET BLUE BLOSSOM,Accessories,Necklace,113,266.44,49
90098,NECKLACE+BRACELET PINK BUTTERFLY,Accessories,Necklace,141,311.48,55
90099,NECKLACE+BRACELET SET BLUE HIBISCUS,Accessories,Necklace,49,155.07,25
90100,NECKLACE+BRACELET SET PINK DAISY,Accessories,Necklace,30,76.5,12
90101,WHITE FRANGIPANI NECKLACE,Accessories,Necklace,53,133.7,29
90102,WHITE FRANGIPANI HAIR CLIP,Home & Living,General,19,16.11,4
90103,PURPLE FRANGIPANI NECKLACE,Accessories,Necklace,44,110.85,30
90104,PURPLE FRANGIPANI HAIRCLIP,Home & Living,General,134,112.28,49
90108,BLUE BLOSSOM HAIR CLIP,Home & Living,General,109,125.83,21
90111,BLUE HIBISCUS  HAIR CLIP,Home & Living,General,8,8.4,6
90112,PINK DOLLY HAIR CLIPS,Home & Living,General,84,91.25,20
90114,SUMMER DAISIES BAG CHARM,Accessories,Bag,207,519.2,111
90115,SUMMER BUTTERFLIES BAG CHARM,Accessories,Bag,115,296.53,60
90116,FRUIT SALAD BAG CHARM,Accessories,Bag,108,230.54,63
90118,PINK DAISY BAG CHARM,Accessories,Bag,42,107.39,29
90119,METALIC LEAVES BAG CHARMS,Accessories,Bag,98,245.62,42
90120A,PINK MURANO TWIST BRACELET,Accessories,Bracelet,94,399.92,41
90120B,BLUE MURANO TWIST BRACELET,Accessories,Bracelet,108,455.68,42
90120C,GREEN MURANO TWIST BRACELET,Accessories,Bracelet,111,470.8,58
90120D,WHITE MURANO TWIST BRACELET,Accessories,Bracelet,134,554.13,40
90121B,VINTAGE ROSE BEAD BRACELET BLUE,Accessories,Bracelet,19,80.75,9
90122A,PINK CRYSTAL+GLASS BRACELET,Accessories,Bracelet,56,278.84,31
90122B,JADE CRYSTAL+GLASS BRACELET,Accessories,Bracelet,46,228.99,26
90122C,TURQUOISE CRYSTAL+GLASS BRACELET,Accessories,Bracelet,54,269.1,30
90123A,PINK HEART OF GLASS BRACELET,Gifts,Heart,37,220.02,19
90123B,TURQUOISE HEART OF GLASS BRACELET,Gifts,Heart,28,166.59,13
90123C,GREEN HEART OF GLASS BRACELET,Gifts,Heart,27,160.75,12
90123D,WHITE HEART OF GLASS BRACELET,Gifts,Heart,29,172.39,14
90124A,PINK MURANO TWIST NECKLACE,Accessories,Necklace,30,299.28,20
90124B,BLUE MURANO TWIST NECKLACE,Accessories,Necklace,40,401.35,30
90124C,GREEN MURANO TWIST NECKLACE,Accessories,Necklace,22,220.21,16
90125A,PINK BERTIE GLASS BEAD BAG CHARM,Accessories,Bag,149,183.97,18
90125B,AQUA BERTIE GLASS BEAD BAG CHARM,Accessories,Bag,44,79.57,17
90125C,TURQUOISE BERTIE GLASS BEAD CHARM,Accessories,Charm,92,101.35,10
90125D,PURPLE BERTIE GLASS BEAD BAG CHARM,Accessories,Bag,136,223.74,36
90125E,AMBER BERTIE GLASS BEAD BAG CHARM,Accessories,Bag,18,44.19,17
90126A,PINK BERTIE MOBILE PHONE CHARM,Electronics,Phone,20,37.14,5
90126B,BLUE BERTIE MOBILE PHONE CHARM,Electronics,Phone,3,8.48,3
90126C,AMBER BERTIE MOBILE PHONE CHARM,Electronics,Phone,21,42.1,5
90127A,PINK BEADS+HAND PHONE CHARM,Electronics,Phone,14,19.92,2
90127B,BLUE BEADS+HAND PHONE CHARM,Electronics,Phone,2,2.5,2
90128A,PINK LEAVES AND BEADS PHONE CHARM,Electronics,Phone,34,51.22,10
90128B,BLUE LEAVES AND BEADS PHONE CHARM,Electronics,Phone,20,27.52,6
90128C,GREEN LEAVES AND BEADS PHONE CHARM,Electronics,Phone,18,27.55,6
90128D,PURPLE LEAVES AND BEADS PHONE CHAR,Electronics,Phone,14,23.75,7
90129A,PINK GLASS TASSLE BAG CHARM,Accessories,Bag,156,303.68,73
90129B,TURQUOISE GLASS TASSLE BAG CHARM,Accessories,Bag,150,336.59,62
90129C,GREEN GLASS TASSLE BAG CHARM,Accessories,Bag,110,248.36,51
90129D,AMBER GLASS TASSLE BAG CHARM,Accessories,Bag,69,166.18,34
90129E,PURPLE GLASS TASSLE BAG CHARM,Accessories,Bag,133,269.78,59
90129F,RED GLASS TASSLE BAG CHARM,Accessories,Bag,87,194.51,41
90130A,WHITE STONE/CRYSTAL EARRINGS,Home & Living,General,28,82.51,16
90130B,TURQ STONE/CRYSTAL EARRINGS,Home & Living,General,66,194.01,49
90130C,GREEN STONE/CRYSTAL EARRINGS,Home & Living,General,26,76.58,24
90130D,RED STONE/CRYSTAL EARRINGS,Home & Living,General,13,38.31,8
90131,PINK/AMETHYST/GOLD NECKLACE,Accessories,Necklace,10,69.62,5
90132,LIGHT TOPAZ TEAL/AQUA COL NECKLACE,Electronics,Light,8,40.72,7
90133,TEAL/FUSCHIA COL BEAD NECKLACE,Accessories,Necklace,47,236.46,36
90134,OLD ROSE COMBO BEAD NECKLACE,Accessories,Necklace,127,373.88,96
90135,ORANGE/WHT/FUSCHIA STONES NECKLACE,Accessories,Necklace,9,44.75,3
90135A,ORANGE/FUSCHIA STONES NECKLACE,Accessories,Necklace,11,54.62,4
90136,PALE PINK/AMETHYST STONE NECKLACE,Accessories,Necklace,4,40.47,3
90137,PINK COMBO MINI CRYSTALS NECKLACE,Accessories,Necklace,26,132.52,15
90138,WHITE/PINK MINI CRYSTALS NECKLACE,Accessories,Necklace,25,131.15,17
90139,FLOWER BROOCH 4 ASSORTED COLOURS,Home & Living,General,23,118.24,18
90140,PINK SWEETIE NECKLACE,Accessories,Necklace,10,75.54,7
90141A,GREEN PENDANT TRIPLE SHELL NECKLACE,Accessories,Necklace,21,110.46,17
90141B,IVORY PENDANT TRIPLE SHELL NECKLACE,Accessories,Necklace,14,70.03,9
90141C,TURQ PENDANT TRIPLE SHELL NECKLACE,Accessories,Necklace,16,83.69,13
90141D,ROSE PENDANT TRIPLE SHELL NECKLACE,Accessories,Necklace,7,36.33,5
90141E,ORANGE PENDANT TRIPLE SHELL NECKLAC,Home & Living,General,10,50.06,5
90142A,GREEN PENDANT SHELL NECKLACE,Accessories,Necklace,5,25.45,4
90142B,IVORY PENDANT SHELL NECKLACE,Accessories,Necklace,1,5.09,1
90142C,ROSE PINK PENDANT SHELL NECKLACE,Accessories,Necklace,1,5.09,1
90142D,MOP PENDANT SHELL NECKLACE,Accessories,Necklace,11,54.59,5
90143,SILVER BRACELET W PASTEL FLOWER,Accessories,Bracelet,83,629.7,41
90144,SILVER DROP EARRINGS WITH FLOWER,Home & Living,General,53,199.45,33
90145,SILVER HOOP EARRINGS WITH FLOWER,Home & Living,General,76,461.81,45
90146,FINE SILVER NECKLACE W PASTEL FLOWE,Accessories,Necklace,41,276.49,19
90147,CHUNKY SILVER NECKLACE PASTEL FLOWE,Accessories,Necklace,95,957.35,58
90148,LONG SILVER NECKLACE PASTEL FLOWER,Accessories,Necklace,28,356.73,18
90149,SILVER FLOWR PINK SHELL NECKLACE,Accessories,Necklace,62,410.26,9
90150,BLUE SHELL+SILVER NECKLACE,Accessories,Necklace,13,97.5,8
90151,SILVER/NATURAL SHELL NECKLACE,Accessories,Necklace,21,178.67,9
90152A,SILVER/NAT SHELL NECKLACE W PENDANT,Accessories,Necklace,7,40.34,7
90152B,BLUE/GREEN SHELL NECKLACE W PENDANT,Accessories,Necklace,7,41.21,5
90152C,BLUE/NAT SHELL NECKLACE W PENDANT,Accessories,Necklace,7,41.65,4
90154,LAZER CUT NECKLACE W PASTEL BEADS,Accessories,Necklace,59,439.65,7
90155,RESIN NECKLACE W PASTEL BEADS,Accessories,Necklace,30,226.16,21
90156,RESIN BRACELET W PASTEL BEADS,Accessories,Bracelet,25,137.37,14
90157,RIVIERA NECKLACE,Accessories,Necklace,54,268.23,24
90158,ST TROPEZ NECKLACE,Accessories,Necklace,79,396.5,63
90159,COTE D'AZURE NECKLACE,Accessories,Necklace,38,188.58,20
90160A,PURPLE BOUDICCA LARGE BRACELET,Accessories,Bracelet,52,362.51,25
90160B,RED BOUDICCA LARGE BRACELET,Accessories,Bracelet,71,490.92,29
90160C,TURQ+RED BOUDICCA LARGE BRACELET,Accessories,Bracelet,98,684.22,45
90160D,PINK BOUDICCA LARGE BRACELET,Accessories,Bracelet,76,529.22,25
90161A,ANT COPPER RED BOUDICCA BRACELET,Accessories,Bracelet,73,365.23,43
90161B,ANT COPPER TURQ BOUDICCA BRACELET,Accessories,Bracelet,152,759.33,76
90161C,ANT COPPER LIME BOUDICCA BRACELET,Accessories,Bracelet,170,849.0,100
90161D,ANT COPPER PINK BOUDICCA BRACELET,Accessories,Bracelet,141,702.79,75
90162A,ANT SILVER TURQUOISE BOUDICCA RING,Accessories,Ring,30,88.5,11
90162B,ANT SILVER LIME GREEN BOUDICCA RING,Accessories,Ring,56,165.2,20
90162C,ANT SILVER FUSCHIA BOUDICCA RING,Accessories,Ring,42,123.9,16
90162D,ANT SILVER PURPLE BOUDICCA RING,Accessories,Ring,30,88.5,14
90163A,PINK ROSEBUD & PEARL NECKLACE,Accessories,Necklace,37,280.71,24
90163B,WHITE ROSEBUD & PEARL NECKLACE,Accessories,Necklace,13,98.45,9
90164A,PINK ROSEBUD PEARL BRACELET,Accessories,Bracelet,40,230.39,25
90164B,WHITE  ROSEBUD PEARL BRACELET,Accessories,Bracelet,67,362.94,35
90165A,PINK ROSEBUD PEARL EARRINGS,Home & Living,General,42,106.49,27
90165B,WHITE ROSEBUD  PEARL EARRINGS,Home & Living,General,52,131.65,35
90166,PINK & WHITE ROSEBUD RING,Accessories,Ring,41,173.18,31
90167,BEADED LOVE HEART JEWELLERY SET,Gifts,Heart,2207,1809.67,111
90168,2 DAISIES HAIR COMB,Home & Living,General,43,126.72,24
90169,DAISY HAIR COMB,Home & Living,General,42,106.49,23
90170,DAISY HAIR BAND,Home & Living,General,151,251.27,73
90171,DAISY RING,Accessories,Ring,47,59.65,27
90173,PAIR BUTTERFLY HAIR CLIPS,Home & Living,General,89,336.88,51
90174,BUTTERFLY HAIR BAND,Home & Living,General,51,128.66,32
90175A,WHITE GLASS CHUNKY CHARM BRACELET,Accessories,Bracelet,108,973.4,62
90175B,PINK GLASS CHUNKY CHARM BRACELET,Accessories,Bracelet,37,332.19,27
90175C,BLUE GLASS CHUNKY CHARM BRACELET,Accessories,Bracelet,39,350.85,20
90175D,TIGRIS EYE CHUNKY CHARM BRACELET,Accessories,Bracelet,60,545.72,41
90176A,CLASSIC DIAMANTE NECKLACE JET,Accessories,Necklace,10,75.88,7
90176B,DIAMANTE NECKLACE BLACK,Accessories,Necklace,5,37.62,4
90176C,DIAMANTE NECKLACE,Accessories,Necklace,10,77.0,6
90176D,DIAMANTE NECKLACE PURPLE,Accessories,Necklace,11,82.81,7
90176E,DIAMANTE NECKLACE GREEN,Accessories,Necklace,4,29.98,3
90177A,CLASSIC DIAMANTE EARRINGS JET,Home & Living,General,19,55.69,14
90177B,DROP DIAMANTE EARRINGS BLACK DIAMON,Home & Living,General,31,91.38,19
90177C,DROP DIAMANTE EARRINGS CRYSTAL,Home & Living,General,40,117.9,24
90177D,DROP DIAMANTE EARRINGS PURPLE,Home & Living,General,48,141.68,25
90177E,DROP DIAMANTE EARRINGS GREEN,Home & Living,General,29,85.67,22
90178A,AMBER CHUNKY GLASS+BEAD NECKLACE,Accessories,Necklace,30,358.26,21
90178B,PURPLE CHUNKY GLASS+BEAD NECKLACE,Accessories,Necklace,16,191.41,11
90179A,AMBER FINE BEAD NECKLACE W TASSEL,Accessories,Necklace,12,71.0,9
90179B,PURPLE FINE BEAD NECKLACE W TASSEL,Accessories,Necklace,11,65.31,9
90179C,BLACK FINE BEAD NECKLACE W TASSEL,Accessories,Necklace,20,118.73,16
90180A,BLACK+WHITE NECKLACE W TASSEL,Accessories,Necklace,45,406.59,28
90180B,PURPLE AMETHYST NECKLACE W TASSEL,Accessories,Necklace,18,179.88,14
90181A,AMBER GLASS/SHELL/PEARL NECKLACE,Accessories,Necklace,14,128.64,14
90181B,AMETHYST GLASS/SHELL/PEARL NECKLACE,Accessories,Necklace,27,249.95,24
90181C,BLACK GLASS/SHELL/PEARL NECKLACE,Accessories,Necklace,5,46.93,5
90182A,AMBER 3 BEAD DROP EARRINGS,Home & Living,General,9,26.16,9
90182B,AMETHYST 3 BEAD DROP EARRINGS,Home & Living,General,6,17.53,6
90182C,BLACK 3 BEAD DROP EARRINGS,Home & Living,General,19,55.74,13
90183A,AMBER DROP EARRINGS W LONG BEADS,Home & Living,General,54,158.61,31
90183B,AMETHYST DROP EARRINGS W LONG BEADS,Home & Living,General,29,84.89,24
90183C,BLACK DROP EARRINGS W LONG BEADS,Home & Living,General,13,38.12,13
90183c,BLACK DROP EARRINGS W LONG BEADS,Home & Living,General,1,2.9,1
90184A,AMBER CHUNKY BEAD BRACELET W STRAP,Accessories,Bracelet,47,425.57,25
90184B,AMETHYST CHUNKY BEAD BRACELET W STR,Accessories,Bracelet,74,670.23,47
90184C,BLACK CHUNKY BEAD BRACELET W STRAP,Accessories,Bracelet,75,679.13,49
90184c,BLACK CHUNKY BEAD BRACELET W STRAP,Accessories,Bracelet,1,9.15,1
90185A,AMBER DIAMANTE EXPANDABLE RING,Accessories,Ring,56,237.53,26
90185B,AMETHYST DIAMANTE EXPANDABLE RING,Accessories,Ring,68,288.68,34
90185C,BLACK DIAMANTE EXPANDABLE RING,Accessories,Ring,68,288.95,32
90185D,CRYSTAL DIAMANTE EXPANDABLE RING,Accessories,Ring,72,306.08,35
90186A,AMETHYST HOOP EARRING FLORAL LEAF,Home & Living,General,77,227.33,33
90186B,CRYSTAL HOOP EARRING FLORAL LEAF,Home & Living,General,58,171.22,31
90187A,BLUE DROP EARRINGS W BEAD CLUSTER,Home & Living,General,8,27.04,7
90187B,GREEN DROP EARRINGS W BEAD CLUSTER,Home & Living,General,22,73.99,15
90188,DROP EARRINGS W FLOWER & LEAF,Home & Living,General,25,63.59,20
90189A,SILVER 2 STRAND NECKLACE-LEAF CHARM,Accessories,Necklace,11,82.64,8
90189B,GOLD 2 STRAND NECKLACE-LEAF CHARMS,Accessories,Necklace,3,22.5,2
90190A,SILVER/CRYSTAL DROP EARRINGS W LEAF,Home & Living,General,44,129.59,31
90190B,GOLD/AMBER DROP EARRINGS W LEAF,Home & Living,General,45,132.58,15
90190C,SILVER/AMETHYST DROP EARRINGS LEAF,Home & Living,General,58,170.7,36
90191,SILVER LARIAT 40CM,Home & Living,General,40,342.6,21
90192,JADE DROP EARRINGS W FILIGREE,Home & Living,General,97,484.31,53
90194,SILVER LARIAT BLACK STONE EARRINGS,Home & Living,General,33,140.08,21
90195A,PURPLE GEMSTONE BRACELET,Accessories,Bracelet,75,629.95,44
90195B,BLACK GEMSTONE BRACELET,Accessories,Bracelet,62,550.19,26
90196A,PURPLE GEMSTONE NECKLACE 45CM,Accessories,Necklace,24,306.0,11
90196B,BLACK GEMSTONE NECKLACE 45CM,Accessories,Necklace,20,254.73,14
90197B,BLACK GLASS BRACELET W HEART CHARMS,Gifts,Heart,64,322.52,51
90197D,AMBER GLASS BRACELET HEART CHARMS,Gifts,Heart,9,44.55,4
90198A,VINTAGE ROSE BEAD BRACELET RASPBERR,Accessories,Bracelet,146,617.92,84
90198B,VINTAGE ROSE BEAD BRACELET BLACK,Accessories,Bracelet,106,450.4,49
90199A,5 STRAND GLASS NECKLACE BLACK,Accessories,Necklace,25,158.57,16
90199B,5 STRAND GLASS NECKLACE AMETHYST,Accessories,Necklace,37,234.98,31
90199C,5 STRAND GLASS NECKLACE CRYSTAL,Accessories,Necklace,106,629.74,31
90199D,5 STRAND GLASS NECKLACE AMBER,Accessories,Necklace,22,139.28,16
90200A,PURPLE SWEETHEART BRACELET,Accessories,Bracelet,185,783.66,99
90200B,BLACK SWEETHEART BRACELET,Accessories,Bracelet,186,788.2,84
90200C,BLUE SWEETHEART BRACELET,Accessories,Bracelet,211,895.84,98
90200D,PINK SWEETHEART BRACELET,Accessories,Bracelet,338,1418.97,150
90200E,GREEN SWEETHEART BRACELET,Accessories,Bracelet,214,895.2,91
90201A,PURPLE ENAMEL FLOWER RING,Accessories,Ring,130,382.84,54
90201B,BLACK ENAMEL FLOWER RING,Accessories,Ring,156,460.23,54
90201C,RED ENAMEL FLOWER RING,Accessories,Ring,119,350.94,46
90201D,GREEN ENAMEL FLOWER RING,Accessories,Ring,134,394.33,57
90202A,PURPLE ENAMEL FLOWER HAIR TIE,Home & Living,General,31,90.9,23
90202B,WHITE ENAMEL FLOWER HAIR TIE,Home & Living,General,24,70.49,16
90202C,GREEN ENAMEL FLOWER HAIR TIE,Home & Living,General,32,94.42,25
90202D,PINK ENAMEL FLOWER HAIR TIE,Home & Living,General,48,141.49,24
90203,SILVER CHARM NECKLACE 70CM,Accessories,Necklace,73,549.27,34
90204,PAIR OF ENAMEL BUTTERFLY HAIRCLIP,Home & Living,General,51,171.81,37
90205A,LARGE MINT DIAMANTE HAIRSLIDE,Home & Living,General,42,70.22,22
90205C,LARGE CRYSTAL DIAMANTE HAIRSLIDE,Home & Living,General,78,122.31,24
90206A,GOLD DIAMANTE STAR BROOCH,Gifts,Star,16,79.6,12
90206C,CRYSTAL DIAMANTE STAR BROOCH,Gifts,Star,82,412.65,57
90208,PAIR OF ENAMEL FLOWER CLUSTER SLIDE,Home & Living,General,161,391.91,68
90209A,PURPLE ENAMEL+GLASS HAIR COMB,Home & Living,Glass,173,325.5,10
90209B,GREEN ENAMEL+GLASS HAIR COMB,Home & Living,Glass,390,751.75,97
90209C,PINK ENAMEL+GLASS HAIR COMB,Home & Living,Glass,402,760.79,66
90210A,GREY ACRYLIC FACETED BANGLE,Home & Living,General,89,210.29,21
90210B,CLEAR ACRYLIC FACETED BANGLE,Home & Living,General,106,243.85,24
90210C,RED   ACRYLIC FACETED BANGLE,Home & Living,General,119,189.52,14
90210D,PURPLE ACRYLIC FACETED BANGLE,Home & Living,General,143,238.68,23
90211A,DIAMOND LAS VEGAS NECKLACE 45CM,Accessories,Necklace,31,184.39,21
90211B,JET BLACK LAS VEGAS NECKLACE 45CM,Accessories,Necklace,39,231.99,26
90212B,JET BLACK LAS VEGAS BRACELET ROUND,Accessories,Bracelet,41,155.13,28
90212C,PURPLE LAS VEGAS BRACELET ROUND,Accessories,Bracelet,18,67.5,7
90214A,"LETTER ""A"" BLING KEY RING",Accessories,Ring,219,218.75,104
90214B,"LETTER ""B"" BLING KEY RING",Accessories,Ring,80,76.98,40
90214C,"LETTER ""C"" BLING KEY RING",Accessories,Ring,176,172.28,69
90214D,"LETTER ""D"" BLING KEY RING",Accessories,Ring,103,93.37,50
90214E,"LETTER ""E"" BLING KEY RING",Accessories,Ring,148,144.38,67
90214F,"LETTER ""F"" BLING KEY RING",Accessories,Ring,47,39.23,27
90214G,"LETTER ""G"" BLING KEY RING",Accessories,Ring,104,96.58,48
90214H,"LETTER ""H"" BLING KEY RING",Accessories,Ring,88,81.96,53
90214I,"LETTER ""I"" BLING KEY RING",Accessories,Ring,64,62.7,27
90214J,"LETTER ""J"" BLING KEY RING",Accessories,Ring,162,166.52,88
90214K,"LETTER ""K"" BLING KEY RING",Accessories,Ring,158,162.6,83
90214L,"LETTER ""L"" BLING KEY RING",Accessories,Ring,179,168.61,68
90214M,"LETTER ""M"" BLING KEY RING",Accessories,Ring,146,147.42,64
90214N,"LETTER ""N"" BLING KEY RING",Accessories,Ring,82,80.2,43
90214O,"LETTER ""O"" BLING KEY RING",Accessories,Ring,37,32.27,18
90214P,"LETTER ""P"" BLING KEY RING",Accessories,Ring,80,69.14,33
90214R,"LETTER ""R"" BLING KEY RING",Accessories,Ring,97,99.23,50
90214S,"LETTER ""S"" BLING KEY RING",Accessories,Ring,191,188.89,86
90214T,"LETTER ""T"" BLING KEY RING",Accessories,Ring,57,55.57,24
90214U,"LETTER ""U"" BLING KEY RING",Accessories,Ring,13,4.73,2
90214V,"LETTER ""V"" BLING KEY RING",Accessories,Ring,41,32.33,24
90214W,"LETTER ""W"" BLING KEY RING",Accessories,Ring,19,10.17,8
90214Y,"LETTER ""Y"" BLING KEY RING",Accessories,Ring,69,26.19,10
90214Z,"LETTER ""Z"" BLING KEY RING",Accessories,Ring,32,22.34,18
ADJUST,Adjustment by john on 26/01/2010 16,Home & Living,General,36,8897.93,36
ADJUST2,Adjustment by Peter on Jun 25 2010,Home & Living,General,3,731.05,3
AMAZONFEE,AMAZON FEE,Home & Living,General,4,34009.13,3
B,Adjust bad debt,Home & Living,General,1,11062.06,1
BANK CHARGES,Bank Charges,Home & Living,General,35,534.24,33
C2,CARRIAGE,Home & Living,General,273,13676.0,267
D,Discount,Home & Living,General,196,397.89,5
DCGS0003,BOXED GLASS ASHTRAY,Gifts,Box,13,32.59,13
DCGS0004,HAYNES CAMPER SHOULDER BAG,Accessories,Bag,4,67.94,4
DCGS0037,KEY-RING CORKSCREW,Accessories,Ring,1,12.72,1
DCGS0041,HAYNES MINI-COOPER PLAYING CARDS,Gifts,Card,1,5.06,1
DCGS0044,HANDZ-OFF CAR FRESHENER,Home & Living,General,1,2.57,1
DCGS0058,MISO PRETTY  GUM,Home & Living,General,42,34.82,30
DCGS0062,ROAD-RAGE CAR FRESHENER,Home & Living,General,1,2.51,1
DCGS0066N,NAVY CUDDLES DOG HOODIE,Home & Living,General,2,17.3,2
DCGS0068,DOGS NIGHT COLLAR,Home & Living,General,2,17.12,2
DCGS0069,OOH LA LA DOGS COLLAR,Home & Living,General,5,80.31,5
DCGS0070,CAMOUFLAGE DOG COLLAR,Home & Living,General,2,25.44,2
DCGS0072,CAT CAMOUFLAGUE COLLAR,Home & Living,General,4,20.68,3
DCGS0075,CAMOUFLAGUE DOG LEAD,Home & Living,General,1,12.72,1
DCGS0076,SUNJAR LED NIGHT NIGHT LIGHT,Electronics,Light,18,292.09,14
DCGSSBOY,BOYS PARTY BAG,Accessories,Bag,77,251.35,21
DCGSSGIRL,GIRLS PARTY BAG,Accessories,Bag,92,295.63,23
DOT,DOTCOM POSTAGE,Home & Living,General,1436,322657.48,1415
M,Manual,Home & Living,General,10050,340716.28,784
PADS,PADS TO MATCH ALL CUSHIONS,Home & Living,Cushion,17,0.0,17
POST,POSTAGE,Home & Living,General,5461,127597.42,1851
S,SAMPLES,Home & Living,General,3,136.85,3
SP1002,KID'S CHALKBOARD/EASEL,Home & Living,General,5,14.75,2
TEST001,This is a test product.,Home & Living,General,50,225.0,9
TEST002,This is a test product.,Home & Living,General,1,1.0,1
gift_0001_10,Dotcomgiftshop Gift Voucher £10.00,Gifts,Gift,15,126.21,14
gift_0001_20,Dotcomgiftshop Gift Voucher £20.00,Gifts,Gift,28,471.06,26
gift_0001_30,Dotcomgiftshop Gift Voucher £30.00,Gifts,Gift,24,610.09,24
gift_0001_40,Dotcomgiftshop Gift Voucher £40.00,Gifts,Gift,5,166.09,5
gift_0001_50,Dotcomgiftshop Gift Voucher £50.00,Gifts,Gift,6,253.59,6
gift_0001_70,Dotcomgiftshop Gift Voucher £70.00,Gifts,Gift,1,59.57,1
gift_0001_80,Dotcomgiftshop Gift Voucher £80.00,Gifts,Gift,1,69.56,1
m,Manual,Home & Living,General,5,15.05,4
